date,ville,transaction_id,categorie,produit,prix_unitaire,quantite,remise_pct,moyen_paiement,is_dimanche
2024-06-12,Marrakech,T000001,Vetements,Sweat,761.72,2,15.0,Especes,False
2024-06-24,Marrakech,T000003,Alimentation,Pates,99.02,1,0.0,Carte,False
2024-02-26,Marrakech,T000004,Maison,Coussin,835.89,1,10.0,Carte,False
2024-04-16,Fes,T000006,Beaute,Parfum,571.02,2,5.0,En ligne,False
2024-06-18,Casablanca,T000007,Vetements,Jean,340.95,2,0.0,Carte,False
2024-05-15,Fes,T000008,Maison,Chaise,1377.93,1,15.0,Especes,False
2024-03-16,Marrakech,T000011,Electronique,Tablette,1784.76,2,5.0,Especes,False
2024-07-23,Fes,T000012,Maison,Chaise,1165.76,4,0.0,Carte,False
2024-02-14,Rabat,T000013,Alimentation,Huile,136.92,1,5.0,En ligne,False
2024-02-27,Tanger,T000014,Alimentation,Riz,81.37,2,0.0,En ligne,False
2024-08-15,Casablanca,T000015,Vetements,Robe,443.65,4,0.0,En ligne,False
2024-09-05,Rabat,T000016,Electronique,Smartphone,1015.04,1,0.0,En ligne,False
2024-07-30,Casablanca,T000018,Vetements,Jean,685.25,1,0.0,En ligne,False
2024-09-05,Rabat,T000019,Sports,Tapis Yoga,526.48,1,0.0,En ligne,False
2024-01-29,Rabat,T000021,Maison,Tapis,193.23,1,0.0,En ligne,False
2024-08-03,Casablanca,T000022,Alimentation,Huile,78.71,2,0.0,Carte,False
2024-05-21,Tanger,T000024,Sports,Chaussures Running,1472.57,1,5.0,Carte,False
2024-10-21,Tanger,T000025,Beaute,Parfum,506.32,1,0.0,En ligne,False
2024-09-10,Rabat,T000026,Electronique,Smartphone,1289.34,3,5.0,Especes,False
2024-06-14,Agadir,T000028,Maison,Table,612.33,1,,En ligne,False
2024-04-15,Fes,T000029,Beaute,Shampooing,541.21,1,5.0,Especes,False
2024-12-21,Tanger,T000031,Alimentation,Cafe,32.99,1,0.0,Especes,False
2024-04-06,Fes,T000032,Sports,Raquette,134.37,2,,En ligne,False
2024-04-05,Fes,T000033,Electronique,Tablette,2552.94,2,0.0,En ligne,False
2024-11-26,Fes,T000034,Maison,Tapis,150.84,3,10.0,En ligne,False
2024-04-08,Fes,T000035,Beaute,Maquillage,134.79,1,5.0,En ligne,False
2024-04-13,Tanger,T000036,Maison,Tapis,761.63,2,0.0,carte,False
2024-01-11,Tanger,T000037,Maison,Miroir,925.38,2,5.0,En ligne,False
2024-03-06,Tanger,T000038,Electronique,Ecouteurs,380.79,3,0.0,En ligne,False
2024-04-22,Tanger,T000039,Electronique,Ecouteurs,3133.02,1,15.0,Especes,False
2024-04-18,Agadir,T000040,Alimentation,Huile,31.77,2,0.0,Carte,False
2024-08-13,Fes,T000041,Vetements,T-shirt,820.24,2,,Carte,False
2024-06-25,Marrakech,T000042,Electronique,Clavier,2850.74,2,5.0,Carte,False
2024-02-02,Tanger,T000043,Alimentation,Cafe,74.8,1,,Especes,False
2024-07-06,Rabat,T000044,Electronique,Clavier,881.97,1,10.0,Carte,False
2024-07-20,Fes,T000045,Electronique,Ecouteurs,1783.99,2,15.0,Carte,False
2024-01-03,Tanger,T000046,Maison,Lampe,597.44,1,0.0,En ligne,False
2024-07-26,Marrakech,T000047,Maison,Coussin,1014.83,1,0.0,En ligne,False
2024-07-15,Tanger,T000048,Vetements,Veste,759.88,1,5.0,En ligne,False
2024-01-02,Rabat,T000049,Electronique,Souris,3223.85,1,0.0,Especes,False
2024-10-25,Casablanca,T000050,Sports,Halteres,1461.96,2,5.0,Especes,False
2024-01-02,Marrakech,T000052,Electronique,Souris,3470.85,1,0.0,Especes,False
2024-06-21,Rabat,T000055,Alimentation,Pates,212.9,2,10.0,Especes,False
2024-10-31,Rabat,T000056,Maison,Chaise,569.87,1,0.0,CB,False
2024-01-09,Casablanca,T000057,Alimentation,Pates,72.54,1,10.0,Carte,False
2024-08-31,Fes,T000058,Sports,Halteres,916.65,1,0.0,En ligne,False
2024-05-30,Casablanca,T000059,Maison,Lampe,1264.96,4,10.0,Carte,False
2024-02-28,Casablanca,T000060,Maison,Tapis,888.49,1,0.0,En ligne,False
2024-01-13,Agadir,T000061,Alimentation,Cereales,189.85,2,0.0,Especes,False
2024-05-10,Casablanca,T000062,Sports,Velo appartement,1158.67,1,10.0,En ligne,False
2024-02-26,Rabat,T000063,Sports,Tapis Yoga,463.12,2,0.0,En ligne,False
2024-11-13,Marrakech,T000065,Sports,Tapis Yoga,1569.69,2,0.0,Especes,False
2024-06-20,Casablanca,T000066,Alimentation,Cereales,96.07,1,0.0,Especes,False
2024-07-16,Agadir,T000067,Vetements,Sweat,691.7,4,0.0,Especes,False
2024-10-22,Agadir,T000068,Alimentation,Huile,88.26,3,5.0,Carte,False
2024-04-03,Tanger,T000069,Vetements,T-shirt,431.7,1,5.0,En ligne,False
2024-10-02,Tanger,T000070,Alimentation,Pates,90.28,1,15.0,En-ligne,False
2024-11-07,Tanger,T000071,Vetements,Veste,402.12,1,0.0,Carte,False
2024-09-18,Fes,T000072,Maison,Coussin,370.1,1,,En ligne,False
2024-02-26,Rabat,T000073,Sports,Ballon,534.71,2,10.0,En ligne,False
2024-05-09,Tanger,T000074,Sports,Chaussures Running,291.81,2,10.0,Carte,False
2024-09-19,Tanger,T000075,Alimentation,Cafe,129.38,1,0.0,En-ligne,False
2024-12-25,Fes,T000076,Alimentation,Riz,58.78,1,10.0,En ligne,False
2024-12-17,Casablanca,T000077,Alimentation,Pates,69.57,1,10.0,En ligne,False
2024-04-17,Casablanca,T000079,Electronique,Clavier,2098.86,1,0.0,Especes,False
2024-07-03,Tanger,T000080,Beaute,Creme,470.07,1,0.0,Carte,False
2024-11-19,Marrakech,T000081,Maison,Lampe,1224.72,3,0.0,Especes,False
2024-11-02,Marrakech,T000083,Maison,Tapis,849.2,1,10.0,Especes,False
2024-07-31,Casablanca,T000084,Alimentation,Huile,196.49,1,5.0,En ligne,False
2024-05-10,Tanger,T000086,Vetements,Jean,566.31,1,0.0,carte,False
2024-11-25,Marrakech,T000087,Vetements,Veste,164.99,2,15.0,Carte,False
2024-04-20,Rabat,T000088,Electronique,Casque,1198.65,1,15.0,En ligne,False
2024-12-23,Rabat,T000089,Electronique,Clavier,1004.66,2,0.0,En ligne,False
2024-10-01,Agadir,T000091,Vetements,Jean,376.95,2,0.0,En ligne,False
2024-03-29,Agadir,T000092,Electronique,Clavier,1727.65,1,0.0,Carte,False
2024-05-03,Agadir,T000093,Sports,Raquette,1071.14,1,5.0,En ligne,False
2024-10-04,Marrakech,T000094,Alimentation,The,202.89,1,0.0,En ligne,False
2024-07-12,Agadir,T000095,Maison,Lampe,302.59,1,0.0,En ligne,False
2024-04-11,Fes,T000096,Electronique,Smartphone,258.98,2,5.0,Carte,False
2024-02-09,Rabat,T000097,Beaute,Savon,304.79,1,15.0,Carte,False
2024-07-22,Rabat,T000100,Maison,Lampe,559.91,2,0.0,Especes,False
2024-05-22,Casablanca,T000101,Beaute,Shampooing,302.82,3,5.0,Especes,False
2024-09-20,Agadir,T000102,Alimentation,Cafe,72.71,2,10.0,Especes,False
2024-11-07,Casablanca,T000104,Alimentation,Cafe,93.96,1,0.0,Carte,False
2024-07-13,Agadir,T000105,Sports,Halteres,1641.33,1,0.0,Especes,False
2024-10-17,Casablanca,T000106,Sports,Chaussures Running,284.61,2,0.0,En ligne,False
2024-06-29,Agadir,T000107,Beaute,Maquillage,272.54,1,5.0,En ligne,False
2024-07-27,Fes,T000109,Electronique,Souris,2335.44,1,0.0,En ligne,False
2024-03-25,Rabat,T000110,Alimentation,Huile,99.85,1,5.0,En ligne,False
2024-09-05,Fes,T000111,Alimentation,Pates,35.73,1,5.0,En ligne,False
2024-06-24,Casablanca,T000112,Electronique,Clavier,2055.5,1,0.0,Especes,False
2024-09-25,Agadir,T000113,Sports,Tapis Yoga,384.18,2,0.0,Especes,False
2024-01-04,Agadir,T000114,Electronique,Casque,2006.1,2,15.0,Especes,False
2024-04-05,Marrakech,T000115,Alimentation,Cafe,50.22,2,10.0,En ligne,False
2024-03-23,Fes,T000116,Beaute,Shampooing,646.97,3,0.0,Carte,False
2024-07-19,Fes,T000117,Sports,Ballon,355.24,3,15.0,Carte,False
2024-12-03,Casablanca,T000118,Electronique,Tablette,1294.8,2,15.0,Especes,False
2024-09-05,Casablanca,T000119,Alimentation,The,217.69,1,0.0,Especes,False
2024-08-10,Fes,T000120,Vetements,Jean,200.85,3,15.0,CB,False
2024-12-05,Rabat,T000121,Beaute,Shampooing,283.38,1,0.0,Carte,False
2024-10-31,Tanger,T000122,Sports,Halteres,593.99,1,10.0,En ligne,False
2024-01-10,Rabat,T000125,Maison,Coussin,725.53,1,,Carte,False
2024-05-24,Fes,T000126,Electronique,Souris,2121.05,2,0.0,Carte,False
2024-07-15,Fes,T000127,Alimentation,Cafe,34.55,2,0.0,CB,False
2024-10-05,Agadir,T000128,Beaute,Serum,120.96,3,10.0,En ligne,False
2024-10-10,Rabat,T000130,Beaute,Shampooing,114.06,1,0.0,Carte,False
2024-09-02,Fes,T000131,Alimentation,Riz,103.81,2,0.0,Especes,False
2024-09-10,Tanger,T000132,Beaute,Creme,77.6,1,0.0,En ligne,False
2024-11-14,Marrakech,T000133,Maison,Lampe,959.66,1,0.0,En ligne,False
2024-03-18,Marrakech,T000134,Maison,Miroir,602.25,2,0.0,Especes,False
2024-06-17,Tanger,T000135,Beaute,Serum,462.64,1,5.0,Carte,False
2024-06-24,Fes,T000136,Vetements,Chaussures,731.12,2,0.0,Especes,False
2024-06-14,Fes,T000137,Alimentation,Pates,89.02,2,10.0,Especes,False
2024-10-04,Marrakech,T000139,Maison,Lampe,511.11,3,0.0,Carte,False
2024-12-09,Casablanca,T000140,Electronique,Smartphone,1007.7,1,5.0,Especes,False
2024-07-19,Agadir,T000141,Maison,Lampe,1175.46,2,5.0,Carte,False
2024-05-01,Agadir,T000142,Vetements,T-shirt,648.39,1,10.0,Carte,False
2024-12-13,Fes,T000143,Maison,Chaise,269.53,1,5.0,En ligne,False
2024-02-01,Marrakech,T000145,Maison,Miroir,1088.89,1,0.0,Carte,False
2024-10-22,Agadir,T000146,Maison,Miroir,370.64,1,0.0,Carte,False
2024-10-31,Casablanca,T000147,Vetements,Veste,699.7,2,5.0,carte,False
2024-10-18,Rabat,T000148,Sports,Ballon,285.75,2,0.0,Carte,False
2024-12-25,Casablanca,T000149,Vetements,Sweat,601.52,1,0.0,CB,False
2024-03-20,Casablanca,T000150,Beaute,Savon,694.55,2,0.0,Carte,False
2024-08-17,Tanger,T000152,Vetements,Chaussures,153.22,2,0.0,Carte,False
2024-02-14,Marrakech,T000153,Maison,Lampe,648.3,1,0.0,Carte,False
2024-11-20,Tanger,T000154,Beaute,Maquillage,677.12,1,0.0,En ligne,False
2024-02-28,Tanger,T000155,Maison,Lampe,1397.63,1,0.0,Carte,False
2024-12-13,Rabat,T000156,Sports,Chaussures Running,1701.41,2,10.0,Carte,False
2024-05-04,Casablanca,T000157,Beaute,Savon,42.71,1,,Carte,False
2024-03-16,Casablanca,T000158,Alimentation,Cafe,125.45,1,5.0,Carte,False
2024-03-12,Agadir,T000159,Maison,Chaise,1190.01,1,10.0,Carte,False
2024-07-09,Agadir,T000160,Vetements,Veste,356.2,1,0.0,Especes,False
2024-03-23,Fes,T000163,Electronique,Tablette,3132.89,2,5.0,Especes,False
2024-05-10,Rabat,T000164,Vetements,T-shirt,750.24,1,10.0,Especes,False
2024-06-03,Rabat,T000165,Alimentation,Huile,14.63,1,0.0,Carte,False
2024-10-04,Marrakech,T000166,Maison,Chaise,649.95,2,0.0,Carte,False
2024-09-13,Tanger,T000167,Electronique,Clavier,1250.73,1,10.0,En ligne,False
2024-11-22,Casablanca,T000168,Sports,Chaussures Running,330.94,2,10.0,Carte,False
2024-06-08,Marrakech,T000170,Electronique,Ecouteurs,2625.61,2,0.0,Especes,False
2024-04-06,Casablanca,T000172,Sports,Ballon,632.39,1,5.0,En ligne,False
2024-03-04,Rabat,T000173,Sports,Velo appartement,726.34,2,10.0,En ligne,False
2024-06-04,Agadir,T000174,Alimentation,The,147.31,1,0.0,En ligne,False
2024-12-19,Rabat,T000175,Beaute,Serum,454.43,2,0.0,Carte,False
2024-04-11,Tanger,T000176,Maison,Lampe,792.31,1,5.0,Carte,False
2024-12-27,Marrakech,T000177,Beaute,Shampooing,176.28,1,0.0,Especes,False
2024-01-16,Agadir,T000178,Beaute,Maquillage,78.61,1,0.0,Especes,False
2024-07-27,Rabat,T000179,Alimentation,Cafe,195.65,3,5.0,Carte,False
2024-01-24,Casablanca,T000180,Electronique,Souris,740.76,2,0.0,Especes,False
2024-02-09,Tanger,T000181,Alimentation,Cafe,170.38,1,0.0,Carte,False
2024-09-02,Fes,T000182,Sports,Velo appartement,658.61,2,0.0,En ligne,False
2024-07-25,Fes,T000183,Vetements,Veste,364.78,1,0.0,En ligne,False
2024-02-05,Tanger,T000186,Beaute,Serum,73.86,1,0.0,En ligne,False
2024-01-16,Fes,T000188,Alimentation,Cereales,130.86,2,0.0,Especes,False
2024-07-23,Agadir,T000190,Electronique,Clavier,3480.56,2,15.0,Carte,False
2024-10-25,Agadir,T000191,Alimentation,Pates,129.39,1,10.0,En ligne,False
2024-08-20,Fes,T000192,Alimentation,Huile,165.88,2,5.0,Especes,False
2024-12-25,Rabat,T000193,Alimentation,Cafe,122.16,1,0.0,Carte,False
2024-10-12,Agadir,T000194,Vetements,Sweat,190.31,2,10.0,Especes,False
2024-03-26,Rabat,T000195,Electronique,Ecouteurs,984.28,1,0.0,En-ligne,False
2024-11-18,Marrakech,T000196,Electronique,Casque,1016.76,1,0.0,CB,False
2024-10-19,Marrakech,T000197,Sports,Raquette,1732.53,1,5.0,Carte,False
2024-10-16,Fes,T000198,Alimentation,The,76.26,1,10.0,En ligne,False
2024-07-22,Casablanca,T000199,Maison,Miroir,1011.52,2,,Especes,False
2024-02-19,Tanger,T000200,Vetements,T-shirt,626.96,2,15.0,En ligne,False
2024-08-01,Marrakech,T000201,Vetements,Robe,567.19,1,0.0,Carte,False
2024-01-08,Tanger,T000202,Sports,Raquette,812.61,1,0.0,Carte,False
2024-03-18,Rabat,T000203,Vetements,Chaussures,660.51,2,0.0,En-ligne,False
2024-12-18,Agadir,T000206,Alimentation,Cafe,171.57,1,0.0,En ligne,False
2024-10-03,Tanger,T000207,Sports,Chaussures Running,1736.23,2,10.0,En ligne,False
2024-10-21,Agadir,T000208,Maison,Table,679.28,1,10.0,Carte,False
2024-12-17,Marrakech,T000209,Alimentation,Cafe,97.87,2,0.0,En ligne,False
2024-02-29,Marrakech,T000210,Vetements,T-shirt,261.16,2,0.0,Carte,False
2024-01-15,Rabat,T000212,Electronique,Clavier,2701.71,1,15.0,Carte,False
2024-01-03,Rabat,T000213,Maison,Table,623.35,2,0.0,En ligne,False
2024-07-15,Fes,T000214,Sports,Tapis Yoga,929.62,1,0.0,Especes,False
2024-08-12,Tanger,T000215,Beaute,Serum,602.73,2,0.0,En ligne,False
2024-06-06,Fes,T000216,Electronique,Souris,2248.05,1,10.0,En ligne,False
2024-10-12,Agadir,T000217,Vetements,Chaussures,561.07,1,0.0,Especes,False
2024-02-23,Tanger,T000218,Vetements,Robe,759.97,1,15.0,CB,False
2024-07-11,Agadir,T000219,Vetements,Chaussures,841.24,1,10.0,Especes,False
2024-06-27,Tanger,T000220,Maison,Chaise,163.79,1,15.0,En ligne,False
2024-08-08,Rabat,T000221,Vetements,Veste,754.13,2,15.0,Carte,False
2024-02-06,Rabat,T000223,Alimentation,Pates,96.1,1,0.0,En ligne,False
2024-04-12,Rabat,T000224,Electronique,Smartphone,2769.59,2,0.0,Especes,False
2024-06-04,Rabat,T000225,Electronique,Ecouteurs,3333.12,1,10.0,Carte,False
2024-02-16,Agadir,T000227,Electronique,Tablette,1708.06,1,5.0,Carte,False
2024-02-16,Fes,T000229,Sports,Tapis Yoga,348.85,2,5.0,En ligne,False
2024-04-27,Fes,T000230,Alimentation,Pates,23.44,3,10.0,En ligne,False
2024-09-27,Fes,T000231,Sports,Chaussures Running,800.7,1,5.0,En ligne,False
2024-11-20,Tanger,T000232,Vetements,Veste,460.53,2,5.0,Carte,False
2024-09-18,Agadir,T000233,Electronique,Smartphone,1374.5,1,10.0,En ligne,False
2024-08-20,Marrakech,T000234,Maison,Coussin,811.42,1,10.0,En ligne,False
2024-11-25,Agadir,T000235,Vetements,T-shirt,461.26,2,10.0,carte,False
2024-01-16,Rabat,T000236,Alimentation,Riz,78.23,1,0.0,Especes,False
2024-09-18,Agadir,T000237,Vetements,Chaussures,474.99,1,0.0,Carte,False
2024-01-24,Casablanca,T000238,Alimentation,The,64.6,2,0.0,En ligne,False
2024-08-27,Casablanca,T000239,Alimentation,Cafe,106.37,2,,En ligne,False
2024-07-08,Marrakech,T000240,Electronique,Smartphone,3211.36,2,0.0,En ligne,False
2024-10-15,Agadir,T000241,Maison,Coussin,949.42,3,0.0,Carte,False
2024-02-01,Fes,T000243,Maison,Tapis,1361.08,2,0.0,Especes,False
2024-07-11,Fes,T000244,Vetements,Jean,526.13,1,5.0,Especes,False
2024-09-09,Casablanca,T000245,Alimentation,The,162.41,1,0.0,En ligne,False
2024-09-11,Marrakech,T000246,Alimentation,Cereales,83.38,1,15.0,En ligne,False
2024-06-12,Fes,T000247,Sports,Raquette,746.18,1,10.0,En ligne,False
2024-02-29,Agadir,T000250,Sports,Halteres,163.26,2,10.0,CB,False
2024-05-09,Rabat,T000251,Sports,Halteres,854.39,2,0.0,Carte,False
2024-03-04,Rabat,T000253,Alimentation,Cafe,184.34,2,10.0,Carte,False
2024-11-28,Marrakech,T000254,Alimentation,The,164.4,1,0.0,Especes,False
2024-11-08,Rabat,T000255,Vetements,T-shirt,685.12,2,5.0,Carte,False
2024-05-22,Rabat,T000256,Electronique,Ecouteurs,3144.28,1,0.0,En ligne,False
2024-07-26,Casablanca,T000257,Alimentation,The,193.33,2,5.0,En ligne,False
2024-09-04,Marrakech,T000258,Alimentation,The,212.94,1,0.0,Especes,False
2024-08-30,Casablanca,T000259,Sports,Velo appartement,1003.71,1,15.0,Especes,False
2024-09-23,Agadir,T000261,Vetements,Chaussures,288.93,3,0.0,carte,False
2024-06-10,Fes,T000262,Sports,Raquette,325.72,1,0.0,En ligne,False
2024-07-23,Tanger,T000263,Sports,Halteres,1334.79,1,0.0,Especes,False
2024-11-01,Casablanca,T000264,Alimentation,Cafe,128.62,1,0.0,En ligne,False
2024-10-24,Marrakech,T000265,Sports,Halteres,619.0,1,0.0,Carte,False
2024-10-12,Agadir,T000266,Alimentation,Huile,157.98,1,0.0,En ligne,False
2024-08-23,Fes,T000268,Vetements,Robe,693.05,2,0.0,En ligne,False
2024-06-19,Rabat,T000269,Alimentation,The,112.01,1,15.0,Especes,False
2024-12-19,Marrakech,T000270,Electronique,Smartphone,1531.9,1,0.0,Carte,False
2024-09-12,Agadir,T000271,Alimentation,Pates,208.39,1,5.0,En ligne,False
2024-05-10,Agadir,T000272,Sports,Halteres,171.85,3,0.0,En ligne,False
2024-04-17,Agadir,T000273,Beaute,Serum,126.2,1,10.0,Especes,False
2024-09-24,Casablanca,T000274,Vetements,Sweat,576.87,1,5.0,Carte,False
2024-10-11,Fes,T000275,Alimentation,Cafe,115.16,2,10.0,Especes,False
2024-12-16,Agadir,T000276,Vetements,T-shirt,760.87,1,0.0,En ligne,False
2024-10-30,Marrakech,T000278,Beaute,Shampooing,525.96,1,0.0,carte,False
2024-06-07,Tanger,T000279,Electronique,Smartphone,849.3,2,5.0,Especes,False
2024-07-24,Rabat,T000280,Electronique,Clavier,2190.1,1,10.0,Especes,False
2024-10-10,Agadir,T000282,Maison,Tapis,206.47,1,15.0,Carte,False
2024-08-14,Agadir,T000283,Vetements,T-shirt,604.45,1,10.0,Especes,False
2024-05-11,Tanger,T000284,Beaute,Savon,672.07,2,10.0,Especes,False
2024-09-14,Agadir,T000285,Alimentation,Pates,51.73,1,0.0,Carte,False
2024-10-10,Agadir,T000286,Alimentation,Pates,105.34,1,5.0,Carte,False
2024-04-01,Casablanca,T000287,Alimentation,Riz,79.69,4,10.0,Carte,False
2024-06-05,Rabat,T000288,Vetements,Jean,537.93,1,0.0,En ligne,False
2024-04-01,Fes,T000289,Electronique,Tablette,1577.48,2,0.0,Carte,False
2024-05-31,Marrakech,T000291,Beaute,Maquillage,697.4,2,,Carte,False
2024-03-16,Casablanca,T000292,Alimentation,Pates,121.94,2,5.0,Especes,False
2024-09-24,Agadir,T000293,Maison,Coussin,756.62,1,15.0,En ligne,False
2024-08-06,Casablanca,T000294,Alimentation,Riz,95.79,2,15.0,En ligne,False
2024-07-18,Rabat,T000295,Beaute,Parfum,463.42,1,0.0,Carte,False
2024-11-29,Rabat,T000296,Vetements,Robe,465.47,1,0.0,En ligne,False
2024-04-05,Casablanca,T000298,Vetements,Sweat,624.18,4,0.0,En ligne,False
2024-06-11,Casablanca,T000299,Alimentation,Cafe,20.51,1,0.0,Carte,False
2024-03-21,Fes,T000300,Beaute,Parfum,345.51,1,0.0,carte,False
2024-02-02,Marrakech,T000301,Beaute,Shampooing,323.64,1,0.0,Especes,False
2024-09-11,Fes,T000302,Electronique,Souris,2410.86,1,10.0,CB,False
2024-02-15,Fes,T000303,Vetements,Robe,124.75,1,0.0,Carte,False
2024-03-28,Casablanca,T000304,Alimentation,Huile,165.21,3,5.0,Especes,False
2024-08-12,Casablanca,T000305,Beaute,Serum,187.76,2,5.0,En ligne,False
2024-06-29,Rabat,T000306,Sports,Tapis Yoga,957.33,3,0.0,Especes,False
2024-04-19,Fes,T000307,Electronique,Smartphone,2818.27,1,0.0,Carte,False
2024-08-01,Fes,T000308,Maison,Lampe,959.54,1,0.0,Especes,False
2024-05-01,Tanger,T000309,Beaute,Creme,509.59,3,0.0,Carte,False
2024-01-13,Marrakech,T000312,Alimentation,Cereales,112.99,1,,En ligne,False
2024-08-09,Fes,T000313,Alimentation,Riz,193.28,2,0.0,En ligne,False
2024-02-16,Agadir,T000315,Electronique,Souris,3469.18,1,0.0,Especes,False
2024-09-19,Fes,T000317,Vetements,T-shirt,656.56,2,5.0,Especes,False
2024-04-25,Tanger,T000318,Sports,Chaussures Running,227.88,1,5.0,Especes,False
2024-07-11,Agadir,T000320,Sports,Velo appartement,1078.32,1,5.0,Especes,False
2024-04-20,Agadir,T000321,Maison,Chaise,509.53,1,0.0,En ligne,False
2024-06-15,Tanger,T000322,Beaute,Maquillage,388.84,1,10.0,Especes,False
2024-05-20,Marrakech,T000323,Electronique,Casque,2627.57,2,5.0,En ligne,False
2024-06-28,Rabat,T000324,Maison,Chaise,1003.88,2,,En ligne,False
2024-10-25,Casablanca,T000325,Maison,Tapis,884.94,2,0.0,Especes,False
2024-08-10,Rabat,T000326,Sports,Halteres,470.79,2,10.0,Carte,False
2024-11-26,Agadir,T000327,Sports,Tapis Yoga,1769.45,1,10.0,Carte,False
2024-05-25,Casablanca,T000329,Sports,Ballon,1596.3,1,0.0,Carte,False
2024-08-19,Rabat,T000330,Sports,Chaussures Running,407.42,1,10.0,Especes,False
2024-05-10,Agadir,T000331,Alimentation,Pates,212.76,1,5.0,Especes,False
2024-10-08,Tanger,T000332,Maison,Lampe,169.46,1,10.0,Carte,False
2024-10-05,Tanger,T000333,Sports,Raquette,855.82,1,0.0,Carte,False
2024-02-21,Marrakech,T000334,Vetements,Veste,506.48,2,0.0,En-ligne,False
2024-09-18,Tanger,T000336,Maison,Chaise,780.51,2,,Carte,False
2024-12-06,Fes,T000337,Maison,Coussin,176.18,2,10.0,CB,False
2024-07-19,Rabat,T000338,Electronique,Casque,2294.11,1,0.0,Carte,False
2024-06-28,Agadir,T000339,Alimentation,Huile,37.95,2,10.0,Especes,False
2024-03-18,Rabat,T000340,Alimentation,Huile,129.35,2,0.0,En ligne,False
2024-01-13,Tanger,T000342,Maison,Miroir,708.13,2,0.0,Especes,False
2024-12-12,Marrakech,T000343,Electronique,Ecouteurs,2246.33,1,0.0,Carte,False
2024-08-09,Agadir,T000344,Beaute,Serum,650.79,1,10.0,Carte,False
2024-08-24,Marrakech,T000345,Vetements,Chaussures,792.8,1,0.0,Especes,False
2024-12-13,Marrakech,T000346,Vetements,Sweat,504.44,1,0.0,Especes,False
2024-04-12,Fes,T000347,Alimentation,Cereales,96.7,1,10.0,En ligne,False
2024-05-31,Casablanca,T000348,Alimentation,Huile,21.62,1,15.0,Especes,False
2024-05-13,Agadir,T000349,Electronique,Souris,3259.78,1,0.0,Especes,False
2024-09-30,Fes,T000350,Beaute,Maquillage,291.11,1,5.0,Especes,False
2024-10-21,Fes,T000352,Beaute,Serum,178.83,2,15.0,Carte,False
2024-07-15,Casablanca,T000354,Alimentation,Cafe,166.0,2,0.0,Carte,False
2024-01-30,Fes,T000355,Alimentation,Riz,61.49,1,0.0,Carte,False
2024-10-07,Tanger,T000356,Electronique,Souris,3436.15,1,10.0,Especes,False
2024-01-01,Marrakech,T000357,Alimentation,Cereales,142.34,2,0.0,En ligne,False
2024-03-09,Tanger,T000358,Alimentation,Riz,95.65,1,15.0,Carte,False
2024-01-22,Tanger,T000359,Electronique,Casque,1868.72,1,0.0,Especes,False
2024-08-14,Tanger,T000360,Maison,Chaise,649.68,2,5.0,En ligne,False
2024-09-23,Marrakech,T000361,Alimentation,Huile,102.94,1,0.0,En ligne,False
2024-05-17,Rabat,T000362,Vetements,Chaussures,443.2,1,5.0,Carte,False
2024-02-26,Fes,T000364,Alimentation,The,158.57,3,0.0,En ligne,False
2024-07-22,Fes,T000365,Beaute,Creme,339.5,3,10.0,En ligne,False
2024-09-02,Marrakech,T000367,Sports,Raquette,605.18,2,5.0,Especes,False
2024-09-05,Tanger,T000368,Alimentation,The,16.3,2,10.0,Carte,False
2024-09-07,Casablanca,T000369,Maison,Lampe,1077.01,1,0.0,Especes,False
2024-08-10,Casablanca,T000370,Beaute,Creme,211.42,1,10.0,Carte,False
2024-05-23,Casablanca,T000371,Vetements,Robe,762.53,2,0.0,En ligne,False
2024-06-28,Tanger,T000372,Sports,Halteres,1548.46,1,0.0,Carte,False
2024-08-09,Fes,T000373,Alimentation,Pates,196.25,2,,Carte,False
2024-08-06,Marrakech,T000374,Alimentation,Cafe,213.54,1,0.0,Carte,False
2024-10-18,Casablanca,T000375,Sports,Raquette,1035.25,2,0.0,Carte,False
2024-07-13,Marrakech,T000376,Electronique,Souris,572.92,2,0.0,Especes,False
2024-10-25,Tanger,T000378,Maison,Coussin,770.24,1,10.0,Carte,False
2024-12-20,Fes,T000379,Sports,Tapis Yoga,829.58,1,0.0,Especes,False
2024-05-31,Rabat,T000380,Alimentation,Riz,30.86,1,0.0,En ligne,False
2024-08-16,Tanger,T000382,Beaute,Serum,293.76,1,0.0,En ligne,False
2024-07-24,Casablanca,T000384,Sports,Halteres,377.5,2,0.0,Carte,False
2024-06-28,Fes,T000385,Beaute,Creme,385.81,1,0.0,En ligne,False
2024-03-25,Fes,T000386,Alimentation,Riz,65.21,2,15.0,Carte,False
2024-09-03,Fes,T000387,Sports,Tapis Yoga,991.18,1,10.0,En ligne,False
2024-08-23,Tanger,T000389,Electronique,Casque,3280.74,1,0.0,En ligne,False
2024-06-07,Fes,T000390,Alimentation,The,113.13,1,10.0,Especes,False
2024-05-23,Rabat,T000391,Sports,Chaussures Running,1181.95,1,0.0,Especes,False
2024-09-12,Tanger,T000392,Beaute,Shampooing,379.95,1,5.0,Especes,False
2024-08-09,Tanger,T000393,Vetements,Robe,750.2,3,0.0,Carte,False
2024-05-14,Casablanca,T000394,Beaute,Savon,84.19,1,10.0,Especes,False
2024-12-03,Tanger,T000395,Beaute,Creme,455.77,1,5.0,carte,False
2024-08-06,Marrakech,T000396,Vetements,Veste,853.41,1,10.0,CB,False
2024-05-01,Casablanca,T000397,Sports,Ballon,1233.5,1,0.0,Especes,False
2024-10-04,Marrakech,T000398,Electronique,Tablette,1137.13,2,0.0,En ligne,False
2024-10-30,Fes,T000399,Alimentation,Cereales,170.09,1,0.0,Carte,False
2024-10-14,Casablanca,T000400,Maison,Chaise,494.11,1,0.0,Especes,False
2024-07-01,Agadir,T000401,Beaute,Savon,365.51,1,15.0,En ligne,False
2024-04-05,Rabat,T000402,Alimentation,The,111.21,2,5.0,Especes,False
2024-09-04,Fes,T000403,Maison,Coussin,366.58,1,10.0,Especes,False
2024-04-08,Casablanca,T000404,Beaute,Parfum,407.48,2,10.0,Carte,False
2024-11-06,Casablanca,T000406,Electronique,Tablette,1330.46,1,5.0,Especes,False
2024-01-11,Marrakech,T000407,Electronique,Souris,3065.25,2,0.0,CB,False
2024-10-29,Marrakech,T000408,Sports,Tapis Yoga,196.02,1,0.0,Carte,False
2024-07-13,Marrakech,T000409,Vetements,Chaussures,190.22,1,0.0,Carte,False
2024-03-20,Marrakech,T000410,Beaute,Maquillage,571.43,2,10.0,Carte,False
2024-05-07,Tanger,T000411,Vetements,Veste,235.4,1,0.0,Especes,False
2024-08-31,Casablanca,T000412,Alimentation,Cereales,129.1,2,5.0,Carte,False
2024-06-15,Rabat,T000413,Alimentation,Huile,179.41,2,0.0,En ligne,False
2024-12-18,Tanger,T000414,Sports,Tapis Yoga,920.1,2,5.0,Especes,False
2024-10-29,Rabat,T000415,Maison,Miroir,762.75,1,5.0,Carte,False
2024-07-09,Rabat,T000416,Beaute,Parfum,408.79,1,,En ligne,False
2024-07-13,Marrakech,T000417,Alimentation,Pates,59.16,1,10.0,Especes,False
2024-11-02,Rabat,T000418,Vetements,Chaussures,626.12,1,0.0,Especes,False
2024-10-01,Agadir,T000419,Alimentation,Huile,171.59,2,0.0,Especes,False
2024-11-01,Fes,T000420,Maison,Lampe,661.45,1,0.0,Carte,False
2024-08-22,Tanger,T000422,Alimentation,Cafe,50.99,1,10.0,Carte,False
2024-08-16,Agadir,T000423,Vetements,Chaussures,459.91,2,0.0,Carte,False
2024-08-16,Marrakech,T000424,Vetements,T-shirt,713.5,1,0.0,En ligne,False
2024-06-27,Rabat,T000425,Vetements,Jean,627.66,1,5.0,Carte,False
2024-09-16,Casablanca,T000426,Alimentation,Cereales,214.86,1,5.0,Especes,False
2024-10-14,Rabat,T000427,Maison,Coussin,1268.36,1,0.0,Especes,False
2024-12-02,Fes,T000428,Alimentation,Riz,209.48,1,0.0,Especes,False
2024-07-11,Marrakech,T000429,Vetements,Sweat,436.11,1,0.0,Especes,False
2024-08-31,Tanger,T000430,Electronique,Tablette,2980.6,1,10.0,Especes,False
2024-09-12,Marrakech,T000432,Alimentation,Riz,155.88,3,0.0,En ligne,False
2024-03-25,Marrakech,T000433,Electronique,Souris,2973.95,2,,Especes,False
2024-11-06,Fes,T000434,Alimentation,Cafe,129.7,2,0.0,Carte,False
2024-09-16,Marrakech,T000435,Sports,Tapis Yoga,1734.83,2,10.0,En ligne,False
2024-05-11,Marrakech,T000436,Electronique,Ecouteurs,337.93,1,15.0,En ligne,False
2024-01-02,Tanger,T000437,Electronique,Tablette,1799.7,1,0.0,En ligne,False
2024-01-13,Tanger,T000438,Electronique,Ecouteurs,3308.5,1,5.0,En ligne,False
2024-02-13,Agadir,T000439,Beaute,Creme,418.0,2,15.0,Carte,False
2024-10-09,Fes,T000440,Maison,Chaise,701.82,1,10.0,Especes,False
2024-12-12,Casablanca,T000442,Vetements,Veste,153.39,1,0.0,En ligne,False
2024-04-24,Agadir,T000443,Alimentation,The,13.4,2,5.0,Especes,False
2024-02-09,Agadir,T000445,Electronique,Ecouteurs,2591.41,3,5.0,En ligne,False
2024-06-17,Rabat,T000446,Vetements,Jean,656.08,1,0.0,Especes,False
2024-08-10,Fes,T000447,Beaute,Shampooing,155.85,1,0.0,Especes,False
2024-07-23,Agadir,T000448,Sports,Velo appartement,305.47,2,0.0,CB,False
2024-12-14,Agadir,T000449,Alimentation,Huile,145.47,1,0.0,Especes,False
2024-05-22,Agadir,T000450,Maison,Coussin,373.77,2,0.0,Especes,False
2024-01-08,Rabat,T000451,Alimentation,The,50.94,1,5.0,En ligne,False
2024-05-01,Casablanca,T000452,Electronique,Souris,1950.66,2,10.0,Carte,False
2024-02-21,Fes,T000455,Alimentation,Huile,113.76,2,15.0,Carte,False
2024-07-30,Rabat,T000457,Maison,Table,1255.76,2,0.0,Especes,False
2024-12-20,Fes,T000458,Alimentation,Pates,17.88,1,0.0,Especes,False
2024-08-23,Casablanca,T000459,Maison,Tapis,989.79,1,5.0,Especes,False
2024-09-14,Rabat,T000460,Maison,Coussin,713.14,1,5.0,Especes,False
2024-12-20,Rabat,T000461,Alimentation,Cereales,62.11,2,5.0,Especes,False
2024-06-17,Fes,T000463,Vetements,Veste,532.51,2,5.0,Especes,False
2024-09-23,Casablanca,T000465,Vetements,Chaussures,399.27,4,0.0,Carte,False
2024-05-10,Marrakech,T000466,Alimentation,Huile,164.21,1,0.0,Carte,False
2024-12-20,Fes,T000467,Alimentation,Huile,191.31,1,0.0,En ligne,False
2024-12-05,Agadir,T000468,Maison,Tapis,621.62,1,0.0,Especes,False
2024-05-31,Marrakech,T000469,Vetements,Veste,650.6,1,0.0,Especes,False
2024-07-29,Marrakech,T000470,Vetements,Chaussures,593.39,1,0.0,Especes,False
2024-01-12,Marrakech,T000471,Sports,Raquette,1128.52,1,10.0,Carte,False
2024-11-25,Tanger,T000472,Beaute,Creme,550.43,1,0.0,En ligne,False
2024-05-31,Casablanca,T000473,Electronique,Casque,1391.1,2,10.0,Especes,False
2024-01-30,Marrakech,T000474,Vetements,Chaussures,803.19,1,5.0,Especes,False
2024-04-22,Casablanca,T000476,Maison,Tapis,1094.55,2,0.0,En ligne,False
2024-10-01,Agadir,T000477,Alimentation,The,103.0,1,0.0,carte,False
2024-09-30,Casablanca,T000478,Vetements,Chaussures,346.25,1,10.0,Carte,False
2024-04-09,Casablanca,T000479,Sports,Ballon,637.92,1,0.0,En ligne,False
2024-12-30,Casablanca,T000480,Vetements,T-shirt,177.79,2,5.0,Especes,False
2024-10-23,Tanger,T000481,Beaute,Shampooing,230.33,2,5.0,Especes,False
2024-12-20,Tanger,T000482,Alimentation,Cafe,21.12,1,0.0,Especes,False
2024-10-19,Casablanca,T000483,Alimentation,Pates,17.21,1,5.0,En ligne,False
2024-03-21,Marrakech,T000484,Vetements,T-shirt,414.97,3,0.0,En ligne,False
2024-02-27,Agadir,T000485,Alimentation,Cafe,122.87,2,10.0,Carte,False
2024-11-25,Fes,T000486,Sports,Tapis Yoga,1686.71,1,0.0,Especes,False
2024-06-11,Tanger,T000487,Beaute,Maquillage,444.86,2,0.0,Carte,False
2024-12-24,Marrakech,T000488,Maison,Miroir,428.51,2,0.0,Carte,False
2024-09-07,Rabat,T000489,Sports,Velo appartement,1227.55,2,0.0,Carte,False
2024-01-24,Marrakech,T000490,Vetements,Sweat,438.66,1,15.0,En ligne,False
2024-03-06,Marrakech,T000491,Maison,Miroir,715.34,1,0.0,En ligne,False
2024-09-03,Tanger,T000492,Maison,Chaise,69.94,2,10.0,Especes,False
2024-01-16,Marrakech,T000493,Alimentation,Pates,187.83,1,0.0,Especes,False
2024-12-02,Fes,T000494,Alimentation,Cereales,108.43,1,0.0,Especes,False
2024-09-14,Fes,T000495,Vetements,Sweat,265.68,2,10.0,En ligne,False
2024-10-16,Agadir,T000496,Vetements,Veste,465.38,2,0.0,Especes,False
2024-11-11,Casablanca,T000497,Alimentation,Riz,73.69,1,10.0,En-ligne,False
2024-02-23,Rabat,T000498,Sports,Ballon,1266.49,2,0.0,Especes,False
2024-05-07,Fes,T000499,Alimentation,Huile,179.84,2,0.0,En ligne,False
2024-06-22,Agadir,T000500,Vetements,Chaussures,723.72,1,0.0,En ligne,False
2024-12-02,Fes,T000502,Vetements,T-shirt,383.37,3,0.0,Carte,False
2024-05-31,Agadir,T000504,Alimentation,Cafe,84.67,1,0.0,Carte,False
2024-01-18,Agadir,T000505,Maison,Lampe,116.22,1,10.0,Especes,False
2024-08-30,Agadir,T000506,Electronique,Clavier,1851.86,1,0.0,Especes,False
2024-06-06,Marrakech,T000507,Vetements,Veste,740.0,1,5.0,En ligne,False
2024-11-18,Tanger,T000508,Alimentation,Huile,161.48,1,0.0,carte,False
2024-11-05,Agadir,T000509,Electronique,Casque,210.61,1,0.0,Carte,False
2024-10-07,Casablanca,T000510,Maison,Table,426.23,2,0.0,En ligne,False
2024-03-28,Fes,T000511,Vetements,Jean,881.82,1,0.0,Especes,False
2024-01-03,Casablanca,T000512,Vetements,Robe,864.23,2,0.0,Carte,False
2024-08-10,Rabat,T000513,Vetements,T-shirt,827.77,2,5.0,Carte,False
2024-04-27,Casablanca,T000514,Sports,Velo appartement,1447.07,1,10.0,Carte,False
2024-06-12,Marrakech,T000515,Beaute,Shampooing,636.26,2,5.0,Especes,False
2024-05-03,Marrakech,T000516,Sports,Tapis Yoga,1427.82,1,10.0,En ligne,False
2024-10-14,Fes,T000517,Maison,Tapis,844.17,1,0.0,En ligne,False
2024-01-31,Fes,T000518,Beaute,Maquillage,73.71,3,10.0,En ligne,False
2024-04-29,Marrakech,T000519,Alimentation,Cereales,90.64,2,0.0,Especes,False
2024-04-03,Tanger,T000520,Sports,Raquette,635.41,2,0.0,Especes,False
2024-11-08,Tanger,T000522,Sports,Tapis Yoga,1053.87,1,5.0,En ligne,False
2024-10-01,Rabat,T000523,Electronique,Smartphone,3416.78,2,10.0,Carte,False
2024-04-06,Fes,T000524,Alimentation,Cereales,45.54,2,15.0,Carte,False
2024-01-16,Tanger,T000525,Maison,Miroir,164.55,2,10.0,Especes,False
2024-10-10,Rabat,T000526,Alimentation,Riz,84.13,1,,Carte,False
2024-05-07,Agadir,T000527,Alimentation,The,108.76,2,0.0,En ligne,False
2024-06-20,Marrakech,T000528,Sports,Chaussures Running,881.54,1,10.0,Especes,False
2024-03-26,Fes,T000530,Maison,Lampe,877.77,1,0.0,Especes,False
2024-09-04,Marrakech,T000531,Electronique,Tablette,1102.53,1,0.0,Carte,False
2024-02-29,Agadir,T000532,Alimentation,The,80.95,1,0.0,En ligne,False
2024-08-21,Agadir,T000533,Vetements,Chaussures,606.45,1,10.0,En ligne,False
2024-07-23,Agadir,T000534,Alimentation,Riz,192.96,1,5.0,Carte,False
2024-01-19,Tanger,T000535,Alimentation,The,141.8,2,0.0,En ligne,False
2024-03-23,Tanger,T000536,Vetements,Veste,283.73,2,0.0,En-ligne,False
2024-07-30,Fes,T000537,Beaute,Parfum,295.55,1,10.0,Especes,False
2024-06-14,Marrakech,T000538,Maison,Chaise,260.56,2,0.0,Carte,False
2024-09-13,Tanger,T000539,Sports,Raquette,212.24,1,0.0,En ligne,False
2024-09-13,Fes,T000540,Vetements,Chaussures,211.91,2,0.0,Especes,False
2024-08-30,Tanger,T000544,Beaute,Shampooing,62.07,1,0.0,Especes,False
2024-04-08,Tanger,T000545,Electronique,Clavier,1566.66,1,0.0,carte,False
2024-08-26,Marrakech,T000546,Electronique,Smartphone,3169.78,2,0.0,carte,False
2024-11-28,Casablanca,T000549,Electronique,Casque,1543.43,2,15.0,Especes,False
2024-04-19,Marrakech,T000550,Maison,Table,1270.88,1,0.0,Carte,False
2024-11-06,Fes,T000551,Maison,Lampe,1224.16,1,5.0,Especes,False
2024-10-04,Agadir,T000552,Vetements,Sweat,567.09,4,,Carte,False
2024-11-25,Tanger,T000553,Alimentation,Huile,135.1,1,5.0,En ligne,False
2024-03-28,Tanger,T000554,Beaute,Creme,354.54,2,0.0,Especes,False
2024-08-28,Tanger,T000555,Electronique,Smartphone,644.8,1,0.0,En ligne,False
2024-05-25,Casablanca,T000556,Alimentation,Cereales,81.33,1,0.0,Especes,False
2024-01-20,Marrakech,T000557,Alimentation,Cafe,97.28,2,10.0,En ligne,False
2024-08-05,Agadir,T000558,Maison,Coussin,734.54,2,10.0,Carte,False
2024-06-01,Fes,T000560,Maison,Miroir,206.19,1,10.0,En ligne,False
2024-09-06,Rabat,T000562,Vetements,Jean,678.65,1,10.0,Especes,False
2024-12-27,Fes,T000563,Sports,Halteres,1350.26,2,0.0,Carte,False
2024-08-06,Agadir,T000564,Sports,Chaussures Running,1127.13,1,10.0,En-ligne,False
2024-01-17,Rabat,T000565,Maison,Table,728.78,2,0.0,Carte,False
2024-05-28,Rabat,T000566,Beaute,Parfum,109.09,1,0.0,Especes,False
2024-08-27,Casablanca,T000567,Alimentation,Pates,137.34,1,15.0,En ligne,False
2024-02-20,Rabat,T000569,Alimentation,Riz,85.67,1,0.0,Especes,False
2024-10-01,Fes,T000570,Beaute,Shampooing,102.38,1,0.0,En ligne,False
2024-04-03,Fes,T000571,Alimentation,Cereales,15.37,2,0.0,Especes,False
2024-07-15,Tanger,T000572,Alimentation,The,65.08,1,,Especes,False
2024-03-07,Tanger,T000574,Maison,Tapis,491.71,1,0.0,En ligne,False
2024-04-05,Tanger,T000575,Vetements,Sweat,616.36,2,0.0,Carte,False
2024-03-11,Fes,T000576,Vetements,Veste,280.51,1,0.0,En ligne,False
2024-08-06,Marrakech,T000577,Beaute,Maquillage,67.12,1,0.0,En ligne,False
2024-06-28,Casablanca,T000578,Vetements,T-shirt,463.42,3,5.0,Especes,False
2024-03-30,Agadir,T000579,Vetements,Sweat,298.68,2,0.0,Carte,False
2024-08-27,Agadir,T000580,Electronique,Clavier,1318.7,1,0.0,En ligne,False
2024-08-05,Fes,T000581,Electronique,Clavier,583.81,2,0.0,Especes,False
2024-04-09,Rabat,T000582,Electronique,Clavier,2102.74,1,0.0,En ligne,False
2024-02-12,Fes,T000583,Vetements,Jean,685.78,2,5.0,Especes,False
2024-05-07,Agadir,T000584,Sports,Chaussures Running,1628.97,1,,Carte,False
2024-10-21,Agadir,T000586,Sports,Tapis Yoga,1528.41,2,5.0,Especes,False
2024-01-11,Casablanca,T000587,Electronique,Souris,2785.87,2,10.0,Especes,False
2024-02-16,Marrakech,T000588,Alimentation,Pates,200.33,1,0.0,Especes,False
2024-04-30,Casablanca,T000589,Beaute,Parfum,63.9,2,5.0,En ligne,False
2024-11-20,Casablanca,T000590,Sports,Halteres,388.32,1,0.0,Carte,False
2024-05-31,Fes,T000591,Maison,Table,908.02,2,15.0,Especes,False
2024-05-17,Agadir,T000592,Beaute,Shampooing,621.45,1,5.0,En-ligne,False
2024-11-07,Agadir,T000594,Alimentation,The,92.73,1,5.0,Carte,False
2024-06-03,Fes,T000595,Alimentation,Cafe,116.09,2,0.0,En ligne,False
2024-04-10,Marrakech,T000596,Beaute,Serum,45.17,1,5.0,Especes,False
2024-07-04,Marrakech,T000597,Sports,Ballon,1331.65,1,5.0,Especes,False
2024-10-02,Agadir,T000598,Alimentation,Pates,200.41,2,5.0,Especes,False
2024-08-06,Tanger,T000599,Alimentation,Cereales,94.99,1,10.0,Especes,False
2024-09-05,Marrakech,T000600,Sports,Tapis Yoga,904.36,1,0.0,Especes,False
2024-08-28,Rabat,T000601,Electronique,Smartphone,1199.2,2,0.0,En ligne,False
2024-09-30,Tanger,T000602,Beaute,Maquillage,245.25,1,10.0,Carte,False
2024-04-19,Marrakech,T000603,Sports,Halteres,910.51,1,0.0,Carte,False
2024-05-21,Fes,T000604,Alimentation,Cafe,36.28,1,0.0,Carte,False
2024-08-31,Agadir,T000605,Maison,Lampe,808.39,1,0.0,En ligne,False
2024-01-20,Casablanca,T000606,Alimentation,Cereales,89.35,2,0.0,Carte,False
2024-07-01,Fes,T000607,Vetements,Chaussures,323.32,2,0.0,En ligne,False
2024-10-01,Marrakech,T000608,Alimentation,Huile,189.74,3,10.0,Especes,False
2024-02-29,Casablanca,T000609,Electronique,Smartphone,945.5,1,0.0,En ligne,False
2024-08-07,Marrakech,T000610,Electronique,Clavier,1982.48,2,0.0,Carte,False
2024-04-15,Marrakech,T000611,Maison,Tapis,341.99,1,15.0,Especes,False
2024-12-10,Agadir,T000612,Alimentation,Cafe,117.61,1,0.0,Especes,False
2024-02-24,Fes,T000613,Vetements,Veste,155.42,1,0.0,Especes,False
2024-09-28,Agadir,T000614,Alimentation,Cereales,99.04,1,0.0,En ligne,False
2024-01-01,Marrakech,T000615,Electronique,Souris,571.44,1,0.0,Carte,False
2024-01-22,Fes,T000616,Alimentation,The,74.35,1,0.0,Carte,False
2024-11-27,Agadir,T000617,Beaute,Savon,583.22,2,10.0,En-ligne,False
2024-06-04,Tanger,T000618,Beaute,Creme,227.08,1,0.0,Carte,False
2024-12-07,Agadir,T000619,Beaute,Savon,582.83,1,0.0,Carte,False
2024-04-03,Agadir,T000620,Maison,Coussin,434.15,1,5.0,Especes,False
2024-02-27,Agadir,T000622,Electronique,Casque,2959.89,1,0.0,CB,False
2024-07-06,Marrakech,T000623,Beaute,Serum,590.79,1,0.0,Especes,False
2024-07-04,Rabat,T000624,Vetements,Veste,510.15,1,10.0,En ligne,False
2024-12-19,Fes,T000627,Alimentation,The,56.1,1,10.0,Especes,False
2024-07-16,Casablanca,T000628,Beaute,Shampooing,354.81,1,10.0,Especes,False
2024-04-17,Marrakech,T000629,Alimentation,Cafe,191.02,1,10.0,Especes,False
2024-09-17,Marrakech,T000631,Alimentation,Cafe,15.76,1,15.0,Especes,False
2024-03-14,Rabat,T000632,Alimentation,The,36.15,1,0.0,En ligne,False
2024-11-23,Fes,T000633,Sports,Ballon,636.49,2,10.0,En ligne,False
2024-09-26,Fes,T000634,Beaute,Shampooing,115.09,2,5.0,Carte,False
2024-12-05,Casablanca,T000635,Electronique,Clavier,1499.7,1,10.0,En ligne,False
2024-11-05,Agadir,T000636,Alimentation,Huile,64.99,1,0.0,En ligne,False
2024-07-06,Casablanca,T000637,Maison,Lampe,1016.75,1,0.0,Especes,False
2024-10-22,Tanger,T000639,Electronique,Souris,1372.72,1,5.0,Especes,False
2024-10-03,Marrakech,T000640,Vetements,Jean,467.3,1,10.0,Carte,False
2024-12-26,Tanger,T000641,Alimentation,The,135.72,1,0.0,En ligne,False
2024-11-01,Casablanca,T000642,Electronique,Tablette,3443.02,2,0.0,En ligne,False
2024-07-27,Rabat,T000643,Beaute,Serum,572.72,1,5.0,Especes,False
2024-12-26,Fes,T000644,Vetements,Jean,443.55,2,0.0,En ligne,False
2024-05-24,Tanger,T000646,Vetements,T-shirt,353.35,2,15.0,En ligne,False
2024-03-14,Marrakech,T000647,Vetements,Chaussures,232.13,2,0.0,Carte,False
2024-11-02,Agadir,T000648,Electronique,Smartphone,2602.09,1,15.0,Carte,False
2024-10-01,Casablanca,T000649,Sports,Halteres,1634.45,1,0.0,En ligne,False
2024-01-03,Casablanca,T000650,Alimentation,Huile,48.6,1,5.0,Especes,False
2024-11-05,Rabat,T000652,Vetements,T-shirt,698.87,1,0.0,Carte,False
2024-02-08,Fes,T000653,Vetements,T-shirt,345.14,2,0.0,Especes,False
2024-03-01,Casablanca,T000654,Maison,Miroir,1263.83,2,15.0,Especes,False
2024-05-17,Fes,T000655,Sports,Chaussures Running,124.35,1,15.0,Carte,False
2024-07-19,Casablanca,T000656,Maison,Tapis,438.69,1,5.0,Especes,False
2024-01-02,Casablanca,T000657,Alimentation,Cafe,69.05,2,0.0,Especes,False
2024-02-02,Fes,T000659,Sports,Raquette,1156.32,2,0.0,En ligne,False
2024-02-28,Marrakech,T000660,Alimentation,Cafe,47.13,2,0.0,Carte,False
2024-08-07,Tanger,T000661,Alimentation,Huile,158.8,3,0.0,En-ligne,False
2024-05-06,Tanger,T000662,Beaute,Serum,397.99,1,0.0,Carte,False
2024-05-29,Agadir,T000663,Sports,Ballon,452.95,2,15.0,En ligne,False
2024-04-30,Rabat,T000664,Maison,Tapis,395.41,1,0.0,Carte,False
2024-08-23,Casablanca,T000665,Maison,Table,797.73,1,0.0,carte,False
2024-09-16,Casablanca,T000666,Alimentation,Pates,22.24,1,0.0,En ligne,False
2024-05-02,Rabat,T000667,Beaute,Savon,264.59,3,0.0,Carte,False
2024-07-03,Marrakech,T000668,Alimentation,Cafe,207.52,1,10.0,Carte,False
2024-03-26,Rabat,T000669,Sports,Chaussures Running,1484.27,3,0.0,Carte,False
2024-01-18,Rabat,T000670,Vetements,Sweat,747.13,1,0.0,Especes,False
2024-07-24,Rabat,T000671,Alimentation,Huile,110.39,2,0.0,Carte,False
2024-09-14,Casablanca,T000672,Electronique,Clavier,2709.99,3,0.0,Carte,False
2024-10-04,Marrakech,T000673,Alimentation,Huile,32.21,3,10.0,Especes,False
2024-08-14,Marrakech,T000674,Maison,Coussin,1297.08,1,10.0,Especes,False
2024-08-12,Casablanca,T000676,Sports,Raquette,1395.79,2,0.0,Carte,False
2024-05-28,Fes,T000677,Alimentation,Pates,179.43,1,0.0,Carte,False
2024-09-03,Tanger,T000678,Electronique,Souris,2320.59,1,0.0,CB,False
2024-07-09,Marrakech,T000679,Maison,Miroir,986.38,1,0.0,Especes,False
2024-12-07,Fes,T000680,Alimentation,Riz,162.45,2,5.0,En ligne,False
2024-08-29,Tanger,T000681,Alimentation,Pates,53.64,1,0.0,Especes,False
2024-12-17,Casablanca,T000682,Maison,Lampe,1393.97,2,5.0,carte,False
2024-07-16,Fes,T000683,Vetements,Sweat,443.32,1,0.0,Carte,False
2024-06-25,Casablanca,T000684,Sports,Chaussures Running,544.1,1,5.0,Especes,False
2024-06-17,Rabat,T000685,Maison,Table,231.36,1,0.0,En ligne,False
2024-05-29,Casablanca,T000686,Vetements,Sweat,115.63,1,15.0,En ligne,False
2024-01-15,Fes,T000687,Vetements,T-shirt,489.34,1,0.0,En ligne,False
2024-10-05,Fes,T000688,Alimentation,Pates,183.97,1,5.0,Especes,False
2024-01-09,Fes,T000689,Sports,Raquette,96.45,1,0.0,Especes,False
2024-01-18,Tanger,T000690,Vetements,Robe,399.62,1,0.0,En ligne,False
2024-07-06,Marrakech,T000691,Alimentation,Huile,50.1,2,0.0,Especes,False
2024-12-03,Fes,T000693,Alimentation,Pates,200.09,1,5.0,En ligne,False
2024-05-21,Fes,T000694,Beaute,Shampooing,428.52,1,0.0,Carte,False
2024-07-31,Fes,T000695,Sports,Halteres,1664.69,1,0.0,En ligne,False
2024-08-08,Casablanca,T000696,Vetements,Jean,312.89,1,0.0,Especes,False
2024-12-04,Marrakech,T000697,Alimentation,Pates,43.26,2,15.0,Carte,False
2024-05-02,Agadir,T000698,Alimentation,Riz,100.2,2,15.0,Especes,False
2024-02-19,Fes,T000699,Beaute,Serum,468.93,1,5.0,En ligne,False
2024-05-01,Rabat,T000700,Alimentation,Cereales,204.23,1,5.0,carte,False
2024-01-02,Rabat,T000701,Beaute,Savon,163.97,2,0.0,En ligne,False
2024-03-02,Rabat,T000702,Alimentation,The,125.44,2,0.0,carte,False
2024-09-14,Tanger,T000704,Beaute,Savon,504.98,1,0.0,En ligne,False
2024-06-17,Rabat,T000705,Beaute,Shampooing,453.11,2,5.0,Especes,False
2024-02-05,Fes,T000706,Maison,Chaise,1272.53,2,10.0,Carte,False
2024-05-11,Rabat,T000707,Alimentation,Pates,130.24,1,0.0,Especes,False
2024-09-21,Casablanca,T000708,Beaute,Savon,81.81,2,0.0,En-ligne,False
2024-10-31,Tanger,T000709,Beaute,Shampooing,224.79,1,5.0,En ligne,False
2024-11-18,Agadir,T000711,Vetements,Veste,148.26,3,0.0,Carte,False
2024-02-16,Casablanca,T000712,Maison,Table,686.95,2,0.0,Carte,False
2024-11-27,Casablanca,T000713,Alimentation,Cereales,169.12,2,,En ligne,False
2024-05-11,Casablanca,T000714,Vetements,Veste,531.21,1,0.0,En ligne,False
2024-09-21,Agadir,T000715,Sports,Tapis Yoga,245.74,1,0.0,En ligne,False
2024-07-06,Tanger,T000716,Beaute,Savon,124.25,1,0.0,Especes,False
2024-05-02,Fes,T000717,Beaute,Maquillage,162.65,1,5.0,Carte,False
2024-11-26,Agadir,T000718,Alimentation,Riz,80.68,1,0.0,carte,False
2024-08-23,Marrakech,T000719,Alimentation,Cereales,104.35,1,0.0,Carte,False
2024-02-14,Rabat,T000720,Alimentation,Riz,79.9,2,10.0,En-ligne,False
2024-06-26,Rabat,T000721,Beaute,Creme,496.19,1,0.0,En ligne,False
2024-02-28,Agadir,T000722,Alimentation,Cereales,40.99,2,0.0,Especes,False
2024-08-10,Fes,T000724,Vetements,Sweat,680.88,2,0.0,Carte,False
2024-08-07,Agadir,T000725,Alimentation,Riz,35.51,1,0.0,Especes,False
2024-04-01,Casablanca,T000726,Beaute,Maquillage,689.04,2,5.0,Especes,False
2024-07-29,Tanger,T000727,Alimentation,The,20.71,3,0.0,En-ligne,False
2024-06-15,Tanger,T000728,Alimentation,Riz,207.98,1,5.0,Especes,False
2024-06-22,Tanger,T000730,Vetements,Robe,413.62,1,15.0,CB,False
2024-09-24,Casablanca,T000731,Electronique,Casque,1326.49,2,0.0,En ligne,False
2024-01-08,Rabat,T000732,Alimentation,Cereales,132.87,1,5.0,En ligne,False
2024-06-15,Tanger,T000734,Maison,Chaise,684.0,1,15.0,En ligne,False
2024-09-26,Tanger,T000735,Sports,Raquette,1379.19,1,10.0,Especes,False
2024-07-02,Rabat,T000736,Alimentation,Cereales,138.57,1,15.0,En ligne,False
2024-09-30,Tanger,T000737,Electronique,Tablette,804.76,2,0.0,Especes,False
2024-02-16,Fes,T000738,Alimentation,The,51.76,2,5.0,Especes,False
2024-06-14,Agadir,T000739,Electronique,Ecouteurs,3382.18,2,0.0,Carte,False
2024-08-06,Tanger,T000740,Maison,Table,1244.73,2,0.0,Especes,False
2024-01-09,Rabat,T000743,Beaute,Savon,426.29,2,0.0,En ligne,False
2024-12-27,Fes,T000745,Electronique,Ecouteurs,674.45,1,10.0,En ligne,False
2024-12-05,Rabat,T000746,Maison,Lampe,876.97,1,0.0,Carte,False
2024-05-31,Tanger,T000749,Electronique,Clavier,2406.07,1,5.0,Carte,False
2024-11-01,Marrakech,T000750,Alimentation,Cereales,201.01,1,0.0,Especes,False
2024-05-07,Casablanca,T000751,Beaute,Serum,489.22,1,10.0,Carte,False
2024-02-07,Fes,T000752,Maison,Tapis,198.51,1,0.0,Especes,False
2024-07-13,Rabat,T000753,Maison,Tapis,1253.05,1,5.0,Carte,False
2024-01-24,Rabat,T000754,Alimentation,Cafe,123.09,1,5.0,Carte,False
2024-10-10,Fes,T000755,Alimentation,Huile,94.2,2,10.0,En ligne,False
2024-08-12,Fes,T000756,Alimentation,Cereales,97.9,1,5.0,Especes,False
2024-03-12,Tanger,T000757,Alimentation,Huile,210.0,1,5.0,Especes,False
2024-09-10,Fes,T000758,Beaute,Savon,106.65,2,0.0,Especes,False
2024-07-31,Marrakech,T000759,Beaute,Savon,628.54,1,5.0,En ligne,False
2024-05-06,Rabat,T000760,Beaute,Serum,72.16,1,5.0,En ligne,False
2024-09-11,Rabat,T000761,Maison,Coussin,379.13,1,10.0,En ligne,False
2024-01-13,Rabat,T000762,Vetements,Robe,862.24,1,0.0,Carte,False
2024-11-23,Tanger,T000763,Maison,Chaise,164.94,2,10.0,En ligne,False
2024-08-05,Tanger,T000764,Alimentation,Cereales,118.34,1,10.0,Carte,False
2024-04-18,Rabat,T000765,Alimentation,Pates,154.59,2,5.0,En ligne,False
2024-02-13,Casablanca,T000767,Alimentation,Riz,51.9,2,5.0,Carte,False
2024-08-22,Tanger,T000768,Vetements,T-shirt,442.25,1,0.0,Carte,False
2024-10-17,Casablanca,T000769,Alimentation,Cereales,131.75,1,,Carte,False
2024-11-16,Casablanca,T000770,Alimentation,Riz,151.52,4,0.0,En ligne,False
2024-11-22,Rabat,T000771,Alimentation,Pates,58.45,1,0.0,carte,False
2024-08-24,Tanger,T000772,Maison,Lampe,316.83,2,15.0,En ligne,False
2024-06-10,Fes,T000773,Sports,Tapis Yoga,590.52,1,5.0,Especes,False
2024-06-08,Agadir,T000774,Alimentation,Pates,219.92,1,10.0,Especes,False
2024-03-08,Fes,T000776,Alimentation,Cafe,168.65,2,5.0,En ligne,False
2024-12-11,Casablanca,T000777,Vetements,Jean,152.86,2,10.0,Especes,False
2024-01-08,Casablanca,T000778,Electronique,Tablette,1529.38,1,0.0,Carte,False
2024-03-08,Fes,T000779,Alimentation,Huile,196.88,2,10.0,Especes,False
2024-12-17,Marrakech,T000780,Beaute,Savon,586.76,2,15.0,Especes,False
2024-04-26,Marrakech,T000781,Beaute,Parfum,151.01,1,5.0,En ligne,False
2024-11-19,Marrakech,T000783,Alimentation,Cereales,198.48,1,0.0,En ligne,False
2024-07-18,Fes,T000784,Vetements,Veste,110.48,1,,Carte,False
2024-08-27,Fes,T000786,Alimentation,Cereales,212.01,3,10.0,Carte,False
2024-04-01,Agadir,T000787,Sports,Velo appartement,1301.61,4,10.0,En ligne,False
2024-12-04,Agadir,T000788,Vetements,Jean,231.62,3,0.0,Especes,False
2024-09-09,Fes,T000789,Vetements,Chaussures,650.16,1,10.0,En ligne,False
2024-05-24,Casablanca,T000790,Maison,Table,326.24,3,10.0,Carte,False
2024-03-27,Agadir,T000792,Maison,Tapis,644.95,1,5.0,En ligne,False
2024-07-10,Agadir,T000793,Sports,Halteres,561.11,2,0.0,En ligne,False
2024-10-10,Agadir,T000794,Alimentation,Riz,65.19,2,,Carte,False
2024-01-09,Agadir,T000795,Beaute,Parfum,226.15,1,0.0,Especes,False
2024-11-21,Agadir,T000797,Electronique,Smartphone,3034.16,1,0.0,Especes,False
2024-11-01,Fes,T000798,Beaute,Parfum,369.33,2,10.0,Especes,False
2024-09-20,Casablanca,T000799,Alimentation,Riz,196.17,2,0.0,Carte,False
2024-08-19,Agadir,T000800,Beaute,Parfum,499.72,4,0.0,En ligne,False
2024-05-21,Marrakech,T000801,Alimentation,The,36.84,2,0.0,Carte,False
2024-01-20,Fes,T000802,Maison,Miroir,102.58,1,10.0,Carte,False
2024-05-04,Rabat,T000804,Vetements,Chaussures,315.13,2,0.0,Carte,False
2024-10-01,Fes,T000805,Electronique,Clavier,3018.85,1,10.0,Carte,False
2024-08-08,Fes,T000807,Alimentation,Cafe,206.74,2,15.0,En-ligne,False
2024-01-31,Marrakech,T000808,Vetements,Chaussures,538.89,2,15.0,Especes,False
2024-01-13,Fes,T000809,Sports,Ballon,1632.82,1,0.0,Especes,False
2024-05-09,Tanger,T000810,Vetements,Veste,365.88,1,15.0,En ligne,False
2024-01-11,Agadir,T000811,Maison,Table,173.57,1,15.0,Especes,False
2024-09-13,Casablanca,T000813,Electronique,Clavier,363.74,1,15.0,Carte,False
2024-12-09,Rabat,T000814,Electronique,Ecouteurs,1305.4,2,5.0,En ligne,False
2024-05-04,Rabat,T000815,Alimentation,Cafe,165.35,1,10.0,CB,False
2024-06-11,Agadir,T000816,Vetements,Sweat,558.8,1,5.0,En ligne,False
2024-07-25,Fes,T000818,Electronique,Tablette,429.28,2,10.0,Carte,False
2024-09-10,Rabat,T000820,Vetements,Jean,674.34,2,10.0,Especes,False
2024-02-26,Rabat,T000821,Electronique,Clavier,2490.54,1,0.0,Especes,False
2024-05-27,Tanger,T000822,Alimentation,Cereales,110.76,1,10.0,En-ligne,False
2024-04-19,Fes,T000823,Alimentation,Cafe,147.58,1,0.0,CB,False
2024-09-09,Fes,T000824,Alimentation,Huile,170.41,2,5.0,En ligne,False
2024-02-03,Rabat,T000825,Maison,Coussin,1306.63,1,0.0,carte,False
2024-10-14,Fes,T000826,Vetements,T-shirt,454.89,1,0.0,Especes,False
2024-12-14,Tanger,T000828,Maison,Coussin,796.4,1,10.0,Especes,False
2024-01-31,Tanger,T000829,Vetements,Jean,770.07,1,0.0,Especes,False
2024-10-18,Rabat,T000830,Electronique,Ecouteurs,1733.18,1,5.0,Especes,False
2024-11-15,Marrakech,T000831,Vetements,Veste,733.14,3,5.0,Carte,False
2024-08-05,Rabat,T000832,Vetements,T-shirt,694.64,1,0.0,Especes,False
2024-01-20,Fes,T000835,Sports,Velo appartement,456.82,1,0.0,En ligne,False
2024-09-17,Rabat,T000836,Beaute,Shampooing,218.36,2,0.0,carte,False
2024-12-26,Marrakech,T000837,Alimentation,The,107.74,2,0.0,En ligne,False
2024-07-18,Agadir,T000838,Electronique,Casque,577.59,4,0.0,En-ligne,False
2024-07-08,Agadir,T000840,Alimentation,The,11.49,1,10.0,Carte,False
2024-07-03,Casablanca,T000841,Alimentation,The,136.19,1,10.0,Especes,False
2024-04-30,Rabat,T000842,Sports,Halteres,226.06,2,0.0,En ligne,False
2024-11-05,Tanger,T000845,Beaute,Creme,648.9,3,10.0,Especes,False
2024-02-13,Agadir,T000849,Maison,Table,184.46,1,10.0,Especes,False
2024-11-26,Casablanca,T000850,Beaute,Serum,177.98,1,0.0,En ligne,False
2024-01-31,Rabat,T000851,Alimentation,Cereales,154.02,2,5.0,En ligne,False
2024-03-30,Agadir,T000852,Electronique,Tablette,1072.28,1,0.0,En ligne,False
2024-12-23,Casablanca,T000853,Electronique,Smartphone,1535.33,1,0.0,Carte,False
2024-11-29,Agadir,T000854,Sports,Chaussures Running,949.3,1,5.0,En ligne,False
2024-03-06,Marrakech,T000855,Sports,Ballon,688.82,3,10.0,Especes,False
2024-05-22,Marrakech,T000856,Maison,Coussin,1133.39,2,0.0,En ligne,False
2024-07-12,Rabat,T000857,Alimentation,Cafe,42.06,2,,Carte,False
2024-06-14,Marrakech,T000858,Beaute,Maquillage,563.99,1,0.0,Carte,False
2024-10-21,Rabat,T000859,Alimentation,Pates,157.07,1,0.0,Carte,False
2024-10-19,Tanger,T000860,Alimentation,Pates,96.25,1,0.0,Carte,False
2024-11-20,Marrakech,T000861,Vetements,Robe,876.76,2,0.0,Especes,False
2024-02-21,Agadir,T000862,Sports,Ballon,80.32,2,5.0,Especes,False
2024-10-23,Rabat,T000863,Beaute,Serum,515.36,1,10.0,En-ligne,False
2024-10-19,Marrakech,T000864,Sports,Ballon,1299.62,2,10.0,Carte,False
2024-09-21,Tanger,T000865,Maison,Lampe,286.98,2,0.0,Especes,False
2024-12-30,Fes,T000866,Maison,Miroir,936.7,1,0.0,En ligne,False
2024-11-06,Fes,T000867,Alimentation,Pates,162.29,1,10.0,Carte,False
2024-04-04,Rabat,T000868,Alimentation,Huile,159.96,1,0.0,En-ligne,False
2024-11-13,Rabat,T000869,Electronique,Casque,2994.22,1,0.0,Especes,False
2024-03-09,Rabat,T000870,Alimentation,Riz,117.57,2,5.0,En ligne,False
2024-08-09,Agadir,T000872,Maison,Miroir,507.47,1,5.0,En ligne,False
2024-05-17,Casablanca,T000873,Electronique,Casque,524.97,1,15.0,En ligne,False
2024-07-17,Tanger,T000874,Sports,Halteres,318.96,1,10.0,Especes,False
2024-03-05,Agadir,T000875,Sports,Chaussures Running,1651.27,2,,Especes,False
2024-05-23,Tanger,T000876,Maison,Lampe,347.67,3,15.0,Especes,False
2024-06-20,Agadir,T000877,Sports,Tapis Yoga,1393.39,1,0.0,Especes,False
2024-01-06,Rabat,T000878,Beaute,Creme,541.36,2,0.0,Carte,False
2024-12-18,Agadir,T000879,Maison,Coussin,945.84,1,0.0,En ligne,False
2024-11-26,Tanger,T000881,Sports,Chaussures Running,1650.28,2,0.0,CB,False
2024-01-25,Marrakech,T000882,Vetements,Robe,710.24,1,0.0,En-ligne,False
2024-09-20,Rabat,T000883,Maison,Table,996.41,4,15.0,Carte,False
2024-10-29,Tanger,T000884,Vetements,Robe,245.71,1,10.0,En ligne,False
2024-08-06,Marrakech,T000885,Vetements,Sweat,721.09,4,5.0,En ligne,False
2024-05-13,Marrakech,T000886,Maison,Tapis,998.71,2,15.0,En ligne,False
2024-11-09,Marrakech,T000889,Electronique,Tablette,2542.78,2,,carte,False
2024-06-07,Tanger,T000890,Maison,Tapis,1068.9,1,0.0,En ligne,False
2024-03-22,Rabat,T000891,Alimentation,Riz,191.97,1,0.0,Especes,False
2024-06-11,Tanger,T000892,Sports,Halteres,1540.02,1,0.0,CB,False
2024-04-05,Agadir,T000893,Alimentation,Cereales,102.61,1,0.0,Especes,False
2024-04-01,Casablanca,T000894,Alimentation,Pates,64.21,1,15.0,CB,False
2024-11-07,Tanger,T000895,Vetements,Chaussures,192.74,1,0.0,Carte,False
2024-06-28,Marrakech,T000896,Electronique,Ecouteurs,2741.48,2,5.0,En ligne,False
2024-02-19,Fes,T000897,Sports,Tapis Yoga,466.33,2,10.0,Especes,False
2024-05-11,Casablanca,T000898,Electronique,Souris,2759.98,1,0.0,Especes,False
2024-03-02,Tanger,T000899,Alimentation,Cafe,27.86,1,10.0,En ligne,False
2024-10-31,Tanger,T000900,Sports,Chaussures Running,1380.49,1,15.0,Especes,False
2024-07-05,Tanger,T000901,Electronique,Clavier,2278.11,1,10.0,En ligne,False
2024-07-27,Marrakech,T000902,Sports,Chaussures Running,1224.77,1,0.0,Especes,False
2024-12-13,Agadir,T000904,Maison,Chaise,273.89,2,15.0,Carte,False
2024-01-31,Fes,T000905,Vetements,T-shirt,894.08,1,15.0,Carte,False
2024-03-04,Fes,T000906,Beaute,Serum,273.24,3,0.0,Carte,False
2024-11-05,Agadir,T000907,Electronique,Ecouteurs,2254.28,2,0.0,CB,False
2024-03-19,Casablanca,T000908,Alimentation,Cafe,165.85,1,5.0,Especes,False
2024-06-15,Fes,T000909,Sports,Ballon,417.29,1,15.0,Carte,False
2024-02-12,Casablanca,T000911,Sports,Ballon,1185.92,1,0.0,Especes,False
2024-02-09,Marrakech,T000912,Alimentation,Cereales,162.15,1,0.0,En ligne,False
2024-07-27,Marrakech,T000913,Alimentation,Riz,135.3,1,10.0,Especes,False
2024-04-29,Marrakech,T000914,Vetements,Sweat,186.82,2,0.0,Especes,False
2024-03-06,Marrakech,T000915,Electronique,Casque,1554.47,1,0.0,En ligne,False
2024-07-27,Fes,T000916,Vetements,Robe,531.94,2,,Carte,False
2024-09-17,Tanger,T000917,Alimentation,Pates,68.51,2,5.0,Especes,False
2024-02-27,Fes,T000918,Alimentation,Riz,209.46,1,0.0,En ligne,False
2024-06-29,Tanger,T000920,Alimentation,Cafe,67.96,1,10.0,En-ligne,False
2024-02-19,Tanger,T000921,Alimentation,The,137.89,1,10.0,Especes,False
2024-07-09,Marrakech,T000922,Sports,Velo appartement,772.2,1,10.0,Especes,False
2024-08-21,Tanger,T000923,Alimentation,Huile,219.58,1,0.0,En ligne,False
2024-05-27,Rabat,T000924,Maison,Miroir,1322.61,1,0.0,Carte,False
2024-07-06,Tanger,T000926,Sports,Halteres,1277.72,1,0.0,Especes,False
2024-05-06,Agadir,T000928,Beaute,Creme,162.06,2,0.0,Especes,False
2024-11-08,Rabat,T000929,Vetements,Robe,525.35,1,0.0,Carte,False
2024-04-01,Casablanca,T000930,Maison,Table,1338.27,2,5.0,Especes,False
2024-07-01,Rabat,T000931,Vetements,Robe,838.93,1,0.0,Carte,False
2024-04-17,Marrakech,T000932,Alimentation,Huile,193.21,1,0.0,En ligne,False
2024-03-09,Tanger,T000933,Alimentation,Riz,47.24,2,0.0,Especes,False
2024-02-16,Marrakech,T000934,Beaute,Serum,339.0,1,0.0,En ligne,False
2024-02-28,Casablanca,T000935,Vetements,Sweat,684.51,2,0.0,En ligne,False
2024-08-15,Casablanca,T000936,Beaute,Savon,592.37,2,5.0,En ligne,False
2024-07-19,Marrakech,T000937,Maison,Lampe,1364.79,4,0.0,Carte,False
2024-12-06,Fes,T000938,Sports,Halteres,743.66,3,0.0,CB,False
2024-11-14,Casablanca,T000939,Beaute,Parfum,594.42,1,10.0,CB,False
2024-02-06,Casablanca,T000940,Beaute,Maquillage,275.49,1,0.0,CB,False
2024-04-24,Rabat,T000942,Sports,Raquette,971.61,1,0.0,Especes,False
2024-09-12,Agadir,T000944,Sports,Raquette,811.57,2,10.0,Especes,False
2024-06-21,Casablanca,T000945,Beaute,Parfum,435.4,1,5.0,En ligne,False
2024-01-16,Casablanca,T000947,Electronique,Ecouteurs,2507.64,2,5.0,En ligne,False
2024-02-08,Tanger,T000948,Alimentation,Riz,156.75,1,10.0,En ligne,False
2024-06-19,Casablanca,T000949,Vetements,Chaussures,211.07,2,10.0,Especes,False
2024-12-12,Tanger,T000950,Maison,Table,405.88,2,15.0,Carte,False
2024-03-26,Marrakech,T000951,Sports,Chaussures Running,914.03,2,10.0,Especes,False
2024-08-08,Fes,T000952,Alimentation,Cereales,102.81,1,0.0,En ligne,False
2024-02-12,Rabat,T000953,Alimentation,Riz,10.89,1,5.0,En ligne,False
2024-10-29,Fes,T000954,Electronique,Souris,1657.57,2,10.0,Carte,False
2024-08-15,Tanger,T000956,Vetements,Jean,442.97,2,0.0,Carte,False
2024-11-22,Tanger,T000958,Electronique,Souris,3259.06,1,5.0,Especes,False
2024-03-14,Rabat,T000960,Maison,Table,886.18,1,0.0,En ligne,False
2024-08-23,Casablanca,T000961,Electronique,Tablette,987.56,2,10.0,En ligne,False
2024-04-01,Marrakech,T000962,Alimentation,Cafe,115.7,1,10.0,Carte,False
2024-11-22,Fes,T000963,Maison,Table,245.61,1,,Carte,False
2024-01-05,Marrakech,T000964,Vetements,Robe,446.55,4,0.0,Carte,False
2024-11-23,Tanger,T000966,Alimentation,The,193.23,1,0.0,Carte,False
2024-04-17,Rabat,T000967,Vetements,Veste,710.42,1,0.0,Carte,False
2024-10-31,Tanger,T000968,Alimentation,The,109.62,4,0.0,Carte,False
2024-06-08,Fes,T000969,Beaute,Serum,346.07,1,5.0,Especes,False
2024-02-28,Fes,T000970,Maison,Table,296.97,2,15.0,Especes,False
2024-06-18,Fes,T000971,Electronique,Tablette,2988.65,1,15.0,Especes,False
2024-10-05,Agadir,T000972,Beaute,Shampooing,572.19,1,5.0,En ligne,False
2024-11-20,Fes,T000973,Vetements,Robe,236.65,1,0.0,CB,False
2024-01-10,Marrakech,T000974,Alimentation,Huile,185.77,2,0.0,En ligne,False
2024-11-13,Marrakech,T000975,Alimentation,Riz,77.11,1,0.0,Especes,False
2024-02-16,Rabat,T000976,Alimentation,Pates,78.15,2,10.0,carte,False
2024-05-03,Agadir,T000978,Sports,Tapis Yoga,584.56,1,5.0,Carte,False
2024-09-20,Rabat,T000979,Vetements,Chaussures,287.46,3,0.0,En ligne,False
2024-01-18,Casablanca,T000980,Maison,Miroir,273.05,1,0.0,Carte,False
2024-01-04,Casablanca,T000981,Maison,Chaise,893.18,1,5.0,Especes,False
2024-07-15,Casablanca,T000982,Alimentation,Huile,33.32,2,0.0,Especes,False
2024-12-19,Marrakech,T000983,Alimentation,Huile,12.04,1,0.0,Especes,False
2024-10-21,Tanger,T000984,Beaute,Savon,415.01,2,0.0,Especes,False
2024-12-12,Rabat,T000985,Sports,Velo appartement,446.44,2,10.0,Carte,False
2024-05-28,Agadir,T000987,Alimentation,Riz,208.95,1,0.0,Especes,False
2024-03-20,Fes,T000988,Electronique,Casque,295.46,2,5.0,Carte,False
2024-06-28,Tanger,T000989,Beaute,Serum,532.56,2,0.0,Especes,False
2024-02-07,Agadir,T000991,Sports,Halteres,651.29,1,0.0,Carte,False
2024-11-28,Tanger,T000992,Electronique,Souris,332.93,4,0.0,Especes,False
2024-12-11,Agadir,T000993,Vetements,Jean,558.01,2,0.0,En ligne,False
2024-06-28,Marrakech,T000995,Vetements,Veste,604.02,1,,CB,False
2024-03-28,Fes,T000996,Beaute,Savon,133.89,1,0.0,Especes,False
2024-06-27,Rabat,T000997,Beaute,Maquillage,340.05,1,,En ligne,False
2024-02-06,Fes,T000998,Maison,Table,779.69,1,0.0,Carte,False
2024-07-26,Rabat,T000999,Alimentation,Cereales,113.17,1,0.0,Carte,False
2024-06-06,Fes,T001000,Alimentation,Cafe,18.94,1,0.0,Especes,False
2024-06-25,Rabat,T001001,Alimentation,Huile,94.49,2,5.0,En-ligne,False
2024-10-23,Marrakech,T001002,Beaute,Parfum,56.85,2,0.0,En ligne,False
2024-01-06,Agadir,T001004,Electronique,Ecouteurs,2128.75,2,10.0,Especes,False
2024-10-19,Casablanca,T001005,Electronique,Souris,2881.05,4,0.0,Especes,False
2024-12-03,Marrakech,T001006,Vetements,Veste,755.95,1,10.0,Carte,False
2024-04-30,Fes,T001007,Electronique,Casque,266.04,3,0.0,En ligne,False
2024-06-08,Fes,T001008,Vetements,Jean,742.61,2,0.0,Carte,False
2024-01-10,Agadir,T001009,Sports,Velo appartement,1453.58,1,5.0,Carte,False
2024-10-04,Rabat,T001010,Sports,Velo appartement,1258.62,1,5.0,Especes,False
2024-10-22,Fes,T001011,Sports,Raquette,1519.19,1,0.0,Especes,False
2024-08-12,Agadir,T001012,Sports,Raquette,1694.0,2,0.0,En ligne,False
2024-03-18,Rabat,T001013,Vetements,Veste,795.27,1,0.0,En ligne,False
2024-09-04,Agadir,T001014,Alimentation,The,46.77,1,5.0,Carte,False
2024-03-26,Agadir,T001015,Maison,Chaise,541.49,2,0.0,Carte,False
2024-08-21,Fes,T001016,Maison,Chaise,1253.83,1,0.0,En ligne,False
2024-04-20,Agadir,T001017,Maison,Coussin,218.21,1,0.0,Especes,False
2024-05-07,Rabat,T001018,Vetements,Veste,742.14,2,0.0,Carte,False
2024-01-20,Casablanca,T001019,Maison,Coussin,1239.11,1,0.0,En ligne,False
2024-05-24,Casablanca,T001021,Beaute,Maquillage,176.69,2,0.0,En ligne,False
2024-09-09,Tanger,T001022,Beaute,Serum,249.31,1,15.0,Especes,False
2024-07-16,Agadir,T001024,Vetements,Jean,108.06,1,0.0,Especes,False
2024-02-16,Marrakech,T001025,Maison,Miroir,131.44,1,0.0,Carte,False
2024-05-16,Marrakech,T001026,Electronique,Ecouteurs,1865.31,2,0.0,Especes,False
2024-05-21,Rabat,T001027,Alimentation,Huile,76.92,3,5.0,En ligne,False
2024-10-31,Casablanca,T001028,Vetements,Jean,292.17,3,10.0,En ligne,False
2024-10-31,Marrakech,T001031,Vetements,Chaussures,167.72,1,0.0,Especes,False
2024-01-08,Rabat,T001032,Vetements,Veste,630.81,1,0.0,carte,False
2024-06-24,Rabat,T001033,Vetements,Jean,656.74,1,10.0,En ligne,False
2024-07-01,Tanger,T001034,Alimentation,Huile,71.21,2,10.0,Carte,False
2024-11-28,Casablanca,T001036,Sports,Ballon,1305.24,2,5.0,En ligne,False
2024-06-13,Casablanca,T001037,Sports,Raquette,693.85,1,,Especes,False
2024-09-18,Tanger,T001039,Sports,Tapis Yoga,1138.66,1,0.0,En ligne,False
2024-04-17,Marrakech,T001040,Electronique,Ecouteurs,1412.57,1,5.0,Carte,False
2024-12-28,Rabat,T001041,Alimentation,The,24.3,2,10.0,En-ligne,False
2024-03-07,Marrakech,T001042,Vetements,Veste,473.61,1,5.0,Especes,False
2024-02-10,Tanger,T001043,Alimentation,Cereales,71.53,1,,En ligne,False
2024-08-29,Agadir,T001044,Beaute,Serum,394.08,2,0.0,En ligne,False
2024-06-20,Agadir,T001045,Alimentation,Huile,166.44,1,0.0,En ligne,False
2024-01-19,Rabat,T001047,Alimentation,Pates,112.01,1,5.0,CB,False
2024-03-18,Casablanca,T001048,Electronique,Souris,2915.22,2,0.0,Carte,False
2024-04-20,Tanger,T001050,Beaute,Maquillage,371.95,2,0.0,Carte,False
2024-07-19,Marrakech,T001051,Alimentation,Cafe,213.48,2,0.0,Especes,False
2024-11-01,Marrakech,T001052,Beaute,Serum,692.87,1,0.0,Especes,False
2024-06-18,Marrakech,T001053,Maison,Table,476.77,1,0.0,Carte,False
2024-12-04,Agadir,T001054,Vetements,Jean,728.28,1,0.0,Especes,False
2024-10-26,Casablanca,T001055,Beaute,Serum,120.67,2,0.0,En ligne,False
2024-09-07,Tanger,T001057,Alimentation,Cafe,38.16,1,5.0,En ligne,False
2024-01-11,Marrakech,T001059,Electronique,Souris,1763.62,1,5.0,Carte,False
2024-08-01,Rabat,T001060,Alimentation,Riz,143.15,1,0.0,Carte,False
2024-06-11,Tanger,T001062,Vetements,Veste,514.59,1,0.0,Especes,False
2024-12-21,Fes,T001063,Maison,Table,283.43,1,0.0,Carte,False
2024-11-15,Casablanca,T001064,Vetements,Sweat,249.0,1,0.0,Carte,False
2024-05-08,Tanger,T001065,Maison,Tapis,538.54,2,0.0,Carte,False
2024-05-31,Rabat,T001067,Beaute,Savon,225.01,1,0.0,En ligne,False
2024-02-20,Rabat,T001068,Maison,Lampe,1109.02,1,5.0,Carte,False
2024-03-12,Tanger,T001069,Alimentation,Pates,40.56,2,0.0,Especes,False
2024-10-23,Tanger,T001070,Electronique,Tablette,3349.03,1,10.0,En ligne,False
2024-01-01,Casablanca,T001071,Alimentation,Pates,218.93,1,10.0,Carte,False
2024-11-13,Tanger,T001073,Beaute,Savon,649.11,1,5.0,En ligne,False
2024-01-16,Tanger,T001074,Electronique,Ecouteurs,803.98,1,0.0,En ligne,False
2024-11-02,Marrakech,T001075,Electronique,Ecouteurs,2639.61,2,0.0,Carte,False
2024-08-31,Fes,T001076,Alimentation,Huile,172.68,2,5.0,En ligne,False
2024-11-05,Marrakech,T001078,Sports,Chaussures Running,512.36,2,15.0,Especes,False
2024-11-26,Casablanca,T001079,Vetements,Jean,238.64,2,15.0,En ligne,False
2024-05-03,Tanger,T001080,Beaute,Serum,50.48,3,0.0,Especes,False
2024-07-17,Fes,T001081,Beaute,Maquillage,633.41,1,0.0,Carte,False
2024-02-22,Agadir,T001082,Alimentation,Riz,165.61,1,0.0,Carte,False
2024-07-18,Agadir,T001083,Electronique,Souris,593.5,3,0.0,Especes,False
2024-03-15,Marrakech,T001084,Sports,Ballon,1444.44,1,10.0,Carte,False
2024-08-23,Tanger,T001086,Sports,Ballon,848.11,2,0.0,Especes,False
2024-10-23,Agadir,T001087,Sports,Velo appartement,447.41,2,0.0,En ligne,False
2024-06-03,Casablanca,T001088,Electronique,Smartphone,3461.9,4,0.0,Carte,False
2024-06-27,Casablanca,T001089,Maison,Lampe,814.36,3,0.0,Carte,False
2024-07-26,Marrakech,T001092,Beaute,Savon,285.99,1,0.0,En ligne,False
2024-12-21,Marrakech,T001094,Beaute,Shampooing,269.28,1,15.0,Especes,False
2024-08-12,Agadir,T001096,Beaute,Maquillage,508.81,1,10.0,En ligne,False
2024-03-19,Rabat,T001098,Alimentation,Cereales,51.48,1,5.0,Especes,False
2024-11-22,Fes,T001099,Electronique,Clavier,1951.35,3,0.0,Carte,False
2024-03-06,Casablanca,T001100,Alimentation,Riz,155.97,1,10.0,Carte,False
2024-10-12,Casablanca,T001101,Sports,Ballon,442.62,2,0.0,Especes,False
2024-06-21,Marrakech,T001102,Alimentation,Cereales,135.26,1,5.0,Carte,False
2024-06-21,Tanger,T001103,Maison,Miroir,535.75,2,10.0,En ligne,False
2024-04-11,Casablanca,T001104,Vetements,Veste,582.37,2,0.0,Carte,False
2024-09-02,Tanger,T001105,Alimentation,Huile,25.97,1,0.0,Carte,False
2024-02-05,Casablanca,T001106,Beaute,Creme,304.43,1,0.0,En ligne,False
2024-07-30,Rabat,T001107,Beaute,Creme,305.69,1,0.0,En ligne,False
2024-11-18,Marrakech,T001108,Alimentation,Pates,122.83,1,0.0,Especes,False
2024-10-03,Tanger,T001109,Alimentation,Cereales,168.23,3,,CB,False
2024-10-29,Casablanca,T001110,Electronique,Casque,2022.64,1,,Carte,False
2024-12-03,Rabat,T001111,Vetements,Veste,599.44,1,10.0,En ligne,False
2024-03-25,Agadir,T001112,Sports,Chaussures Running,437.18,2,0.0,En ligne,False
2024-12-28,Fes,T001113,Sports,Chaussures Running,822.27,3,0.0,En ligne,False
2024-03-15,Rabat,T001114,Electronique,Clavier,1906.1,1,0.0,En ligne,False
2024-09-26,Agadir,T001115,Maison,Table,1021.79,1,0.0,Carte,False
2024-09-27,Casablanca,T001116,Alimentation,Cereales,120.11,1,0.0,Carte,False
2024-12-21,Fes,T001117,Vetements,Veste,239.39,1,0.0,Especes,False
2024-04-26,Tanger,T001118,Beaute,Parfum,556.89,2,0.0,En ligne,False
2024-06-26,Rabat,T001120,Beaute,Maquillage,480.05,2,15.0,carte,False
2024-03-09,Marrakech,T001122,Alimentation,Riz,165.55,1,5.0,En ligne,False
2024-10-01,Rabat,T001123,Electronique,Tablette,633.95,1,0.0,Especes,False
2024-03-28,Marrakech,T001124,Beaute,Shampooing,77.48,1,0.0,Especes,False
2024-08-16,Marrakech,T001125,Maison,Coussin,127.74,1,5.0,Especes,False
2024-10-28,Marrakech,T001126,Sports,Ballon,1476.27,2,0.0,Especes,False
2024-06-29,Tanger,T001127,Sports,Velo appartement,82.41,1,0.0,Carte,False
2024-12-05,Rabat,T001128,Maison,Miroir,1004.5,2,0.0,En ligne,False
2024-09-17,Casablanca,T001129,Alimentation,The,145.44,1,0.0,En ligne,False
2024-10-02,Fes,T001130,Maison,Miroir,887.59,1,5.0,En ligne,False
2024-05-01,Rabat,T001131,Vetements,Sweat,199.69,2,0.0,En ligne,False
2024-04-09,Rabat,T001132,Vetements,Veste,599.08,1,0.0,Especes,False
2024-02-10,Agadir,T001133,Vetements,Veste,767.27,1,0.0,Especes,False
2024-04-16,Marrakech,T001134,Electronique,Souris,573.69,1,,Especes,False
2024-01-31,Marrakech,T001135,Electronique,Tablette,2224.06,1,10.0,Carte,False
2024-04-05,Agadir,T001136,Maison,Lampe,765.1,2,0.0,En ligne,False
2024-12-12,Casablanca,T001138,Alimentation,Huile,129.4,3,0.0,Carte,False
2024-01-27,Marrakech,T001139,Sports,Raquette,752.05,1,5.0,Especes,False
2024-10-23,Marrakech,T001140,Electronique,Ecouteurs,2273.63,1,0.0,En ligne,False
2024-09-19,Tanger,T001141,Maison,Table,1017.52,2,5.0,carte,False
2024-11-23,Tanger,T001143,Vetements,T-shirt,793.56,1,0.0,Especes,False
2024-11-18,Tanger,T001144,Vetements,T-shirt,154.39,2,5.0,Especes,False
2024-07-24,Fes,T001146,Beaute,Parfum,258.81,2,0.0,Especes,False
2024-07-24,Tanger,T001148,Electronique,Smartphone,2357.4,1,0.0,Carte,False
2024-06-20,Casablanca,T001150,Electronique,Casque,2185.67,1,10.0,En-ligne,False
2024-03-23,Rabat,T001151,Beaute,Creme,251.47,2,10.0,Especes,False
2024-05-27,Marrakech,T001152,Sports,Tapis Yoga,510.72,1,5.0,Carte,False
2024-04-25,Agadir,T001153,Electronique,Clavier,2079.03,3,15.0,Carte,False
2024-05-09,Marrakech,T001155,Electronique,Souris,2676.06,1,0.0,Carte,False
2024-12-19,Casablanca,T001156,Alimentation,Riz,157.03,1,0.0,En-ligne,False
2024-05-09,Rabat,T001157,Maison,Chaise,545.05,1,15.0,Especes,False
2024-12-11,Casablanca,T001158,Electronique,Souris,2742.93,3,0.0,En ligne,False
2024-09-28,Fes,T001160,Electronique,Ecouteurs,3254.18,1,0.0,Especes,False
2024-04-29,Rabat,T001162,Beaute,Shampooing,270.29,2,0.0,En ligne,False
2024-05-24,Tanger,T001163,Alimentation,Cereales,92.44,1,0.0,Especes,False
2024-06-03,Rabat,T001164,Sports,Tapis Yoga,734.37,1,0.0,Especes,False
2024-05-29,Tanger,T001165,Maison,Coussin,1360.89,1,5.0,En ligne,False
2024-10-07,Casablanca,T001166,Alimentation,The,51.7,1,0.0,En-ligne,False
2024-04-27,Fes,T001168,Sports,Ballon,1568.16,1,10.0,En ligne,False
2024-02-13,Fes,T001169,Electronique,Casque,2234.97,2,0.0,Carte,False
2024-08-10,Fes,T001170,Alimentation,Cereales,149.67,3,5.0,Especes,False
2024-12-30,Rabat,T001171,Beaute,Creme,178.38,1,,Carte,False
2024-07-12,Agadir,T001173,Vetements,Veste,352.39,1,0.0,Carte,False
2024-09-19,Marrakech,T001174,Sports,Ballon,651.27,1,0.0,En ligne,False
2024-01-19,Agadir,T001176,Alimentation,Cafe,123.1,1,0.0,Especes,False
2024-12-16,Rabat,T001177,Electronique,Ecouteurs,1052.93,2,15.0,Especes,False
2024-10-12,Casablanca,T001178,Sports,Raquette,1029.88,1,0.0,Especes,False
2024-05-31,Casablanca,T001179,Alimentation,The,65.29,1,0.0,Especes,False
2024-06-24,Tanger,T001180,Vetements,Sweat,688.19,1,0.0,En ligne,False
2024-11-20,Agadir,T001181,Vetements,Sweat,180.81,3,5.0,En ligne,False
2024-04-23,Casablanca,T001182,Beaute,Serum,258.6,2,15.0,Carte,False
2024-03-12,Agadir,T001183,Alimentation,Pates,175.45,2,0.0,Carte,False
2024-10-26,Fes,T001185,Alimentation,Cafe,40.56,1,0.0,Carte,False
2024-02-21,Rabat,T001186,Vetements,Jean,852.22,1,0.0,Carte,False
2024-12-10,Fes,T001187,Electronique,Ecouteurs,2623.67,3,0.0,Especes,False
2024-08-12,Tanger,T001189,Electronique,Casque,593.63,2,15.0,Carte,False
2024-08-28,Agadir,T001190,Beaute,Savon,587.47,2,0.0,Especes,False
2024-09-27,Fes,T001191,Electronique,Tablette,1183.43,2,0.0,En ligne,False
2024-05-21,Fes,T001192,Sports,Raquette,1030.94,2,5.0,En ligne,False
2024-02-14,Marrakech,T001193,Maison,Tapis,920.5,1,10.0,En ligne,False
2024-06-10,Agadir,T001195,Electronique,Smartphone,310.9,2,10.0,CB,False
2024-01-30,Casablanca,T001196,Beaute,Parfum,512.14,1,0.0,Especes,False
2024-05-04,Fes,T001197,Electronique,Souris,1615.89,2,0.0,Especes,False
2024-05-16,Agadir,T001199,Alimentation,Cereales,185.51,2,0.0,En ligne,False
2024-05-11,Tanger,T001200,Electronique,Ecouteurs,2092.57,1,5.0,Carte,False
2024-09-10,Fes,T001202,Sports,Raquette,327.17,3,0.0,En ligne,False
2024-03-05,Fes,T001203,Vetements,Jean,269.78,1,5.0,Carte,False
2024-06-14,Fes,T001204,Alimentation,Pates,139.44,1,10.0,Especes,False
2024-09-18,Rabat,T001206,Beaute,Savon,608.95,1,5.0,Carte,False
2024-02-28,Agadir,T001207,Sports,Raquette,351.42,1,5.0,En ligne,False
2024-01-17,Fes,T001209,Alimentation,Pates,120.24,2,0.0,Especes,False
2024-06-25,Casablanca,T001210,Sports,Chaussures Running,1204.81,2,0.0,En ligne,False
2024-02-07,Marrakech,T001211,Alimentation,The,91.94,2,0.0,En ligne,False
2024-06-19,Agadir,T001214,Alimentation,Huile,95.74,2,0.0,Carte,False
2024-02-06,Marrakech,T001215,Beaute,Maquillage,50.38,1,0.0,Carte,False
2024-10-12,Rabat,T001217,Maison,Lampe,111.11,2,0.0,Especes,False
2024-08-21,Marrakech,T001218,Vetements,T-shirt,110.68,1,0.0,Especes,False
2024-03-09,Agadir,T001219,Vetements,Sweat,585.72,1,0.0,En ligne,False
2024-08-31,Rabat,T001221,Alimentation,The,107.14,2,10.0,En ligne,False
2024-11-20,Marrakech,T001223,Vetements,T-shirt,132.31,1,0.0,En-ligne,False
2024-11-09,Fes,T001224,Vetements,Veste,569.51,1,10.0,CB,False
2024-07-09,Rabat,T001225,Electronique,Clavier,931.81,1,0.0,Carte,False
2024-04-26,Agadir,T001226,Electronique,Souris,2695.33,1,0.0,Especes,False
2024-12-23,Rabat,T001227,Electronique,Tablette,2558.54,2,10.0,Carte,False
2024-04-02,Tanger,T001228,Alimentation,Pates,75.31,1,5.0,En ligne,False
2024-05-03,Agadir,T001229,Alimentation,Cereales,95.12,2,5.0,En ligne,False
2024-10-21,Tanger,T001230,Alimentation,Riz,208.22,1,15.0,Especes,False
2024-01-08,Casablanca,T001231,Vetements,Chaussures,666.19,4,5.0,En ligne,False
2024-01-18,Fes,T001232,Sports,Tapis Yoga,393.63,2,0.0,Carte,False
2024-05-17,Marrakech,T001233,Maison,Miroir,181.06,2,0.0,En ligne,False
2024-10-07,Marrakech,T001235,Electronique,Casque,2171.22,1,0.0,En ligne,False
2024-04-01,Tanger,T001236,Electronique,Tablette,1041.51,1,15.0,En ligne,False
2024-06-08,Tanger,T001237,Sports,Chaussures Running,659.6,1,5.0,En ligne,False
2024-04-19,Tanger,T001238,Electronique,Tablette,3335.99,1,15.0,Especes,False
2024-01-29,Rabat,T001239,Alimentation,Cafe,91.88,2,0.0,Carte,False
2024-02-19,Marrakech,T001240,Electronique,Clavier,3043.69,2,0.0,Carte,False
2024-06-13,Rabat,T001241,Sports,Halteres,105.42,2,5.0,Especes,False
2024-01-31,Agadir,T001243,Maison,Miroir,684.45,1,5.0,CB,False
2024-06-25,Marrakech,T001244,Maison,Miroir,458.1,2,0.0,En ligne,False
2024-01-01,Fes,T001245,Alimentation,Huile,37.24,1,0.0,Carte,False
2024-03-29,Agadir,T001248,Beaute,Parfum,227.01,1,0.0,Especes,False
2024-04-22,Agadir,T001249,Alimentation,Riz,25.43,3,5.0,Carte,False
2024-02-10,Fes,T001250,Alimentation,The,62.19,2,0.0,Especes,False
2024-11-14,Casablanca,T001251,Maison,Tapis,385.03,1,0.0,Carte,False
2024-04-24,Casablanca,T001253,Maison,Lampe,200.81,1,0.0,Especes,False
2024-08-24,Rabat,T001254,Alimentation,Cereales,197.87,1,15.0,En ligne,False
2024-06-08,Agadir,T001255,Sports,Chaussures Running,177.35,2,0.0,Carte,False
2024-08-24,Rabat,T001256,Alimentation,Cafe,100.7,1,0.0,Carte,False
2024-10-16,Casablanca,T001257,Alimentation,Cafe,140.89,1,10.0,Carte,False
2024-06-06,Tanger,T001258,Alimentation,Riz,115.47,2,10.0,Carte,False
2024-11-02,Tanger,T001260,Vetements,Sweat,665.08,2,0.0,carte,False
2024-09-23,Fes,T001261,Maison,Lampe,248.72,1,15.0,Carte,False
2024-08-27,Rabat,T001263,Electronique,Souris,1058.2,1,0.0,Especes,False
2024-01-05,Tanger,T001264,Beaute,Maquillage,537.15,1,5.0,carte,False
2024-08-17,Agadir,T001266,Alimentation,Cafe,208.95,2,15.0,carte,False
2024-06-29,Agadir,T001267,Vetements,T-shirt,368.8,2,10.0,Carte,False
2024-05-24,Casablanca,T001268,Maison,Table,196.21,2,0.0,Carte,False
2024-10-23,Fes,T001269,Alimentation,Pates,94.19,2,0.0,Especes,False
2024-09-16,Casablanca,T001270,Beaute,Parfum,292.37,2,0.0,En ligne,False
2024-04-18,Tanger,T001271,Sports,Chaussures Running,1178.39,1,10.0,Especes,False
2024-09-13,Tanger,T001273,Beaute,Serum,688.47,1,0.0,Carte,False
2024-04-11,Agadir,T001274,Alimentation,Huile,211.58,2,0.0,Especes,False
2024-07-08,Tanger,T001275,Electronique,Smartphone,794.37,1,10.0,Especes,False
2024-03-02,Fes,T001276,Alimentation,Pates,58.56,1,5.0,Carte,False
2024-03-08,Fes,T001277,Electronique,Tablette,1387.92,1,0.0,Carte,False
2024-03-14,Fes,T001278,Beaute,Shampooing,172.63,2,10.0,Especes,False
2024-12-05,Agadir,T001279,Sports,Ballon,443.83,1,0.0,Carte,False
2024-06-17,Marrakech,T001280,Sports,Ballon,1612.7,1,0.0,En ligne,False
2024-06-03,Fes,T001281,Alimentation,Huile,55.98,2,5.0,Especes,False
2024-12-28,Rabat,T001282,Beaute,Creme,415.41,2,10.0,En ligne,False
2024-12-09,Rabat,T001283,Alimentation,Riz,152.48,3,0.0,CB,False
2024-07-04,Casablanca,T001284,Beaute,Maquillage,127.35,1,0.0,Especes,False
2024-10-31,Casablanca,T001285,Alimentation,Cafe,164.97,2,0.0,Carte,False
2024-07-12,Rabat,T001286,Alimentation,Riz,169.07,1,5.0,En-ligne,False
2024-11-11,Fes,T001287,Beaute,Maquillage,146.34,1,0.0,Carte,False
2024-11-15,Rabat,T001288,Alimentation,Cafe,36.19,1,0.0,Carte,False
2024-09-18,Agadir,T001290,Alimentation,Riz,25.45,1,5.0,CB,False
2024-05-29,Marrakech,T001291,Alimentation,Cereales,65.19,1,10.0,Especes,False
2024-04-23,Fes,T001292,Beaute,Savon,72.85,2,0.0,En ligne,False
2024-11-14,Marrakech,T001293,Alimentation,Cereales,65.93,1,0.0,Especes,False
2024-07-30,Rabat,T001294,Vetements,Sweat,593.32,1,10.0,En ligne,False
2024-09-09,Agadir,T001295,Beaute,Maquillage,406.53,1,0.0,Carte,False
2024-04-15,Agadir,T001296,Electronique,Tablette,1064.92,2,0.0,Especes,False
2024-02-20,Agadir,T001297,Electronique,Souris,538.67,1,10.0,Especes,False
2024-01-15,Fes,T001299,Alimentation,Cereales,215.93,2,5.0,En ligne,False
2024-02-08,Marrakech,T001301,Maison,Lampe,1060.43,1,0.0,En ligne,False
2024-05-06,Marrakech,T001302,Maison,Lampe,1269.31,3,0.0,En ligne,False
2024-12-03,Tanger,T001303,Sports,Halteres,825.68,1,10.0,En ligne,False
2024-05-30,Rabat,T001304,Maison,Table,631.62,1,0.0,En ligne,False
2024-11-25,Casablanca,T001305,Vetements,Chaussures,474.81,1,15.0,Carte,False
2024-05-13,Rabat,T001306,Vetements,Jean,342.95,1,0.0,En ligne,False
2024-11-05,Agadir,T001307,Alimentation,Riz,180.47,1,0.0,Carte,False
2024-06-25,Marrakech,T001308,Electronique,Souris,685.39,2,0.0,Carte,False
2024-03-26,Rabat,T001309,Alimentation,Riz,178.43,1,0.0,En ligne,False
2024-12-24,Marrakech,T001311,Sports,Chaussures Running,525.5,1,15.0,En ligne,False
2024-04-17,Casablanca,T001312,Vetements,Robe,865.16,1,15.0,En ligne,False
2024-01-25,Tanger,T001313,Alimentation,Cafe,60.09,2,0.0,Especes,False
2024-08-29,Tanger,T001314,Sports,Tapis Yoga,1798.59,1,0.0,Especes,False
2024-01-11,Marrakech,T001315,Electronique,Ecouteurs,3170.75,1,5.0,Carte,False
2024-06-25,Casablanca,T001317,Electronique,Tablette,1044.45,1,0.0,Especes,False
2024-11-14,Casablanca,T001318,Sports,Raquette,215.21,1,10.0,En ligne,False
2024-08-24,Casablanca,T001319,Vetements,Robe,297.53,1,0.0,En ligne,False
2024-06-17,Casablanca,T001320,Beaute,Savon,522.32,1,0.0,En ligne,False
2024-01-08,Casablanca,T001321,Alimentation,Cereales,182.01,3,0.0,Carte,False
2024-08-06,Fes,T001322,Maison,Coussin,102.89,1,0.0,Especes,False
2024-03-13,Casablanca,T001323,Alimentation,Huile,87.41,3,10.0,En ligne,False
2024-11-02,Casablanca,T001324,Electronique,Smartphone,1714.21,2,15.0,En ligne,False
2024-05-30,Rabat,T001325,Vetements,Veste,864.64,1,5.0,En ligne,False
2024-12-25,Fes,T001326,Maison,Tapis,1370.8,3,10.0,Carte,False
2024-10-04,Fes,T001327,Beaute,Creme,68.84,2,0.0,Carte,False
2024-02-22,Fes,T001328,Alimentation,Cafe,134.22,1,15.0,Especes,False
2024-10-15,Fes,T001329,Maison,Miroir,488.1,1,10.0,En ligne,False
2024-02-14,Marrakech,T001332,Beaute,Serum,103.13,2,0.0,Especes,False
2024-09-10,Marrakech,T001333,Alimentation,The,22.81,1,0.0,Carte,False
2024-10-18,Agadir,T001334,Alimentation,Cafe,101.1,4,10.0,Especes,False
2024-03-11,Tanger,T001335,Alimentation,Cafe,82.19,1,0.0,Carte,False
2024-03-08,Rabat,T001336,Alimentation,Pates,80.11,1,0.0,En ligne,False
2024-02-26,Agadir,T001337,Vetements,Veste,253.79,2,0.0,En-ligne,False
2024-12-30,Fes,T001338,Vetements,Jean,500.25,1,5.0,En ligne,False
2024-10-15,Fes,T001339,Sports,Velo appartement,1089.32,2,10.0,Especes,False
2024-06-10,Tanger,T001340,Vetements,Sweat,137.98,2,10.0,Carte,False
2024-10-28,Fes,T001341,Electronique,Ecouteurs,2035.82,1,0.0,carte,False
2024-11-18,Fes,T001342,Alimentation,Cereales,74.58,1,5.0,Especes,False
2024-09-17,Fes,T001343,Maison,Tapis,494.09,1,0.0,Carte,False
2024-09-11,Marrakech,T001344,Maison,Table,1180.98,1,0.0,CB,False
2024-03-13,Fes,T001345,Beaute,Parfum,479.98,1,0.0,En ligne,False
2024-11-30,Tanger,T001347,Alimentation,Cafe,138.46,2,10.0,CB,False
2024-05-22,Fes,T001348,Alimentation,Riz,118.78,1,5.0,Carte,False
2024-02-14,Tanger,T001349,Sports,Velo appartement,1485.67,1,,Carte,False
2024-11-14,Marrakech,T001353,Alimentation,Pates,154.67,1,10.0,En ligne,False
2024-06-14,Marrakech,T001354,Alimentation,Cereales,66.5,2,15.0,Carte,False
2024-05-27,Tanger,T001355,Maison,Coussin,466.39,1,10.0,Especes,False
2024-10-14,Rabat,T001357,Beaute,Parfum,162.47,1,0.0,Especes,False
2024-01-03,Fes,T001358,Sports,Raquette,204.25,1,0.0,En-ligne,False
2024-07-24,Rabat,T001359,Electronique,Smartphone,246.66,1,0.0,Carte,False
2024-05-16,Marrakech,T001360,Maison,Tapis,623.11,2,10.0,CB,False
2024-08-15,Fes,T001362,Electronique,Tablette,1220.16,1,5.0,Especes,False
2024-07-23,Tanger,T001364,Alimentation,Cereales,107.68,1,10.0,Carte,False
2024-06-27,Marrakech,T001365,Vetements,Chaussures,858.52,2,10.0,Especes,False
2024-08-23,Agadir,T001366,Maison,Tapis,718.06,3,0.0,En ligne,False
2024-10-02,Agadir,T001367,Alimentation,The,167.34,1,0.0,En-ligne,False
2024-10-08,Fes,T001368,Electronique,Ecouteurs,792.04,1,5.0,En ligne,False
2024-12-16,Marrakech,T001369,Electronique,Casque,3079.82,1,5.0,Especes,False
2024-01-04,Agadir,T001370,Alimentation,Cafe,50.64,2,5.0,Especes,False
2024-03-28,Rabat,T001371,Beaute,Shampooing,89.2,1,0.0,En-ligne,False
2024-03-29,Agadir,T001373,Beaute,Shampooing,72.78,2,0.0,Carte,False
2024-08-19,Fes,T001374,Vetements,Sweat,312.99,2,5.0,En-ligne,False
2024-05-25,Rabat,T001375,Sports,Halteres,1750.28,2,5.0,En ligne,False
2024-01-23,Tanger,T001376,Alimentation,The,45.35,1,0.0,En ligne,False
2024-10-11,Fes,T001377,Sports,Tapis Yoga,1771.33,2,15.0,Especes,False
2024-07-18,Tanger,T001378,Maison,Table,997.32,1,0.0,Especes,False
2024-08-13,Marrakech,T001379,Maison,Chaise,230.7,2,0.0,Especes,False
2024-12-14,Casablanca,T001380,Alimentation,Cafe,159.03,2,0.0,Carte,False
2024-08-19,Rabat,T001381,Beaute,Serum,171.48,1,10.0,En ligne,False
2024-12-31,Agadir,T001382,Maison,Miroir,1007.44,2,0.0,En ligne,False
2024-05-04,Marrakech,T001383,Sports,Ballon,665.19,1,0.0,Especes,False
2024-12-17,Rabat,T001385,Alimentation,Cafe,123.67,4,10.0,CB,False
2024-10-29,Marrakech,T001386,Alimentation,Cereales,74.31,1,10.0,Especes,False
2024-06-10,Agadir,T001387,Sports,Velo appartement,1268.68,2,10.0,En ligne,False
2024-08-06,Rabat,T001388,Beaute,Parfum,199.84,3,0.0,CB,False
2024-08-22,Marrakech,T001390,Beaute,Maquillage,116.58,1,5.0,Carte,False
2024-02-29,Agadir,T001391,Electronique,Casque,2433.82,1,10.0,Carte,False
2024-12-20,Fes,T001392,Electronique,Tablette,1786.25,2,10.0,En ligne,False
2024-03-11,Tanger,T001393,Beaute,Creme,648.86,2,0.0,Carte,False
2024-11-12,Rabat,T001395,Vetements,T-shirt,599.76,2,0.0,En ligne,False
2024-01-08,Rabat,T001396,Sports,Ballon,172.33,1,0.0,Carte,False
2024-11-04,Fes,T001397,Alimentation,Pates,70.84,1,0.0,Especes,False
2024-12-12,Casablanca,T001398,Maison,Chaise,722.41,1,0.0,En ligne,False
2024-08-14,Rabat,T001399,Vetements,T-shirt,597.2,1,10.0,En ligne,False
2024-01-10,Fes,T001400,Alimentation,Cereales,113.04,4,10.0,carte,False
2024-07-09,Marrakech,T001402,Alimentation,Huile,64.12,1,0.0,Especes,False
2024-05-08,Fes,T001403,Alimentation,Riz,171.84,2,0.0,En ligne,False
2024-07-03,Tanger,T001404,Alimentation,Riz,23.39,1,10.0,CB,False
2024-11-28,Fes,T001406,Sports,Chaussures Running,640.09,1,10.0,En ligne,False
2024-04-24,Rabat,T001407,Beaute,Savon,232.05,2,0.0,Especes,False
2024-10-17,Rabat,T001408,Beaute,Maquillage,517.27,1,15.0,Especes,False
2024-07-24,Marrakech,T001409,Alimentation,The,202.7,1,0.0,En ligne,False
2024-07-26,Fes,T001410,Vetements,T-shirt,851.99,1,0.0,En ligne,False
2024-09-02,Agadir,T001411,Maison,Table,971.05,1,5.0,En ligne,False
2024-06-13,Marrakech,T001414,Vetements,Chaussures,351.95,1,5.0,En ligne,False
2024-06-12,Agadir,T001415,Electronique,Casque,2637.64,1,10.0,carte,False
2024-07-19,Marrakech,T001416,Electronique,Smartphone,3398.55,2,0.0,Carte,False
2024-03-15,Rabat,T001417,Vetements,T-shirt,612.27,1,0.0,Especes,False
2024-04-08,Fes,T001418,Maison,Lampe,716.24,1,10.0,Carte,False
2024-02-02,Rabat,T001419,Alimentation,Pates,150.17,2,10.0,En ligne,False
2024-10-12,Agadir,T001420,Vetements,Robe,760.34,1,5.0,Carte,False
2024-10-04,Fes,T001422,Electronique,Clavier,1313.48,1,0.0,Carte,False
2024-02-03,Casablanca,T001423,Electronique,Ecouteurs,880.36,2,0.0,Carte,False
2024-07-26,Marrakech,T001424,Electronique,Ecouteurs,975.27,1,0.0,Especes,False
2024-07-23,Agadir,T001425,Electronique,Casque,2445.04,2,0.0,En ligne,False
2024-10-30,Tanger,T001426,Alimentation,The,32.33,1,10.0,En ligne,False
2024-02-23,Agadir,T001427,Sports,Tapis Yoga,1266.69,1,0.0,Especes,False
2024-08-27,Rabat,T001428,Beaute,Creme,627.96,1,0.0,Especes,False
2024-11-19,Casablanca,T001429,Alimentation,Cafe,69.8,3,0.0,Carte,False
2024-12-07,Rabat,T001430,Beaute,Serum,386.71,2,0.0,Carte,False
2024-03-23,Tanger,T001431,Beaute,Serum,594.89,2,0.0,Especes,False
2024-04-19,Rabat,T001432,Maison,Lampe,572.01,1,10.0,Carte,False
2024-07-17,Rabat,T001433,Maison,Lampe,520.02,1,15.0,Especes,False
2024-03-07,Casablanca,T001437,Beaute,Parfum,571.42,1,10.0,En ligne,False
2024-08-14,Rabat,T001438,Vetements,Jean,458.76,1,0.0,En ligne,False
2024-05-31,Marrakech,T001439,Maison,Coussin,501.76,1,0.0,Carte,False
2024-05-10,Marrakech,T001440,Sports,Tapis Yoga,224.53,1,0.0,Especes,False
2024-10-01,Tanger,T001441,Sports,Ballon,356.63,1,0.0,Carte,False
2024-02-17,Casablanca,T001442,Sports,Raquette,1135.66,1,0.0,En ligne,False
2024-10-10,Marrakech,T001443,Sports,Ballon,1789.25,1,10.0,Carte,False
2024-10-11,Marrakech,T001444,Vetements,Veste,464.47,1,15.0,Carte,False
2024-11-26,Tanger,T001445,Vetements,Chaussures,822.75,2,0.0,En ligne,False
2024-07-06,Fes,T001446,Beaute,Serum,640.93,2,0.0,Especes,False
2024-10-10,Fes,T001447,Electronique,Souris,911.16,1,10.0,En ligne,False
2024-10-29,Casablanca,T001448,Electronique,Tablette,2379.12,1,5.0,En ligne,False
2024-04-17,Casablanca,T001449,Alimentation,Riz,166.26,2,0.0,En ligne,False
2024-11-02,Marrakech,T001450,Alimentation,Cafe,168.31,2,10.0,Carte,False
2024-06-28,Marrakech,T001451,Alimentation,Pates,123.48,1,0.0,En ligne,False
2024-10-29,Tanger,T001452,Sports,Halteres,431.67,1,0.0,Especes,False
2024-01-20,Agadir,T001453,Vetements,Robe,763.36,1,5.0,En ligne,False
2024-04-09,Casablanca,T001454,Beaute,Creme,252.57,2,0.0,En ligne,False
2024-12-23,Rabat,T001455,Sports,Chaussures Running,662.75,2,0.0,Carte,False
2024-02-17,Tanger,T001456,Maison,Coussin,210.09,1,0.0,carte,False
2024-02-10,Fes,T001457,Electronique,Clavier,2356.99,2,5.0,Especes,False
2024-10-24,Tanger,T001458,Alimentation,Cereales,123.9,1,0.0,Carte,False
2024-05-20,Casablanca,T001459,Alimentation,Huile,112.64,1,5.0,En ligne,False
2024-05-22,Agadir,T001460,Maison,Lampe,871.36,1,0.0,Carte,False
2024-11-05,Rabat,T001461,Alimentation,Cereales,26.38,1,0.0,Carte,False
2024-03-28,Fes,T001462,Vetements,Veste,186.83,1,5.0,carte,False
2024-07-01,Marrakech,T001464,Maison,Miroir,236.2,3,5.0,Carte,False
2024-10-08,Fes,T001466,Maison,Coussin,625.47,1,10.0,En ligne,False
2024-05-11,Fes,T001469,Maison,Table,1268.4,2,0.0,Carte,False
2024-09-05,Fes,T001470,Sports,Raquette,1078.48,3,10.0,En ligne,False
2024-07-19,Fes,T001471,Vetements,T-shirt,628.07,4,0.0,En ligne,False
2024-05-29,Casablanca,T001472,Alimentation,Huile,141.79,2,0.0,Especes,False
2024-01-31,Marrakech,T001473,Maison,Tapis,610.76,1,0.0,Especes,False
2024-06-18,Rabat,T001474,Sports,Halteres,980.77,1,0.0,Especes,False
2024-05-31,Agadir,T001476,Maison,Chaise,424.91,1,5.0,En ligne,False
2024-07-19,Tanger,T001479,Maison,Coussin,519.48,1,0.0,Especes,False
2024-03-01,Marrakech,T001480,Alimentation,Riz,44.88,2,10.0,Carte,False
2024-11-01,Rabat,T001481,Beaute,Savon,390.92,2,0.0,Carte,False
2024-02-27,Tanger,T001482,Sports,Halteres,542.51,1,0.0,Especes,False
2024-07-26,Fes,T001483,Electronique,Casque,1334.77,3,0.0,En ligne,False
2024-01-08,Casablanca,T001484,Maison,Coussin,812.72,1,,Especes,False
2024-06-19,Tanger,T001485,Sports,Raquette,325.18,2,0.0,En-ligne,False
2024-10-14,Rabat,T001486,Vetements,Robe,314.72,4,0.0,Especes,False
2024-01-31,Marrakech,T001487,Alimentation,Riz,73.79,1,5.0,En ligne,False
2024-10-30,Tanger,T001489,Alimentation,Huile,109.56,1,5.0,Carte,False
2024-03-22,Casablanca,T001490,Beaute,Serum,592.45,2,0.0,En ligne,False
2024-07-16,Agadir,T001491,Vetements,Veste,896.44,1,15.0,En ligne,False
2024-01-26,Casablanca,T001492,Maison,Tapis,954.89,3,10.0,En ligne,False
2024-02-13,Fes,T001493,Vetements,Veste,498.37,2,0.0,Especes,False
2024-10-17,Marrakech,T001494,Alimentation,Cafe,199.88,1,0.0,En ligne,False
2024-05-18,Casablanca,T001495,Electronique,Smartphone,1219.55,1,15.0,Especes,False
2024-04-05,Rabat,T001496,Beaute,Creme,605.15,1,0.0,En-ligne,False
2024-05-04,Fes,T001497,Beaute,Serum,190.8,2,0.0,En-ligne,False
2024-07-20,Tanger,T001498,Electronique,Tablette,351.59,1,0.0,En ligne,False
2024-01-05,Casablanca,T001499,Electronique,Souris,3358.28,1,0.0,Especes,False
2024-03-20,Tanger,T001500,Alimentation,Cafe,213.49,1,0.0,Carte,False
2024-09-13,Tanger,T001501,Electronique,Clavier,2109.26,2,10.0,En ligne,False
2024-10-12,Agadir,T001502,Maison,Lampe,773.19,1,5.0,Carte,False
2024-12-16,Rabat,T001503,Electronique,Smartphone,3477.87,1,0.0,Carte,False
2024-06-05,Tanger,T001504,Vetements,Chaussures,142.67,1,0.0,Carte,False
2024-07-23,Agadir,T001506,Electronique,Tablette,2144.47,1,0.0,Especes,False
2024-07-24,Tanger,T001507,Sports,Raquette,1483.51,1,10.0,carte,False
2024-11-27,Fes,T001510,Sports,Chaussures Running,501.25,3,10.0,En ligne,False
2024-10-31,Fes,T001512,Alimentation,Cafe,197.71,2,,En ligne,False
2024-03-04,Tanger,T001513,Maison,Coussin,275.57,1,0.0,Carte,False
2024-11-16,Agadir,T001514,Vetements,Jean,402.25,2,0.0,En ligne,False
2024-04-04,Agadir,T001516,Electronique,Souris,258.92,2,0.0,En-ligne,False
2024-06-29,Casablanca,T001517,Sports,Chaussures Running,1296.03,2,5.0,Carte,False
2024-02-26,Agadir,T001518,Vetements,Veste,408.92,1,0.0,Especes,False
2024-09-28,Marrakech,T001519,Alimentation,The,59.07,1,0.0,En ligne,False
2024-08-23,Rabat,T001520,Electronique,Ecouteurs,2305.44,1,5.0,Carte,False
2024-04-30,Fes,T001521,Electronique,Clavier,2877.64,1,15.0,En ligne,False
2024-08-31,Rabat,T001522,Beaute,Creme,638.58,1,0.0,Especes,False
2024-01-18,Rabat,T001523,Maison,Lampe,1135.46,2,0.0,En ligne,False
2024-01-09,Tanger,T001524,Electronique,Casque,2874.33,1,10.0,En ligne,False
2024-01-02,Tanger,T001525,Alimentation,Riz,155.54,1,10.0,Carte,False
2024-05-06,Rabat,T001526,Electronique,Tablette,3408.74,1,0.0,En-ligne,False
2024-12-28,Agadir,T001528,Vetements,T-shirt,629.91,1,0.0,En ligne,False
2024-08-08,Fes,T001529,Sports,Raquette,1269.68,1,0.0,Especes,False
2024-06-11,Marrakech,T001530,Beaute,Serum,404.67,1,0.0,Carte,False
2024-07-06,Marrakech,T001531,Beaute,Maquillage,304.05,2,0.0,Especes,False
2024-06-03,Marrakech,T001532,Alimentation,Pates,43.71,2,5.0,Carte,False
2024-07-20,Agadir,T001533,Electronique,Smartphone,1665.58,2,10.0,Carte,False
2024-05-23,Marrakech,T001535,Alimentation,Huile,213.02,1,5.0,En ligne,False
2024-01-15,Casablanca,T001536,Electronique,Clavier,1535.24,1,10.0,Carte,False
2024-07-03,Marrakech,T001537,Maison,Chaise,213.99,1,10.0,En ligne,False
2024-08-08,Marrakech,T001539,Electronique,Ecouteurs,605.82,1,0.0,Carte,False
2024-10-15,Casablanca,T001541,Vetements,Chaussures,434.34,1,0.0,Carte,False
2024-08-22,Rabat,T001542,Electronique,Smartphone,1747.29,1,0.0,Carte,False
2024-06-29,Marrakech,T001544,Alimentation,Huile,107.15,2,0.0,Carte,False
2024-05-04,Fes,T001545,Alimentation,The,59.03,1,,Especes,False
2024-09-14,Marrakech,T001546,Maison,Coussin,258.36,1,0.0,Carte,False
2024-09-06,Fes,T001547,Sports,Velo appartement,1184.47,2,0.0,Especes,False
2024-11-11,Rabat,T001548,Beaute,Serum,660.65,1,0.0,Carte,False
2024-05-04,Fes,T001549,Maison,Miroir,1367.82,1,0.0,En ligne,False
2024-04-20,Rabat,T001550,Alimentation,Cereales,22.54,1,0.0,Carte,False
2024-01-19,Rabat,T001551,Sports,Ballon,1201.88,1,5.0,Especes,False
2024-11-09,Casablanca,T001552,Electronique,Clavier,3133.11,1,0.0,Carte,False
2024-03-01,Agadir,T001553,Electronique,Smartphone,2888.12,3,10.0,Especes,False
2024-03-13,Rabat,T001554,Alimentation,Cereales,68.09,2,0.0,Especes,False
2024-11-05,Rabat,T001555,Electronique,Ecouteurs,616.3,3,0.0,Carte,False
2024-02-29,Rabat,T001556,Maison,Miroir,1234.84,1,0.0,Especes,False
2024-03-13,Rabat,T001557,Electronique,Tablette,1807.46,1,0.0,Especes,False
2024-03-13,Tanger,T001558,Alimentation,Cafe,187.4,2,5.0,Carte,False
2024-12-12,Fes,T001559,Maison,Coussin,1200.87,1,0.0,Carte,False
2024-07-20,Agadir,T001560,Alimentation,Huile,146.73,1,5.0,Especes,False
2024-07-17,Agadir,T001561,Alimentation,Pates,57.09,1,0.0,Carte,False
2024-12-25,Marrakech,T001562,Alimentation,Huile,215.53,1,0.0,Carte,False
2024-03-19,Tanger,T001563,Alimentation,Cafe,142.14,4,0.0,Carte,False
2024-08-21,Casablanca,T001564,Vetements,Chaussures,283.71,1,5.0,Especes,False
2024-12-04,Marrakech,T001565,Alimentation,Huile,79.69,1,0.0,Especes,False
2024-02-02,Rabat,T001566,Sports,Chaussures Running,1749.12,2,,Especes,False
2024-02-24,Tanger,T001567,Alimentation,Cafe,131.69,2,0.0,Carte,False
2024-06-25,Agadir,T001568,Alimentation,Huile,22.69,1,0.0,Especes,False
2024-03-13,Marrakech,T001569,Alimentation,Pates,32.21,1,5.0,En ligne,False
2024-09-06,Agadir,T001570,Beaute,Parfum,254.03,1,0.0,Carte,False
2024-07-23,Rabat,T001571,Electronique,Smartphone,582.52,1,0.0,Especes,False
2024-10-31,Rabat,T001572,Sports,Halteres,825.43,2,0.0,Carte,False
2024-03-05,Marrakech,T001573,Alimentation,Riz,102.99,1,0.0,En ligne,False
2024-05-06,Marrakech,T001575,Sports,Velo appartement,1709.1,1,0.0,Especes,False
2024-10-30,Fes,T001577,Maison,Table,93.3,4,0.0,En ligne,False
2024-08-13,Casablanca,T001579,Beaute,Savon,392.13,1,0.0,Carte,False
2024-06-19,Marrakech,T001580,Sports,Tapis Yoga,424.27,1,0.0,Carte,False
2024-08-12,Casablanca,T001582,Vetements,Jean,867.72,2,0.0,Carte,False
2024-10-14,Agadir,T001583,Maison,Table,1064.97,2,0.0,En ligne,False
2024-01-20,Rabat,T001584,Vetements,Sweat,471.12,1,10.0,En ligne,False
2024-02-19,Rabat,T001585,Alimentation,Cafe,216.92,2,0.0,CB,False
2024-08-05,Fes,T001586,Electronique,Tablette,210.23,1,10.0,Especes,False
2024-11-16,Fes,T001587,Maison,Coussin,492.01,1,5.0,Especes,False
2024-05-21,Fes,T001588,Beaute,Creme,380.38,1,10.0,Especes,False
2024-12-14,Marrakech,T001589,Vetements,Sweat,633.71,2,0.0,En ligne,False
2024-03-30,Tanger,T001590,Beaute,Creme,47.1,1,10.0,Especes,False
2024-01-20,Tanger,T001591,Sports,Velo appartement,217.29,2,5.0,Especes,False
2024-09-06,Casablanca,T001592,Maison,Tapis,909.9,4,0.0,Carte,False
2024-09-28,Marrakech,T001593,Beaute,Maquillage,564.64,1,,Especes,False
2024-01-22,Tanger,T001595,Beaute,Savon,165.53,1,0.0,Especes,False
2024-06-28,Agadir,T001596,Vetements,Sweat,430.85,1,5.0,En ligne,False
2024-05-24,Casablanca,T001597,Electronique,Ecouteurs,2509.05,2,0.0,Especes,False
2024-10-05,Tanger,T001598,Maison,Tapis,795.14,2,0.0,Carte,False
2024-03-04,Tanger,T001599,Electronique,Smartphone,3054.07,1,5.0,En ligne,False
2024-11-19,Rabat,T001600,Alimentation,Cereales,41.5,1,0.0,En ligne,False
2024-04-11,Rabat,T001601,Sports,Velo appartement,1583.85,1,0.0,En ligne,False
2024-12-13,Tanger,T001602,Vetements,Robe,588.96,1,,En ligne,False
2024-02-12,Agadir,T001603,Alimentation,Huile,165.28,3,10.0,Carte,False
2024-04-17,Casablanca,T001604,Alimentation,Cereales,33.24,1,0.0,Especes,False
2024-06-29,Agadir,T001605,Sports,Tapis Yoga,1445.61,2,0.0,Carte,False
2024-10-08,Rabat,T001606,Electronique,Tablette,310.51,1,5.0,Especes,False
2024-11-30,Fes,T001607,Electronique,Souris,2149.96,1,0.0,En ligne,False
2024-08-29,Fes,T001609,Alimentation,The,55.06,1,5.0,Especes,False
2024-03-30,Agadir,T001610,Sports,Ballon,622.43,1,10.0,En ligne,False
2024-12-14,Fes,T001612,Electronique,Clavier,1105.69,2,5.0,En ligne,False
2024-06-27,Agadir,T001613,Vetements,Sweat,490.25,2,15.0,Carte,False
2024-05-29,Agadir,T001614,Vetements,T-shirt,128.26,2,0.0,Carte,False
2024-06-24,Agadir,T001615,Vetements,Jean,148.98,1,15.0,En ligne,False
2024-11-28,Tanger,T001616,Sports,Halteres,1717.91,2,0.0,Carte,False
2024-01-24,Tanger,T001617,Alimentation,Riz,213.62,1,5.0,Especes,False
2024-12-24,Marrakech,T001619,Maison,Lampe,267.47,1,0.0,Carte,False
2024-02-23,Rabat,T001621,Sports,Ballon,1294.68,3,0.0,En ligne,False
2024-09-30,Tanger,T001622,Beaute,Maquillage,322.85,2,0.0,En ligne,False
2024-08-17,Rabat,T001623,Alimentation,Pates,51.32,1,0.0,En ligne,False
2024-04-12,Agadir,T001625,Beaute,Parfum,190.75,2,10.0,En ligne,False
2024-06-24,Agadir,T001626,Beaute,Creme,330.69,2,0.0,En ligne,False
2024-02-20,Fes,T001627,Electronique,Ecouteurs,2424.5,3,10.0,En ligne,False
2024-08-24,Casablanca,T001628,Alimentation,Cafe,212.07,1,0.0,En ligne,False
2024-11-30,Casablanca,T001629,Alimentation,Pates,217.5,1,5.0,Especes,False
2024-04-30,Marrakech,T001630,Electronique,Tablette,750.2,1,0.0,CB,False
2024-01-30,Marrakech,T001631,Alimentation,Huile,63.02,3,0.0,Carte,False
2024-05-06,Fes,T001632,Sports,Velo appartement,1384.23,1,10.0,En ligne,False
2024-01-03,Agadir,T001633,Vetements,Jean,487.42,2,5.0,En ligne,False
2024-07-10,Agadir,T001634,Maison,Chaise,408.34,1,10.0,En-ligne,False
2024-05-10,Agadir,T001635,Vetements,Jean,320.44,2,10.0,Carte,False
2024-11-28,Casablanca,T001636,Electronique,Tablette,1481.04,1,15.0,Especes,False
2024-02-22,Marrakech,T001637,Electronique,Ecouteurs,201.29,4,0.0,En ligne,False
2024-10-08,Agadir,T001638,Alimentation,Cereales,173.42,2,0.0,En ligne,False
2024-07-31,Tanger,T001639,Beaute,Savon,512.09,2,10.0,En-ligne,False
2024-10-04,Fes,T001640,Electronique,Clavier,1052.1,1,5.0,Carte,False
2024-08-14,Tanger,T001641,Vetements,Jean,444.72,2,0.0,Especes,False
2024-11-13,Rabat,T001642,Alimentation,Riz,85.4,1,0.0,En ligne,False
2024-12-02,Fes,T001643,Alimentation,Pates,74.15,1,10.0,Carte,False
2024-07-25,Casablanca,T001644,Maison,Tapis,921.36,1,0.0,En ligne,False
2024-06-11,Tanger,T001645,Vetements,Chaussures,128.08,1,10.0,Especes,False
2024-05-25,Fes,T001646,Sports,Tapis Yoga,1553.97,1,,En ligne,False
2024-11-25,Casablanca,T001647,Beaute,Maquillage,397.27,2,0.0,En ligne,False
2024-10-25,Casablanca,T001648,Vetements,Sweat,285.35,1,5.0,Carte,False
2024-10-15,Rabat,T001649,Beaute,Maquillage,332.46,1,10.0,Especes,False
2024-01-22,Fes,T001650,Vetements,Jean,541.94,1,10.0,Especes,False
2024-09-18,Agadir,T001651,Vetements,Robe,609.5,1,0.0,En ligne,False
2024-06-27,Rabat,T001653,Beaute,Maquillage,699.61,2,0.0,Especes,False
2024-08-06,Marrakech,T001654,Maison,Table,545.17,2,10.0,Especes,False
2024-08-08,Tanger,T001656,Beaute,Serum,447.62,2,0.0,Especes,False
2024-05-03,Agadir,T001657,Alimentation,The,121.12,1,0.0,Carte,False
2024-06-18,Marrakech,T001658,Beaute,Creme,600.79,1,0.0,En ligne,False
2024-04-27,Tanger,T001659,Electronique,Tablette,2978.56,1,10.0,Especes,False
2024-03-04,Casablanca,T001660,Vetements,T-shirt,690.38,3,10.0,En ligne,False
2024-06-27,Agadir,T001661,Beaute,Parfum,136.15,3,5.0,En-ligne,False
2024-02-08,Tanger,T001662,Electronique,Clavier,754.5,2,0.0,Especes,False
2024-04-15,Casablanca,T001663,Vetements,Robe,632.15,2,10.0,En ligne,False
2024-01-19,Agadir,T001664,Electronique,Souris,2281.32,2,0.0,Carte,False
2024-09-19,Casablanca,T001666,Vetements,Sweat,630.77,1,0.0,En ligne,False
2024-07-27,Casablanca,T001667,Electronique,Souris,215.24,1,0.0,Carte,False
2024-08-26,Fes,T001668,Alimentation,The,112.24,1,15.0,Carte,False
2024-11-30,Tanger,T001669,Electronique,Souris,677.13,1,15.0,Especes,False
2024-09-27,Rabat,T001670,Alimentation,Cereales,45.19,1,,Carte,False
2024-01-06,Rabat,T001671,Vetements,Jean,404.0,1,10.0,En ligne,False
2024-02-26,Agadir,T001672,Maison,Tapis,911.73,2,10.0,Especes,False
2024-01-03,Rabat,T001673,Vetements,Jean,531.29,2,0.0,Carte,False
2024-09-25,Tanger,T001675,Sports,Halteres,1792.86,3,5.0,Especes,False
2024-03-23,Tanger,T001676,Beaute,Maquillage,139.41,1,15.0,Especes,False
2024-05-23,Marrakech,T001678,Alimentation,Pates,54.73,2,10.0,En ligne,False
2024-07-15,Tanger,T001679,Maison,Table,1316.25,1,0.0,Carte,False
2024-03-01,Fes,T001680,Maison,Tapis,725.73,1,0.0,En ligne,False
2024-06-22,Agadir,T001681,Maison,Lampe,434.14,2,0.0,En ligne,False
2024-03-08,Tanger,T001682,Vetements,Chaussures,674.52,1,15.0,Carte,False
2024-05-08,Tanger,T001683,Electronique,Ecouteurs,1090.39,1,0.0,En ligne,False
2024-08-31,Tanger,T001684,Vetements,Sweat,456.43,2,5.0,En ligne,False
2024-09-10,Rabat,T001685,Sports,Ballon,1220.19,1,10.0,Especes,False
2024-04-22,Fes,T001686,Vetements,Robe,312.29,2,0.0,Especes,False
2024-06-21,Fes,T001687,Vetements,Veste,221.26,2,5.0,En-ligne,False
2024-05-21,Agadir,T001688,Beaute,Shampooing,532.1,1,5.0,Carte,False
2024-06-28,Agadir,T001689,Vetements,Jean,140.84,2,5.0,Carte,False
2024-09-19,Agadir,T001690,Beaute,Serum,585.95,1,0.0,Especes,False
2024-02-22,Tanger,T001691,Alimentation,Riz,25.21,1,0.0,En ligne,False
2024-12-03,Tanger,T001692,Beaute,Creme,576.28,1,0.0,carte,False
2024-01-15,Tanger,T001693,Alimentation,The,123.0,1,10.0,carte,False
2024-02-15,Fes,T001694,Vetements,Sweat,484.52,4,10.0,Carte,False
2024-07-04,Fes,T001695,Sports,Velo appartement,1030.35,2,0.0,En ligne,False
2024-02-14,Tanger,T001696,Vetements,Sweat,120.09,1,0.0,En ligne,False
2024-01-23,Marrakech,T001697,Vetements,Robe,286.13,1,0.0,En ligne,False
2024-04-25,Tanger,T001698,Alimentation,Huile,153.05,2,0.0,Especes,False
2024-04-11,Casablanca,T001699,Electronique,Smartphone,2585.6,1,0.0,Carte,False
2024-03-06,Fes,T001700,Maison,Coussin,445.53,2,5.0,Especes,False
2024-01-01,Rabat,T001701,Maison,Tapis,908.91,2,5.0,Carte,False
2024-06-21,Marrakech,T001702,Sports,Ballon,1631.92,2,5.0,Carte,False
2024-09-07,Agadir,T001703,Electronique,Ecouteurs,2483.21,1,0.0,Carte,False
2024-07-11,Agadir,T001705,Maison,Coussin,114.05,1,0.0,En ligne,False
2024-04-25,Casablanca,T001706,Beaute,Maquillage,342.28,1,0.0,Carte,False
2024-10-03,Rabat,T001708,Electronique,Tablette,1878.36,1,0.0,En ligne,False
2024-02-12,Fes,T001709,Vetements,Robe,734.42,1,0.0,Especes,False
2024-08-10,Agadir,T001711,Beaute,Shampooing,230.76,2,0.0,Carte,False
2024-08-05,Marrakech,T001713,Alimentation,Pates,94.75,1,5.0,En ligne,False
2024-07-12,Tanger,T001714,Alimentation,Cafe,58.38,1,10.0,Especes,False
2024-09-24,Fes,T001715,Sports,Velo appartement,819.64,1,5.0,Especes,False
2024-01-17,Marrakech,T001716,Maison,Coussin,385.69,2,0.0,En ligne,False
2024-12-30,Rabat,T001717,Beaute,Shampooing,195.73,2,0.0,Especes,False
2024-01-22,Marrakech,T001718,Beaute,Creme,367.16,2,0.0,En ligne,False
2024-03-02,Tanger,T001719,Beaute,Serum,350.13,1,0.0,Especes,False
2024-11-01,Fes,T001720,Electronique,Clavier,1646.68,1,15.0,Carte,False
2024-03-02,Marrakech,T001721,Vetements,Chaussures,186.67,1,5.0,Especes,False
2024-08-21,Tanger,T001722,Vetements,Veste,255.6,1,0.0,Especes,False
2024-01-03,Tanger,T001723,Sports,Tapis Yoga,1663.09,1,5.0,Especes,False
2024-10-29,Fes,T001724,Alimentation,Riz,210.35,3,0.0,Carte,False
2024-09-02,Tanger,T001726,Sports,Halteres,457.52,2,10.0,En ligne,False
2024-03-09,Marrakech,T001728,Alimentation,Riz,216.44,2,15.0,Especes,False
2024-05-20,Marrakech,T001729,Electronique,Ecouteurs,1746.35,2,0.0,En-ligne,False
2024-10-28,Fes,T001730,Sports,Halteres,473.43,1,0.0,Carte,False
2024-01-29,Rabat,T001731,Alimentation,The,131.77,2,,Especes,False
2024-07-18,Tanger,T001732,Alimentation,Pates,123.97,1,0.0,Especes,False
2024-07-19,Agadir,T001733,Vetements,Sweat,736.21,3,10.0,carte,False
2024-11-07,Agadir,T001734,Maison,Chaise,390.42,2,0.0,Especes,False
2024-11-01,Fes,T001735,Beaute,Parfum,97.11,1,0.0,En ligne,False
2024-12-14,Agadir,T001736,Electronique,Casque,1799.04,1,0.0,Carte,False
2024-09-23,Casablanca,T001737,Alimentation,The,191.58,1,5.0,carte,False
2024-03-16,Marrakech,T001738,Alimentation,The,105.71,2,0.0,Especes,False
2024-02-28,Tanger,T001739,Beaute,Shampooing,275.37,2,0.0,Carte,False
2024-01-04,Casablanca,T001740,Maison,Miroir,305.67,1,15.0,En ligne,False
2024-07-18,Fes,T001741,Alimentation,Riz,101.49,3,0.0,carte,False
2024-07-16,Fes,T001742,Vetements,Robe,792.9,2,0.0,Especes,False
2024-08-12,Fes,T001743,Electronique,Casque,389.46,1,0.0,Carte,False
2024-09-03,Casablanca,T001744,Maison,Coussin,1379.78,2,5.0,Carte,False
2024-05-30,Rabat,T001745,Electronique,Tablette,2954.07,2,10.0,Carte,False
2024-02-26,Marrakech,T001746,Sports,Halteres,1743.21,1,0.0,En ligne,False
2024-01-29,Fes,T001747,Alimentation,Riz,33.18,1,,Carte,False
2024-04-16,Tanger,T001749,Beaute,Parfum,97.84,1,0.0,Carte,False
2024-02-07,Fes,T001751,Beaute,Savon,654.78,1,10.0,En ligne,False
2024-09-03,Rabat,T001753,Alimentation,The,87.13,2,0.0,En ligne,False
2024-09-26,Casablanca,T001756,Sports,Halteres,945.16,1,5.0,En-ligne,False
2024-12-30,Tanger,T001757,Alimentation,Cafe,30.29,1,0.0,Especes,False
2024-01-06,Fes,T001758,Sports,Ballon,878.75,2,10.0,Especes,False
2024-07-23,Agadir,T001760,Maison,Miroir,1183.0,1,5.0,En ligne,False
2024-05-04,Tanger,T001761,Vetements,Veste,118.56,2,0.0,Carte,False
2024-03-08,Tanger,T001762,Alimentation,Cereales,175.21,1,15.0,En ligne,False
2024-01-05,Fes,T001763,Maison,Table,379.66,1,0.0,Especes,False
2024-01-11,Agadir,T001764,Electronique,Souris,1736.83,1,0.0,Especes,False
2024-12-26,Agadir,T001765,Vetements,T-shirt,827.33,2,5.0,CB,False
2024-02-08,Agadir,T001767,Alimentation,Pates,68.37,3,0.0,carte,False
2024-10-16,Tanger,T001768,Maison,Table,1008.54,2,0.0,Carte,False
2024-08-24,Tanger,T001769,Beaute,Shampooing,435.54,1,5.0,En-ligne,False
2024-12-03,Marrakech,T001770,Alimentation,Huile,76.04,1,5.0,Carte,False
2024-02-16,Rabat,T001771,Electronique,Souris,474.28,1,0.0,En ligne,False
2024-04-23,Tanger,T001772,Electronique,Casque,1773.13,1,5.0,En ligne,False
2024-08-14,Agadir,T001773,Maison,Table,121.41,1,5.0,En ligne,False
2024-03-19,Tanger,T001774,Alimentation,Huile,131.87,3,10.0,Especes,False
2024-08-23,Agadir,T001776,Electronique,Clavier,948.01,1,0.0,Especes,False
2024-05-13,Agadir,T001777,Beaute,Maquillage,121.2,1,0.0,Carte,False
2024-10-05,Agadir,T001779,Vetements,T-shirt,519.48,3,15.0,En ligne,False
2024-07-19,Agadir,T001780,Vetements,Robe,801.63,1,0.0,Carte,False
2024-09-16,Tanger,T001781,Sports,Velo appartement,1072.59,2,0.0,En ligne,False
2024-02-07,Tanger,T001782,Maison,Tapis,511.27,1,5.0,En ligne,False
2024-11-18,Casablanca,T001783,Beaute,Serum,267.11,2,5.0,Especes,False
2024-04-18,Fes,T001784,Alimentation,Pates,187.68,2,0.0,Carte,False
2024-05-25,Marrakech,T001785,Sports,Halteres,184.65,2,,En ligne,False
2024-05-07,Casablanca,T001786,Alimentation,Huile,149.28,1,0.0,Especes,False
2024-07-30,Tanger,T001787,Vetements,Jean,308.51,1,10.0,En ligne,False
2024-11-05,Fes,T001788,Electronique,Clavier,2772.96,2,0.0,Especes,False
2024-04-22,Agadir,T001789,Vetements,Robe,794.33,1,5.0,Carte,False
2024-08-06,Casablanca,T001790,Electronique,Souris,1679.48,1,0.0,En ligne,False
2024-03-23,Rabat,T001791,Electronique,Clavier,3421.8,1,5.0,Carte,False
2024-04-29,Rabat,T001794,Electronique,Smartphone,1033.94,2,10.0,En ligne,False
2024-05-25,Tanger,T001795,Maison,Table,1375.68,1,0.0,En ligne,False
2024-06-11,Tanger,T001797,Electronique,Ecouteurs,229.31,3,0.0,Carte,False
2024-01-19,Tanger,T001798,Maison,Lampe,971.65,1,15.0,Carte,False
2024-04-16,Agadir,T001799,Electronique,Tablette,1647.95,1,0.0,En ligne,False
2024-08-12,Marrakech,T001800,Electronique,Casque,2586.73,1,0.0,Carte,False
2024-06-06,Fes,T001802,Maison,Chaise,624.1,1,0.0,En ligne,False
2024-07-18,Casablanca,T001803,Vetements,Chaussures,643.52,2,10.0,En-ligne,False
2024-05-27,Tanger,T001804,Alimentation,Cereales,86.38,1,5.0,En ligne,False
2024-12-18,Casablanca,T001805,Vetements,T-shirt,134.1,2,0.0,Carte,False
2024-08-16,Marrakech,T001806,Electronique,Clavier,2174.03,3,0.0,Especes,False
2024-02-16,Fes,T001808,Sports,Halteres,1436.1,4,10.0,En ligne,False
2024-07-03,Agadir,T001809,Maison,Tapis,750.99,1,0.0,CB,False
2024-02-03,Marrakech,T001810,Sports,Tapis Yoga,1230.14,1,0.0,Especes,False
2024-10-17,Marrakech,T001811,Alimentation,Huile,196.8,2,,En ligne,False
2024-02-21,Casablanca,T001812,Vetements,Sweat,155.12,1,10.0,En ligne,False
2024-09-26,Marrakech,T001814,Electronique,Smartphone,444.32,2,5.0,En ligne,False
2024-10-10,Agadir,T001815,Maison,Tapis,1341.97,1,0.0,En ligne,False
2024-06-20,Marrakech,T001816,Alimentation,Huile,128.31,1,10.0,En ligne,False
2024-02-08,Marrakech,T001817,Vetements,Chaussures,543.17,1,0.0,Especes,False
2024-08-05,Marrakech,T001818,Electronique,Souris,3392.72,2,0.0,Especes,False
2024-01-18,Tanger,T001819,Beaute,Savon,277.18,3,0.0,Especes,False
2024-01-31,Agadir,T001820,Vetements,Chaussures,450.25,1,5.0,Carte,False
2024-12-06,Agadir,T001821,Beaute,Savon,81.58,1,5.0,Carte,False
2024-05-06,Agadir,T001822,Beaute,Savon,640.22,1,5.0,En ligne,False
2024-12-07,Rabat,T001823,Vetements,T-shirt,119.09,2,0.0,Carte,False
2024-12-25,Agadir,T001824,Maison,Coussin,1348.14,1,10.0,En ligne,False
2024-02-09,Marrakech,T001825,Maison,Coussin,1216.43,1,0.0,carte,False
2024-01-15,Casablanca,T001827,Alimentation,Cafe,147.32,1,,carte,False
2024-11-16,Rabat,T001828,Sports,Tapis Yoga,468.77,1,0.0,Carte,False
2024-04-27,Tanger,T001829,Beaute,Shampooing,124.2,1,5.0,Especes,False
2024-01-27,Agadir,T001830,Vetements,Jean,883.34,1,0.0,Carte,False
2024-08-02,Agadir,T001831,Maison,Tapis,732.24,1,15.0,En ligne,False
2024-10-23,Fes,T001832,Alimentation,Cafe,215.15,1,15.0,Carte,False
2024-03-06,Casablanca,T001833,Electronique,Ecouteurs,1426.58,1,5.0,Carte,False
2024-01-24,Rabat,T001835,Maison,Coussin,374.05,2,0.0,Especes,False
2024-12-09,Agadir,T001836,Alimentation,Pates,33.61,1,0.0,Especes,False
2024-12-12,Tanger,T001837,Alimentation,Cereales,30.47,1,0.0,Carte,False
2024-08-13,Casablanca,T001838,Vetements,T-shirt,234.65,1,10.0,En ligne,False
2024-08-13,Fes,T001839,Sports,Tapis Yoga,263.46,1,0.0,Especes,False
2024-06-26,Rabat,T001840,Vetements,T-shirt,396.29,1,0.0,Especes,False
2024-04-20,Marrakech,T001841,Maison,Chaise,1032.57,1,0.0,Carte,False
2024-12-26,Fes,T001842,Maison,Lampe,815.03,1,0.0,En ligne,False
2024-07-24,Rabat,T001843,Sports,Halteres,561.11,1,0.0,Especes,False
2024-07-06,Rabat,T001845,Alimentation,Pates,153.88,2,0.0,Carte,False
2024-10-16,Casablanca,T001846,Alimentation,Pates,198.06,1,0.0,En ligne,False
2024-04-18,Tanger,T001847,Vetements,Sweat,269.34,1,10.0,En ligne,False
2024-03-23,Tanger,T001849,Electronique,Ecouteurs,1014.69,2,0.0,En-ligne,False
2024-08-05,Agadir,T001850,Beaute,Shampooing,67.0,2,5.0,En ligne,False
2024-01-19,Fes,T001851,Beaute,Creme,409.12,2,0.0,Especes,False
2024-01-03,Casablanca,T001853,Alimentation,Pates,106.63,1,0.0,Carte,False
2024-03-23,Casablanca,T001854,Electronique,Smartphone,760.59,2,0.0,En ligne,False
2024-04-26,Fes,T001855,Alimentation,Huile,78.16,2,10.0,Carte,False
2024-12-05,Casablanca,T001856,Beaute,Serum,596.31,1,0.0,Especes,False
2024-01-02,Fes,T001857,Maison,Miroir,715.85,1,10.0,Especes,False
2024-10-09,Marrakech,T001859,Vetements,Sweat,656.78,2,,Carte,False
2024-04-13,Fes,T001860,Beaute,Serum,366.33,2,0.0,Especes,False
2024-12-24,Casablanca,T001863,Alimentation,Cafe,78.71,1,10.0,En ligne,False
2024-04-01,Marrakech,T001864,Maison,Tapis,1099.55,2,0.0,Especes,False
2024-01-18,Tanger,T001865,Sports,Chaussures Running,530.81,1,0.0,Carte,False
2024-02-09,Marrakech,T001867,Vetements,Sweat,530.59,2,0.0,En ligne,False
2024-10-31,Rabat,T001868,Alimentation,Pates,76.51,1,0.0,En ligne,False
2024-07-15,Marrakech,T001869,Alimentation,The,146.14,1,0.0,En ligne,False
2024-08-26,Casablanca,T001870,Maison,Table,1120.67,1,15.0,Especes,False
2024-04-12,Agadir,T001871,Electronique,Casque,840.6,1,0.0,En ligne,False
2024-06-19,Fes,T001872,Electronique,Tablette,890.84,1,0.0,carte,False
2024-12-21,Marrakech,T001873,Beaute,Shampooing,476.05,1,0.0,Carte,False
2024-12-27,Fes,T001874,Sports,Chaussures Running,1714.08,1,0.0,Carte,False
2024-01-01,Rabat,T001875,Vetements,Sweat,200.83,2,0.0,En ligne,False
2024-11-18,Fes,T001876,Alimentation,Huile,159.9,2,0.0,En ligne,False
2024-03-05,Rabat,T001877,Maison,Coussin,475.57,1,0.0,En ligne,False
2024-07-11,Marrakech,T001879,Vetements,Chaussures,651.48,1,10.0,En ligne,False
2024-02-01,Fes,T001880,Sports,Tapis Yoga,746.47,2,0.0,En ligne,False
2024-01-19,Fes,T001881,Sports,Ballon,308.45,1,15.0,carte,False
2024-12-31,Marrakech,T001882,Vetements,Veste,467.92,1,0.0,En ligne,False
2024-12-03,Fes,T001884,Alimentation,Cafe,44.31,1,0.0,Carte,False
2024-05-16,Agadir,T001885,Beaute,Serum,406.97,1,10.0,Especes,False
2024-07-29,Tanger,T001886,Vetements,T-shirt,798.88,1,0.0,Carte,False
2024-07-05,Tanger,T001887,Beaute,Creme,332.88,2,0.0,Especes,False
2024-03-29,Marrakech,T001888,Electronique,Souris,1481.26,1,0.0,Carte,False
2024-01-27,Tanger,T001890,Maison,Chaise,1092.47,2,0.0,Carte,False
2024-07-06,Agadir,T001891,Sports,Halteres,1794.64,1,10.0,Carte,False
2024-10-12,Rabat,T001892,Electronique,Souris,2533.66,2,0.0,Especes,False
2024-01-16,Fes,T001893,Alimentation,Huile,197.27,1,5.0,Especes,False
2024-05-11,Fes,T001895,Beaute,Parfum,506.62,1,0.0,Especes,False
2024-07-18,Fes,T001896,Maison,Lampe,617.82,2,0.0,En ligne,False
2024-11-20,Tanger,T001897,Vetements,Jean,695.13,2,0.0,En ligne,False
2024-09-28,Fes,T001898,Sports,Raquette,1158.49,2,0.0,Carte,False
2024-07-24,Fes,T001899,Maison,Coussin,214.93,2,0.0,CB,False
2024-08-22,Rabat,T001900,Alimentation,Cereales,89.66,1,15.0,En ligne,False
2024-09-28,Casablanca,T001901,Vetements,Jean,504.11,1,0.0,Especes,False
2024-08-19,Fes,T001902,Maison,Tapis,1054.43,1,0.0,Especes,False
2024-04-24,Rabat,T001903,Vetements,T-shirt,163.39,4,15.0,Carte,False
2024-05-04,Casablanca,T001905,Electronique,Souris,935.53,1,10.0,En ligne,False
2024-04-12,Marrakech,T001906,Alimentation,Huile,156.4,1,15.0,Carte,False
2024-06-04,Fes,T001907,Beaute,Serum,648.83,1,5.0,Especes,False
2024-10-26,Agadir,T001908,Maison,Lampe,275.85,1,0.0,Especes,False
2024-02-19,Tanger,T001909,Vetements,Jean,737.84,3,0.0,Especes,False
2024-04-03,Rabat,T001910,Maison,Lampe,1149.83,2,0.0,Especes,False
2024-05-24,Fes,T001911,Alimentation,The,159.07,1,0.0,Carte,False
2024-05-22,Agadir,T001912,Sports,Chaussures Running,1383.58,2,0.0,En ligne,False
2024-10-15,Casablanca,T001913,Beaute,Maquillage,157.87,1,0.0,Especes,False
2024-09-16,Fes,T001914,Maison,Lampe,1055.0,1,0.0,En ligne,False
2024-08-28,Casablanca,T001915,Alimentation,Cereales,49.55,4,5.0,Especes,False
2024-08-08,Fes,T001916,Beaute,Shampooing,197.82,1,0.0,Carte,False
2024-05-18,Marrakech,T001918,Beaute,Maquillage,237.85,1,5.0,Especes,False
2024-01-08,Tanger,T001919,Beaute,Serum,356.39,1,0.0,En ligne,False
2024-10-02,Casablanca,T001921,Electronique,Souris,2735.05,1,0.0,En ligne,False
2024-01-16,Casablanca,T001922,Sports,Halteres,1784.33,1,0.0,En ligne,False
2024-07-16,Fes,T001923,Electronique,Souris,1942.8,2,5.0,carte,False
2024-11-02,Casablanca,T001924,Beaute,Shampooing,57.37,1,,Especes,False
2024-05-30,Agadir,T001925,Electronique,Clavier,3355.49,1,5.0,CB,False
2024-12-12,Agadir,T001926,Beaute,Parfum,304.34,2,0.0,Especes,False
2024-06-08,Agadir,T001927,Electronique,Smartphone,875.24,4,5.0,En ligne,False
2024-04-03,Marrakech,T001928,Alimentation,The,24.33,4,0.0,Especes,False
2024-06-24,Agadir,T001929,Alimentation,Huile,113.72,1,0.0,Carte,False
2024-07-13,Agadir,T001930,Electronique,Souris,454.84,3,,Carte,False
2024-06-26,Tanger,T001931,Sports,Ballon,84.71,3,5.0,En ligne,False
2024-04-22,Tanger,T001932,Alimentation,Pates,132.09,1,0.0,Especes,False
2024-08-29,Fes,T001933,Vetements,Jean,234.81,2,0.0,Especes,False
2024-09-23,Casablanca,T001934,Alimentation,The,105.87,2,0.0,En ligne,False
2024-10-31,Casablanca,T001935,Beaute,Savon,465.68,1,0.0,Especes,False
2024-11-29,Fes,T001936,Alimentation,Cereales,143.05,2,5.0,carte,False
2024-12-07,Tanger,T001937,Electronique,Tablette,1103.41,1,10.0,Especes,False
2024-07-16,Rabat,T001938,Alimentation,Cafe,100.43,1,5.0,Carte,False
2024-04-09,Marrakech,T001939,Alimentation,The,192.11,1,0.0,En ligne,False
2024-09-02,Rabat,T001940,Alimentation,Pates,55.62,2,0.0,En-ligne,False
2024-01-17,Casablanca,T001941,Electronique,Clavier,2184.91,1,10.0,En ligne,False
2024-10-04,Fes,T001942,Sports,Ballon,569.41,1,0.0,En ligne,False
2024-02-13,Fes,T001943,Maison,Lampe,1030.83,2,0.0,Carte,False
2024-11-28,Casablanca,T001944,Vetements,Veste,469.92,3,5.0,En ligne,False
2024-09-25,Fes,T001945,Maison,Coussin,509.91,2,0.0,Carte,False
2024-04-08,Tanger,T001946,Electronique,Clavier,2287.79,1,5.0,Carte,False
2024-02-08,Marrakech,T001947,Beaute,Parfum,88.7,2,0.0,carte,False
2024-08-15,Casablanca,T001948,Electronique,Ecouteurs,3415.14,4,0.0,Especes,False
2024-07-17,Rabat,T001951,Electronique,Ecouteurs,1268.33,1,0.0,Especes,False
2024-01-02,Agadir,T001952,Electronique,Souris,1935.53,1,0.0,En ligne,False
2024-06-20,Casablanca,T001953,Sports,Tapis Yoga,869.76,1,5.0,Especes,False
2024-02-03,Casablanca,T001954,Beaute,Savon,152.91,2,10.0,carte,False
2024-05-07,Fes,T001955,Maison,Lampe,1033.37,1,15.0,Carte,False
2024-03-27,Rabat,T001956,Sports,Raquette,1037.17,2,5.0,Especes,False
2024-04-17,Rabat,T001957,Beaute,Parfum,95.43,2,0.0,Carte,False
2024-08-23,Agadir,T001961,Sports,Raquette,1068.87,1,0.0,Especes,False
2024-06-14,Fes,T001962,Beaute,Maquillage,538.91,2,0.0,Especes,False
2024-07-12,Fes,T001963,Alimentation,Cereales,214.56,2,0.0,Especes,False
2024-02-24,Casablanca,T001964,Electronique,Clavier,1076.43,1,15.0,En-ligne,False
2024-07-20,Tanger,T001965,Alimentation,Riz,180.68,1,5.0,Carte,False
2024-11-04,Marrakech,T001966,Alimentation,The,181.41,1,10.0,En ligne,False
2024-11-27,Agadir,T001967,Vetements,Jean,233.53,2,5.0,En ligne,False
2024-09-21,Agadir,T001968,Beaute,Maquillage,352.2,1,10.0,Especes,False
2024-04-03,Agadir,T001970,Sports,Ballon,199.89,2,0.0,Especes,False
2024-04-02,Rabat,T001972,Sports,Tapis Yoga,463.24,1,0.0,En ligne,False
2024-01-26,Casablanca,T001974,Alimentation,Huile,124.04,2,15.0,En ligne,False
2024-05-13,Tanger,T001975,Electronique,Smartphone,838.88,1,10.0,En ligne,False
2024-07-04,Agadir,T001976,Vetements,Chaussures,138.15,2,0.0,Carte,False
2024-02-17,Tanger,T001977,Alimentation,Pates,38.38,1,10.0,Carte,False
2024-01-20,Agadir,T001978,Vetements,T-shirt,288.63,2,0.0,En ligne,False
2024-09-10,Marrakech,T001979,Vetements,T-shirt,744.76,1,10.0,Carte,False
2024-09-30,Rabat,T001980,Vetements,T-shirt,362.0,2,10.0,En ligne,False
2024-05-20,Fes,T001981,Electronique,Smartphone,1870.9,1,5.0,En ligne,False
2024-03-15,Agadir,T001982,Alimentation,Huile,128.08,1,0.0,En ligne,False
2024-02-29,Casablanca,T001983,Beaute,Shampooing,480.1,3,0.0,En ligne,False
2024-07-31,Casablanca,T001985,Beaute,Maquillage,63.14,1,5.0,En ligne,False
2024-05-20,Rabat,T001986,Alimentation,Riz,23.35,1,5.0,En ligne,False
2024-03-29,Agadir,T001987,Alimentation,The,200.69,3,5.0,En ligne,False
2024-04-12,Rabat,T001988,Sports,Ballon,251.78,1,,Especes,False
2024-05-08,Rabat,T001992,Sports,Ballon,347.83,2,0.0,Especes,False
2024-07-12,Rabat,T001993,Sports,Raquette,1369.28,1,0.0,carte,False
2024-08-30,Casablanca,T001994,Alimentation,Riz,41.49,1,0.0,Carte,False
2024-03-08,Tanger,T001995,Alimentation,Cafe,62.06,2,0.0,En ligne,False
2024-04-08,Tanger,T001996,Maison,Chaise,1315.0,1,0.0,En ligne,False
2024-02-03,Casablanca,T001997,Electronique,Casque,1905.97,1,10.0,Carte,False
2024-07-04,Tanger,T001998,Maison,Lampe,62.5,2,5.0,Especes,False
2024-04-06,Casablanca,T001999,Sports,Ballon,435.24,2,0.0,Carte,False
2024-03-07,Tanger,T002000,Vetements,T-shirt,863.03,1,10.0,Carte,False
2024-10-04,Rabat,T002001,Alimentation,Pates,18.39,2,0.0,Carte,False
2024-01-03,Fes,T002004,Electronique,Casque,1078.26,1,10.0,En ligne,False
2024-11-15,Marrakech,T002005,Beaute,Creme,531.44,2,0.0,En ligne,False
2024-11-26,Tanger,T002006,Alimentation,Riz,185.48,2,0.0,Carte,False
2024-09-13,Marrakech,T002007,Alimentation,Cereales,83.75,1,,Carte,False
2024-06-15,Rabat,T002008,Sports,Halteres,1526.94,1,0.0,Carte,False
2024-12-20,Tanger,T002009,Beaute,Parfum,538.43,1,5.0,Carte,False
2024-09-04,Agadir,T002010,Maison,Tapis,764.2,1,0.0,En ligne,False
2024-09-17,Casablanca,T002011,Electronique,Tablette,647.07,1,0.0,Especes,False
2024-06-12,Tanger,T002012,Electronique,Ecouteurs,2086.3,1,10.0,Carte,False
2024-01-09,Casablanca,T002013,Vetements,Robe,727.14,1,0.0,Especes,False
2024-01-29,Tanger,T002014,Alimentation,The,124.31,2,10.0,Carte,False
2024-01-02,Fes,T002015,Electronique,Souris,2826.91,2,0.0,Especes,False
2024-04-10,Agadir,T002016,Electronique,Souris,879.78,2,0.0,En ligne,False
2024-03-19,Agadir,T002017,Vetements,Chaussures,231.52,1,,Carte,False
2024-08-29,Rabat,T002018,Maison,Lampe,511.11,2,0.0,Especes,False
2024-07-06,Casablanca,T002019,Beaute,Parfum,399.47,1,5.0,En ligne,False
2024-12-19,Casablanca,T002020,Electronique,Clavier,601.06,2,,En ligne,False
2024-10-10,Agadir,T002021,Alimentation,Riz,117.75,3,5.0,Carte,False
2024-07-20,Fes,T002022,Beaute,Savon,550.56,1,10.0,Especes,False
2024-05-25,Marrakech,T002023,Alimentation,Cereales,39.75,1,5.0,Especes,False
2024-07-22,Fes,T002024,Vetements,Chaussures,157.23,2,10.0,Carte,False
2024-09-27,Marrakech,T002025,Beaute,Savon,296.87,1,15.0,Carte,False
2024-03-11,Agadir,T002027,Maison,Chaise,1146.59,2,10.0,En ligne,False
2024-11-13,Fes,T002028,Alimentation,Pates,98.44,2,0.0,En-ligne,False
2024-02-27,Rabat,T002029,Electronique,Tablette,293.42,1,0.0,Carte,False
2024-04-17,Agadir,T002030,Beaute,Savon,576.38,1,10.0,En ligne,False
2024-05-09,Fes,T002031,Vetements,Veste,752.99,3,10.0,En ligne,False
2024-01-09,Rabat,T002032,Electronique,Tablette,255.6,1,0.0,Especes,False
2024-07-24,Fes,T002033,Electronique,Ecouteurs,1444.92,1,0.0,En ligne,False
2024-03-28,Casablanca,T002034,Vetements,Sweat,352.45,1,5.0,Especes,False
2024-05-06,Rabat,T002035,Beaute,Parfum,638.28,1,,Carte,False
2024-01-19,Marrakech,T002036,Electronique,Tablette,363.42,1,0.0,Carte,False
2024-09-18,Rabat,T002037,Vetements,Chaussures,400.51,2,5.0,En ligne,False
2024-07-23,Tanger,T002039,Alimentation,Pates,195.59,2,10.0,Carte,False
2024-01-20,Fes,T002040,Vetements,Robe,617.97,2,0.0,Carte,False
2024-04-01,Rabat,T002041,Alimentation,Huile,86.49,2,0.0,En ligne,False
2024-01-02,Rabat,T002042,Alimentation,Huile,212.46,2,0.0,Especes,False
2024-11-28,Marrakech,T002043,Alimentation,Huile,97.37,1,10.0,Especes,False
2024-09-09,Rabat,T002044,Alimentation,The,211.59,1,10.0,Carte,False
2024-04-26,Agadir,T002045,Vetements,Veste,442.63,3,0.0,En ligne,False
2024-08-01,Marrakech,T002046,Maison,Chaise,380.67,1,5.0,Carte,False
2024-11-14,Tanger,T002047,Vetements,Sweat,405.34,1,0.0,Especes,False
2024-09-06,Casablanca,T002048,Beaute,Parfum,337.75,1,15.0,Carte,False
2024-11-15,Fes,T002050,Alimentation,Cafe,134.67,1,0.0,En ligne,False
2024-04-11,Casablanca,T002051,Beaute,Parfum,603.14,3,0.0,En ligne,False
2024-05-09,Rabat,T002052,Alimentation,Pates,180.95,1,0.0,En ligne,False
2024-08-02,Tanger,T002053,Alimentation,Pates,53.32,1,10.0,En-ligne,False
2024-05-07,Casablanca,T002054,Electronique,Ecouteurs,3095.84,4,10.0,Especes,False
2024-01-11,Tanger,T002055,Alimentation,Pates,78.87,1,5.0,En ligne,False
2024-10-10,Rabat,T002056,Maison,Coussin,248.03,1,5.0,En ligne,False
2024-01-31,Fes,T002057,Vetements,Sweat,182.24,1,0.0,Especes,False
2024-09-04,Rabat,T002058,Alimentation,The,74.91,2,0.0,Especes,False
2024-10-14,Tanger,T002060,Alimentation,Cereales,40.79,2,10.0,carte,False
2024-01-04,Tanger,T002061,Maison,Lampe,865.57,1,5.0,Especes,False
2024-02-16,Rabat,T002062,Electronique,Ecouteurs,2913.13,1,15.0,En ligne,False
2024-09-07,Rabat,T002063,Vetements,Chaussures,202.82,1,5.0,Carte,False
2024-03-04,Tanger,T002064,Alimentation,Riz,12.88,3,10.0,Especes,False
2024-03-04,Marrakech,T002066,Vetements,Jean,685.94,1,0.0,Especes,False
2024-06-20,Casablanca,T002067,Electronique,Tablette,1363.18,2,10.0,Especes,False
2024-03-05,Tanger,T002068,Sports,Velo appartement,123.83,1,10.0,Especes,False
2024-04-22,Agadir,T002069,Alimentation,Cereales,113.56,2,0.0,Especes,False
2024-01-30,Marrakech,T002070,Alimentation,Riz,131.26,2,15.0,Carte,False
2024-08-23,Rabat,T002071,Maison,Miroir,502.92,1,0.0,Carte,False
2024-03-30,Casablanca,T002072,Maison,Chaise,610.65,2,0.0,Carte,False
2024-03-18,Rabat,T002075,Vetements,Robe,861.05,2,0.0,Carte,False
2024-11-25,Agadir,T002076,Vetements,Veste,350.37,1,0.0,Carte,False
2024-05-24,Agadir,T002077,Beaute,Creme,302.54,1,0.0,Carte,False
2024-08-05,Marrakech,T002078,Sports,Chaussures Running,1152.12,3,15.0,Especes,False
2024-07-20,Marrakech,T002079,Maison,Coussin,594.46,2,0.0,Carte,False
2024-05-11,Agadir,T002080,Vetements,Jean,213.48,1,10.0,CB,False
2024-10-23,Rabat,T002081,Sports,Raquette,1493.98,2,,En ligne,False
2024-09-14,Casablanca,T002082,Alimentation,Cafe,132.66,4,0.0,Carte,False
2024-02-21,Rabat,T002083,Alimentation,Cereales,72.68,1,5.0,Especes,False
2024-03-09,Tanger,T002084,Vetements,Chaussures,317.64,2,0.0,En ligne,False
2024-01-25,Marrakech,T002085,Vetements,Sweat,836.19,1,0.0,En ligne,False
2024-01-09,Agadir,T002086,Vetements,Jean,671.48,1,5.0,En ligne,False
2024-01-22,Casablanca,T002087,Sports,Raquette,1757.95,1,0.0,En ligne,False
2024-11-15,Casablanca,T002088,Sports,Ballon,474.91,1,0.0,En-ligne,False
2024-02-26,Fes,T002090,Electronique,Clavier,979.67,2,15.0,Carte,False
2024-03-18,Tanger,T002091,Sports,Raquette,148.38,2,15.0,Especes,False
2024-04-05,Fes,T002092,Sports,Chaussures Running,563.21,1,0.0,Carte,False
2024-08-24,Fes,T002093,Vetements,Chaussures,577.29,2,0.0,Especes,False
2024-11-02,Agadir,T002094,Maison,Tapis,149.25,1,15.0,Especes,False
2024-09-20,Rabat,T002095,Electronique,Clavier,1110.32,2,0.0,Carte,False
2024-02-12,Tanger,T002096,Maison,Miroir,992.23,2,0.0,Especes,False
2024-08-22,Agadir,T002097,Vetements,Chaussures,675.39,2,0.0,En ligne,False
2024-11-12,Agadir,T002098,Maison,Table,938.69,2,0.0,En ligne,False
2024-02-01,Tanger,T002099,Maison,Coussin,575.24,2,0.0,CB,False
2024-11-19,Casablanca,T002100,Beaute,Creme,640.32,1,,En ligne,False
2024-05-16,Fes,T002101,Maison,Lampe,985.32,1,0.0,En ligne,False
2024-09-06,Casablanca,T002102,Alimentation,Cereales,156.63,1,0.0,carte,False
2024-04-25,Rabat,T002105,Maison,Table,492.51,1,5.0,Carte,False
2024-05-15,Casablanca,T002106,Alimentation,Huile,102.85,1,0.0,Carte,False
2024-09-25,Casablanca,T002107,Alimentation,Cereales,133.38,2,0.0,Especes,False
2024-03-13,Casablanca,T002108,Alimentation,Cereales,143.91,3,5.0,En ligne,False
2024-05-03,Marrakech,T002110,Beaute,Parfum,139.07,2,10.0,Especes,False
2024-11-28,Fes,T002111,Sports,Chaussures Running,219.04,1,5.0,Especes,False
2024-03-26,Marrakech,T002114,Alimentation,The,191.59,1,0.0,Especes,False
2024-04-16,Casablanca,T002115,Electronique,Souris,2765.37,1,5.0,Especes,False
2024-10-18,Fes,T002116,Alimentation,Cereales,28.74,1,0.0,CB,False
2024-01-22,Agadir,T002117,Alimentation,Cereales,78.76,1,5.0,Especes,False
2024-02-26,Casablanca,T002118,Electronique,Clavier,3145.71,1,0.0,En ligne,False
2024-04-30,Tanger,T002119,Alimentation,Huile,83.23,1,10.0,Carte,False
2024-07-26,Agadir,T002120,Alimentation,The,218.71,1,0.0,En ligne,False
2024-12-20,Agadir,T002121,Beaute,Shampooing,262.64,1,15.0,Carte,False
2024-09-03,Rabat,T002122,Electronique,Tablette,3459.29,1,10.0,Especes,False
2024-11-22,Fes,T002123,Beaute,Maquillage,134.79,2,5.0,Especes,False
2024-07-01,Fes,T002125,Alimentation,The,166.03,1,,Carte,False
2024-12-30,Marrakech,T002126,Vetements,Chaussures,216.21,1,5.0,Carte,False
2024-03-21,Rabat,T002128,Alimentation,Pates,179.81,1,0.0,En ligne,False
2024-07-10,Casablanca,T002129,Maison,Coussin,346.54,2,0.0,Carte,False
2024-07-24,Casablanca,T002130,Maison,Lampe,964.88,1,0.0,En ligne,False
2024-07-19,Rabat,T002131,Electronique,Smartphone,1933.9,2,,Especes,False
2024-11-20,Agadir,T002132,Electronique,Ecouteurs,2033.66,1,15.0,Carte,False
2024-11-11,Marrakech,T002134,Maison,Miroir,1051.2,1,0.0,Carte,False
2024-02-24,Casablanca,T002135,Alimentation,Pates,142.27,1,5.0,En ligne,False
2024-11-11,Tanger,T002136,Sports,Velo appartement,210.73,1,0.0,Especes,False
2024-07-27,Fes,T002137,Electronique,Clavier,2415.83,1,0.0,Especes,False
2024-11-06,Fes,T002138,Electronique,Tablette,2167.64,2,5.0,En ligne,False
2024-06-15,Casablanca,T002139,Beaute,Parfum,672.49,2,0.0,Carte,False
2024-07-23,Marrakech,T002141,Alimentation,The,76.58,1,15.0,Especes,False
2024-03-12,Fes,T002143,Alimentation,Cafe,214.65,1,0.0,Carte,False
2024-04-11,Agadir,T002146,Beaute,Creme,616.61,1,0.0,Carte,False
2024-11-01,Tanger,T002147,Electronique,Casque,2933.44,1,0.0,Especes,False
2024-01-11,Casablanca,T002148,Maison,Chaise,147.94,2,,CB,False
2024-05-30,Casablanca,T002149,Alimentation,Huile,26.99,2,5.0,Carte,False
2024-02-08,Fes,T002150,Electronique,Clavier,2725.56,1,,Carte,False
2024-04-24,Agadir,T002151,Electronique,Souris,495.12,1,0.0,Especes,False
2024-12-09,Marrakech,T002152,Sports,Ballon,922.9,2,,Carte,False
2024-01-31,Agadir,T002153,Alimentation,Pates,85.11,1,0.0,En ligne,False
2024-10-04,Tanger,T002154,Alimentation,Pates,106.92,1,10.0,carte,False
2024-02-26,Agadir,T002155,Sports,Halteres,385.55,1,,Carte,False
2024-03-25,Fes,T002156,Maison,Miroir,601.07,1,0.0,Carte,False
2024-08-06,Tanger,T002157,Alimentation,The,64.73,2,0.0,En ligne,False
2024-03-07,Tanger,T002158,Vetements,Sweat,797.16,2,0.0,Especes,False
2024-06-20,Agadir,T002159,Vetements,T-shirt,411.42,2,0.0,Carte,False
2024-01-12,Marrakech,T002160,Sports,Halteres,458.2,1,15.0,Especes,False
2024-05-11,Casablanca,T002161,Vetements,Sweat,486.67,1,0.0,Carte,False
2024-02-09,Marrakech,T002162,Sports,Raquette,385.26,2,5.0,Especes,False
2024-05-01,Marrakech,T002163,Sports,Velo appartement,522.79,1,5.0,En ligne,False
2024-10-21,Marrakech,T002165,Electronique,Ecouteurs,814.54,2,0.0,En ligne,False
2024-01-11,Agadir,T002166,Vetements,Chaussures,834.13,2,5.0,Especes,False
2024-03-22,Agadir,T002167,Sports,Ballon,917.97,1,0.0,En ligne,False
2024-09-05,Marrakech,T002168,Electronique,Clavier,2916.83,1,0.0,Especes,False
2024-06-05,Fes,T002169,Electronique,Tablette,440.46,1,0.0,En ligne,False
2024-08-24,Marrakech,T002171,Vetements,Sweat,236.7,1,5.0,En ligne,False
2024-06-27,Fes,T002172,Beaute,Shampooing,314.59,1,0.0,Carte,False
2024-08-28,Rabat,T002173,Alimentation,Riz,217.41,2,0.0,Carte,False
2024-03-09,Fes,T002176,Vetements,Robe,204.42,1,5.0,Especes,False
2024-08-14,Casablanca,T002177,Sports,Halteres,873.46,1,0.0,Especes,False
2024-07-13,Fes,T002178,Maison,Miroir,1101.65,1,0.0,Carte,False
2024-06-22,Rabat,T002179,Maison,Miroir,424.96,2,5.0,Carte,False
2024-10-29,Fes,T002180,Maison,Chaise,860.87,1,0.0,Especes,False
2024-06-12,Rabat,T002181,Maison,Chaise,351.6,1,0.0,En ligne,False
2024-03-28,Rabat,T002182,Sports,Halteres,1063.23,2,,En ligne,False
2024-10-28,Marrakech,T002183,Alimentation,Cereales,118.84,1,5.0,Carte,False
2024-05-31,Casablanca,T002185,Vetements,Veste,267.75,1,10.0,Carte,False
2024-07-13,Tanger,T002186,Vetements,Sweat,440.6,1,0.0,Especes,False
2024-10-29,Agadir,T002187,Sports,Ballon,420.47,1,10.0,Especes,False
2024-01-10,Casablanca,T002188,Electronique,Tablette,1897.2,1,0.0,En ligne,False
2024-09-16,Tanger,T002189,Electronique,Casque,900.22,1,0.0,Carte,False
2024-06-12,Rabat,T002191,Beaute,Savon,643.14,1,0.0,Especes,False
2024-01-08,Fes,T002193,Alimentation,Huile,42.25,1,0.0,CB,False
2024-07-06,Marrakech,T002194,Electronique,Ecouteurs,1491.23,2,10.0,En ligne,False
2024-01-15,Agadir,T002195,Alimentation,Riz,30.46,2,0.0,En ligne,False
2024-11-08,Tanger,T002196,Vetements,Veste,364.54,2,10.0,En ligne,False
2024-06-24,Agadir,T002197,Electronique,Smartphone,1541.7,2,10.0,Carte,False
2024-02-03,Marrakech,T002199,Beaute,Creme,126.73,3,0.0,En ligne,False
2024-01-02,Tanger,T002200,Electronique,Ecouteurs,3144.34,2,5.0,Especes,False
2024-03-20,Tanger,T002201,Maison,Lampe,1194.88,1,15.0,Especes,False
2024-11-15,Fes,T002202,Sports,Ballon,470.57,2,,Especes,False
2024-10-01,Agadir,T002203,Maison,Miroir,1175.04,1,,Carte,False
2024-11-14,Casablanca,T002204,Vetements,T-shirt,246.89,2,0.0,Carte,False
2024-10-05,Tanger,T002205,Maison,Tapis,615.0,1,15.0,Carte,False
2024-12-30,Agadir,T002206,Maison,Coussin,597.36,1,0.0,En ligne,False
2024-07-05,Casablanca,T002208,Electronique,Casque,1932.89,2,0.0,Especes,False
2024-05-25,Fes,T002210,Alimentation,Riz,197.89,3,0.0,Carte,False
2024-08-30,Marrakech,T002211,Alimentation,Huile,76.04,1,0.0,En ligne,False
2024-07-22,Rabat,T002212,Maison,Lampe,546.59,1,0.0,En ligne,False
2024-06-08,Casablanca,T002213,Vetements,Jean,795.75,1,5.0,Carte,False
2024-02-09,Rabat,T002214,Vetements,Veste,294.66,1,15.0,Carte,False
2024-08-17,Tanger,T002215,Sports,Ballon,1132.39,1,0.0,En ligne,False
2024-12-26,Casablanca,T002216,Sports,Ballon,396.31,2,5.0,En ligne,False
2024-05-20,Fes,T002217,Vetements,T-shirt,180.09,1,0.0,Especes,False
2024-10-11,Agadir,T002218,Sports,Halteres,1196.31,1,5.0,Carte,False
2024-08-20,Fes,T002219,Alimentation,Pates,89.14,1,15.0,Especes,False
2024-08-02,Tanger,T002220,Alimentation,Cereales,31.79,1,0.0,En-ligne,False
2024-10-30,Tanger,T002221,Vetements,Chaussures,156.46,2,0.0,En ligne,False
2024-05-10,Fes,T002222,Beaute,Parfum,607.33,2,0.0,En ligne,False
2024-03-12,Agadir,T002223,Vetements,Jean,235.38,1,0.0,Especes,False
2024-04-23,Fes,T002226,Alimentation,The,174.23,1,0.0,Especes,False
2024-04-10,Marrakech,T002227,Beaute,Serum,440.95,1,0.0,En ligne,False
2024-07-27,Agadir,T002228,Maison,Coussin,821.8,1,0.0,Carte,False
2024-12-04,Marrakech,T002229,Alimentation,The,127.01,2,0.0,Especes,False
2024-04-25,Rabat,T002230,Alimentation,The,149.89,1,0.0,En ligne,False
2024-06-26,Rabat,T002232,Maison,Tapis,981.57,1,0.0,En ligne,False
2024-02-28,Fes,T002233,Electronique,Souris,748.92,1,5.0,Carte,False
2024-07-26,Agadir,T002234,Vetements,T-shirt,438.11,2,10.0,En ligne,False
2024-05-16,Agadir,T002235,Vetements,Sweat,791.24,1,10.0,Especes,False
2024-10-05,Agadir,T002236,Vetements,Sweat,568.07,1,0.0,En ligne,False
2024-09-12,Casablanca,T002237,Alimentation,Cereales,205.35,1,5.0,Carte,False
2024-05-06,Agadir,T002238,Sports,Tapis Yoga,1761.9,1,5.0,En ligne,False
2024-04-13,Fes,T002240,Maison,Miroir,785.61,4,10.0,Especes,False
2024-05-22,Casablanca,T002241,Electronique,Clavier,3421.41,2,0.0,Especes,False
2024-05-18,Tanger,T002242,Beaute,Maquillage,487.21,2,0.0,En ligne,False
2024-03-05,Agadir,T002243,Beaute,Parfum,266.82,1,5.0,Especes,False
2024-03-20,Marrakech,T002244,Vetements,Sweat,263.61,2,0.0,CB,False
2024-11-01,Rabat,T002245,Beaute,Savon,203.29,1,0.0,Carte,False
2024-05-09,Tanger,T002246,Alimentation,Riz,95.14,2,0.0,Carte,False
2024-09-23,Tanger,T002247,Electronique,Smartphone,384.68,2,15.0,En ligne,False
2024-04-08,Casablanca,T002248,Beaute,Maquillage,210.19,1,0.0,Carte,False
2024-07-19,Tanger,T002250,Beaute,Parfum,627.05,3,10.0,En ligne,False
2024-01-27,Tanger,T002251,Alimentation,Cafe,195.67,1,5.0,carte,False
2024-11-20,Marrakech,T002252,Alimentation,Huile,103.43,1,0.0,Especes,False
2024-07-17,Casablanca,T002253,Alimentation,Cereales,161.35,1,0.0,Carte,False
2024-08-17,Rabat,T002254,Beaute,Parfum,271.76,1,0.0,Especes,False
2024-09-07,Rabat,T002255,Alimentation,Cafe,39.08,2,5.0,En ligne,False
2024-12-06,Rabat,T002256,Beaute,Creme,477.26,1,10.0,Carte,False
2024-12-07,Tanger,T002257,Alimentation,Huile,201.35,1,0.0,En ligne,False
2024-08-08,Fes,T002258,Sports,Raquette,550.02,1,0.0,Especes,False
2024-10-26,Fes,T002259,Vetements,Jean,869.65,1,0.0,Especes,False
2024-12-23,Fes,T002260,Maison,Chaise,978.37,1,10.0,Carte,False
2024-03-16,Tanger,T002261,Electronique,Ecouteurs,500.92,1,5.0,Especes,False
2024-11-15,Fes,T002262,Beaute,Parfum,194.02,2,10.0,En ligne,False
2024-11-09,Rabat,T002263,Alimentation,Cafe,57.19,3,10.0,En ligne,False
2024-01-03,Tanger,T002266,Vetements,Jean,254.63,1,0.0,Especes,False
2024-02-13,Tanger,T002267,Vetements,Chaussures,610.85,4,15.0,Especes,False
2024-09-25,Casablanca,T002268,Alimentation,Pates,99.45,2,0.0,Carte,False
2024-03-09,Marrakech,T002269,Vetements,Veste,181.38,1,0.0,Carte,False
2024-03-25,Fes,T002270,Alimentation,Cereales,71.35,1,0.0,Especes,False
2024-07-02,Casablanca,T002271,Electronique,Ecouteurs,2141.43,1,5.0,En ligne,False
2024-08-07,Casablanca,T002272,Sports,Halteres,1510.61,2,10.0,Especes,False
2024-02-09,Rabat,T002273,Electronique,Clavier,2731.88,1,0.0,Especes,False
2024-10-26,Agadir,T002274,Alimentation,The,140.86,1,0.0,Especes,False
2024-06-14,Tanger,T002275,Vetements,Veste,688.84,2,5.0,Especes,False
2024-12-16,Marrakech,T002276,Vetements,Veste,456.92,2,5.0,En ligne,False
2024-02-09,Agadir,T002277,Sports,Chaussures Running,683.32,2,0.0,En ligne,False
2024-10-05,Fes,T002278,Vetements,Robe,353.93,2,5.0,Especes,False
2024-12-09,Marrakech,T002280,Beaute,Serum,77.16,2,0.0,Especes,False
2024-12-27,Marrakech,T002281,Beaute,Shampooing,506.21,1,0.0,En ligne,False
2024-02-13,Marrakech,T002282,Maison,Miroir,1148.38,1,0.0,En ligne,False
2024-02-02,Tanger,T002283,Maison,Tapis,325.17,2,10.0,Carte,False
2024-01-01,Agadir,T002284,Alimentation,The,151.7,3,0.0,Especes,False
2024-05-31,Tanger,T002285,Alimentation,Cereales,177.2,2,5.0,En ligne,False
2024-12-02,Tanger,T002286,Beaute,Maquillage,543.16,2,10.0,Carte,False
2024-03-07,Fes,T002287,Maison,Tapis,1038.67,1,5.0,En ligne,False
2024-02-13,Casablanca,T002288,Vetements,Robe,183.08,1,15.0,En ligne,False
2024-08-09,Tanger,T002289,Vetements,Robe,495.9,1,0.0,Carte,False
2024-11-20,Tanger,T002290,Sports,Tapis Yoga,1133.55,1,10.0,Especes,False
2024-02-15,Fes,T002291,Alimentation,The,44.72,3,0.0,En ligne,False
2024-12-03,Casablanca,T002292,Vetements,Sweat,668.77,2,0.0,Especes,False
2024-05-15,Agadir,T002293,Electronique,Smartphone,977.86,2,5.0,Especes,False
2024-11-04,Marrakech,T002294,Alimentation,Pates,194.98,1,0.0,Carte,False
2024-05-30,Agadir,T002296,Beaute,Shampooing,559.7,1,0.0,Especes,False
2024-08-06,Rabat,T002297,Alimentation,Riz,47.92,2,10.0,En ligne,False
2024-08-09,Fes,T002298,Alimentation,Huile,151.79,2,0.0,Especes,False
2024-05-11,Tanger,T002301,Electronique,Smartphone,1623.9,1,5.0,Carte,False
2024-09-11,Rabat,T002303,Vetements,Chaussures,677.26,2,0.0,Especes,False
2024-03-21,Agadir,T002304,Vetements,T-shirt,395.5,1,10.0,En ligne,False
2024-04-08,Tanger,T002305,Beaute,Creme,375.8,1,10.0,Especes,False
2024-08-10,Agadir,T002306,Sports,Velo appartement,1363.81,1,0.0,En ligne,False
2024-02-21,Agadir,T002307,Sports,Chaussures Running,1711.04,3,0.0,Especes,False
2024-11-05,Tanger,T002308,Vetements,Chaussures,445.47,3,5.0,Especes,False
2024-04-17,Tanger,T002310,Vetements,T-shirt,566.73,2,0.0,Carte,False
2024-07-29,Fes,T002311,Beaute,Maquillage,143.9,3,0.0,En ligne,False
2024-08-14,Tanger,T002312,Maison,Lampe,1143.32,1,0.0,En ligne,False
2024-03-02,Casablanca,T002313,Alimentation,Cereales,212.57,1,10.0,En-ligne,False
2024-08-14,Fes,T002315,Electronique,Souris,1244.25,3,5.0,Carte,False
2024-02-24,Marrakech,T002316,Maison,Coussin,1055.16,2,0.0,Carte,False
2024-09-23,Rabat,T002317,Vetements,Robe,890.8,2,5.0,Carte,False
2024-02-01,Fes,T002319,Electronique,Casque,2024.19,2,0.0,En ligne,False
2024-09-04,Tanger,T002321,Alimentation,Cereales,74.16,1,0.0,CB,False
2024-03-26,Rabat,T002322,Maison,Chaise,1073.12,1,0.0,En ligne,False
2024-02-27,Tanger,T002324,Alimentation,Cereales,55.69,1,10.0,Especes,False
2024-03-05,Agadir,T002325,Electronique,Smartphone,2464.8,1,0.0,En ligne,False
2024-04-12,Rabat,T002326,Sports,Tapis Yoga,1766.73,1,0.0,Carte,False
2024-04-30,Tanger,T002327,Electronique,Clavier,2955.39,1,0.0,En ligne,False
2024-09-20,Agadir,T002328,Vetements,Sweat,217.01,2,0.0,Especes,False
2024-06-06,Casablanca,T002329,Sports,Tapis Yoga,435.84,1,0.0,Especes,False
2024-04-06,Fes,T002331,Alimentation,Cafe,100.68,1,0.0,Especes,False
2024-04-06,Marrakech,T002332,Alimentation,Riz,162.5,2,0.0,En ligne,False
2024-09-13,Tanger,T002333,Maison,Miroir,1160.91,2,0.0,En ligne,False
2024-07-22,Fes,T002334,Alimentation,Cereales,103.76,1,0.0,Especes,False
2024-08-01,Fes,T002335,Sports,Velo appartement,1096.86,2,5.0,CB,False
2024-01-11,Marrakech,T002336,Maison,Table,645.15,2,0.0,Especes,False
2024-10-28,Fes,T002337,Alimentation,Pates,182.61,1,5.0,Especes,False
2024-12-28,Fes,T002338,Vetements,Veste,780.85,1,0.0,En ligne,False
2024-12-13,Marrakech,T002339,Electronique,Clavier,1498.87,1,0.0,Carte,False
2024-01-20,Rabat,T002340,Alimentation,Riz,138.87,2,0.0,Carte,False
2024-02-27,Fes,T002342,Maison,Coussin,1139.95,1,0.0,Especes,False
2024-07-27,Fes,T002343,Maison,Tapis,948.29,1,5.0,En ligne,False
2024-02-27,Marrakech,T002344,Vetements,Veste,285.69,1,10.0,En ligne,False
2024-10-15,Agadir,T002345,Vetements,Veste,175.38,1,10.0,Carte,False
2024-09-18,Rabat,T002346,Beaute,Shampooing,504.67,1,0.0,Carte,False
2024-11-09,Rabat,T002347,Sports,Halteres,634.48,2,0.0,Carte,False
2024-01-26,Marrakech,T002348,Maison,Miroir,503.61,2,0.0,En ligne,False
2024-01-26,Agadir,T002349,Sports,Chaussures Running,692.28,1,0.0,Especes,False
2024-08-30,Casablanca,T002350,Alimentation,Huile,33.15,1,5.0,En ligne,False
2024-05-28,Agadir,T002351,Maison,Miroir,651.51,2,15.0,En ligne,False
2024-07-04,Fes,T002352,Electronique,Tablette,217.11,2,0.0,En ligne,False
2024-08-16,Rabat,T002353,Electronique,Ecouteurs,689.9,1,5.0,Especes,False
2024-06-24,Agadir,T002356,Alimentation,Riz,83.34,1,10.0,CB,False
2024-02-15,Tanger,T002357,Electronique,Ecouteurs,659.2,2,0.0,En ligne,False
2024-08-07,Fes,T002358,Maison,Coussin,510.95,1,15.0,Especes,False
2024-03-23,Rabat,T002359,Maison,Lampe,73.72,1,0.0,Carte,False
2024-06-03,Casablanca,T002360,Sports,Tapis Yoga,516.83,1,15.0,Carte,False
2024-12-16,Tanger,T002361,Maison,Table,1330.56,1,0.0,Carte,False
2024-09-25,Agadir,T002362,Alimentation,Huile,66.69,2,0.0,Carte,False
2024-03-08,Fes,T002363,Electronique,Tablette,3352.01,1,5.0,Especes,False
2024-06-01,Agadir,T002364,Alimentation,Cereales,20.13,1,10.0,Especes,False
2024-03-29,Marrakech,T002366,Maison,Lampe,1056.86,2,10.0,Carte,False
2024-12-20,Fes,T002367,Electronique,Tablette,2721.66,3,0.0,Especes,False
2024-03-06,Agadir,T002368,Vetements,Sweat,191.22,1,0.0,Carte,False
2024-06-24,Rabat,T002369,Alimentation,Huile,39.98,1,10.0,Carte,False
2024-12-02,Agadir,T002370,Maison,Tapis,65.02,1,0.0,Especes,False
2024-04-27,Agadir,T002371,Maison,Table,129.97,1,0.0,Especes,False
2024-02-28,Agadir,T002374,Maison,Lampe,202.36,1,0.0,En ligne,False
2024-12-17,Fes,T002375,Vetements,Chaussures,845.23,2,0.0,En ligne,False
2024-10-25,Agadir,T002376,Maison,Chaise,1375.21,1,0.0,Carte,False
2024-05-02,Casablanca,T002377,Vetements,Veste,232.07,2,0.0,En ligne,False
2024-01-22,Fes,T002378,Electronique,Smartphone,2213.8,2,0.0,Carte,False
2024-10-01,Fes,T002379,Alimentation,Riz,124.87,1,,Especes,False
2024-11-05,Tanger,T002380,Alimentation,The,171.11,2,10.0,En ligne,False
2024-09-26,Agadir,T002381,Sports,Raquette,1074.74,2,0.0,Especes,False
2024-06-24,Rabat,T002382,Alimentation,Cafe,198.45,1,0.0,Carte,False
2024-10-15,Fes,T002383,Alimentation,Cereales,195.78,2,10.0,carte,False
2024-07-18,Agadir,T002384,Beaute,Maquillage,608.57,1,10.0,En ligne,False
2024-06-27,Casablanca,T002385,Vetements,Veste,118.41,1,15.0,Especes,False
2024-08-12,Casablanca,T002387,Maison,Miroir,740.78,2,0.0,Especes,False
2024-02-03,Fes,T002388,Maison,Tapis,220.11,1,0.0,Carte,False
2024-07-20,Marrakech,T002389,Beaute,Creme,584.93,1,0.0,Especes,False
2024-08-31,Rabat,T002390,Sports,Velo appartement,1385.25,1,0.0,Carte,False
2024-09-16,Marrakech,T002391,Beaute,Savon,492.5,1,0.0,CB,False
2024-06-11,Marrakech,T002392,Alimentation,Riz,41.05,1,0.0,En ligne,False
2024-04-30,Fes,T002393,Alimentation,Cereales,185.57,4,0.0,Carte,False
2024-07-24,Fes,T002394,Electronique,Ecouteurs,276.57,2,0.0,En ligne,False
2024-02-01,Agadir,T002395,Alimentation,Huile,128.11,2,0.0,Carte,False
2024-01-16,Rabat,T002396,Sports,Raquette,1176.63,1,0.0,Carte,False
2024-10-09,Agadir,T002397,Electronique,Clavier,2205.14,1,10.0,En ligne,False
2024-09-19,Marrakech,T002398,Vetements,Jean,132.07,1,0.0,Especes,False
2024-04-10,Rabat,T002399,Alimentation,Huile,19.35,1,5.0,En ligne,False
2024-09-05,Agadir,T002400,Vetements,Jean,263.71,2,0.0,Especes,False
2024-01-25,Tanger,T002401,Vetements,Jean,772.63,1,5.0,Especes,False
2024-09-23,Marrakech,T002403,Sports,Velo appartement,513.66,1,0.0,Carte,False
2024-07-31,Casablanca,T002404,Electronique,Tablette,1559.59,2,5.0,Carte,False
2024-11-12,Fes,T002405,Maison,Miroir,434.75,1,0.0,Carte,False
2024-08-29,Agadir,T002406,Beaute,Maquillage,474.11,1,10.0,En ligne,False
2024-06-03,Agadir,T002407,Beaute,Savon,349.8,1,0.0,En ligne,False
2024-08-17,Rabat,T002408,Vetements,Chaussures,668.11,2,0.0,Carte,False
2024-08-14,Rabat,T002409,Electronique,Souris,2132.42,2,0.0,Carte,False
2024-01-20,Marrakech,T002410,Alimentation,Huile,94.04,2,0.0,En-ligne,False
2024-02-03,Casablanca,T002411,Maison,Tapis,1316.79,1,0.0,En ligne,False
2024-07-30,Tanger,T002412,Maison,Lampe,1195.79,3,0.0,Especes,False
2024-01-24,Agadir,T002415,Electronique,Tablette,482.25,2,0.0,CB,False
2024-03-25,Agadir,T002416,Beaute,Serum,393.93,1,15.0,Especes,False
2024-05-14,Tanger,T002417,Alimentation,Cereales,54.21,2,10.0,CB,False
2024-12-09,Casablanca,T002418,Alimentation,Cafe,14.76,1,0.0,En ligne,False
2024-01-02,Agadir,T002419,Vetements,Veste,868.47,1,10.0,Carte,False
2024-03-04,Casablanca,T002420,Vetements,Robe,464.79,1,0.0,Carte,False
2024-11-28,Marrakech,T002421,Alimentation,Riz,12.98,2,5.0,En ligne,False
2024-11-16,Rabat,T002422,Maison,Coussin,578.49,1,15.0,En ligne,False
2024-09-16,Tanger,T002423,Alimentation,Cereales,199.09,1,5.0,Carte,False
2024-12-27,Fes,T002424,Alimentation,Pates,208.91,2,15.0,En ligne,False
2024-05-29,Agadir,T002425,Vetements,T-shirt,426.16,2,15.0,Carte,False
2024-03-19,Agadir,T002426,Alimentation,The,207.67,3,0.0,En-ligne,False
2024-10-30,Agadir,T002427,Alimentation,The,108.96,3,0.0,Especes,False
2024-05-28,Casablanca,T002429,Electronique,Ecouteurs,988.86,1,0.0,Especes,False
2024-02-07,Casablanca,T002431,Alimentation,Cereales,213.07,1,0.0,En-ligne,False
2024-06-14,Rabat,T002432,Alimentation,Cereales,118.1,2,0.0,carte,False
2024-02-12,Agadir,T002434,Alimentation,Cereales,158.21,3,0.0,En ligne,False
2024-07-02,Agadir,T002435,Alimentation,Cafe,22.15,3,0.0,Carte,False
2024-09-28,Agadir,T002437,Vetements,Veste,208.52,1,10.0,Especes,False
2024-09-04,Marrakech,T002438,Maison,Tapis,1397.0,1,0.0,Especes,False
2024-02-08,Casablanca,T002439,Alimentation,Cafe,30.69,2,10.0,En ligne,False
2024-10-21,Rabat,T002441,Sports,Ballon,830.15,1,0.0,En ligne,False
2024-12-04,Tanger,T002442,Beaute,Serum,690.17,1,0.0,Carte,False
2024-11-22,Fes,T002443,Beaute,Shampooing,88.42,2,10.0,Carte,False
2024-12-14,Fes,T002444,Alimentation,Huile,128.51,1,0.0,Especes,False
2024-09-02,Fes,T002445,Electronique,Souris,287.54,2,0.0,En ligne,False
2024-03-12,Tanger,T002446,Beaute,Savon,469.46,1,10.0,En ligne,False
2024-10-26,Marrakech,T002447,Sports,Halteres,1607.63,1,0.0,Especes,False
2024-11-30,Casablanca,T002448,Electronique,Casque,2296.65,1,10.0,En ligne,False
2024-08-21,Agadir,T002449,Vetements,Veste,395.33,1,0.0,Especes,False
2024-04-04,Fes,T002451,Vetements,Veste,480.19,1,15.0,Especes,False
2024-10-26,Marrakech,T002452,Beaute,Savon,378.84,1,0.0,Especes,False
2024-06-29,Tanger,T002453,Alimentation,The,194.42,2,0.0,Especes,False
2024-01-10,Marrakech,T002455,Electronique,Ecouteurs,226.41,1,5.0,Especes,False
2024-01-25,Rabat,T002456,Vetements,Sweat,609.31,1,10.0,Carte,False
2024-07-20,Rabat,T002457,Electronique,Souris,2347.35,2,0.0,En ligne,False
2024-03-27,Rabat,T002458,Sports,Chaussures Running,1031.29,1,0.0,Carte,False
2024-02-05,Fes,T002459,Beaute,Serum,681.01,1,0.0,Carte,False
2024-11-22,Agadir,T002460,Alimentation,Pates,96.81,2,15.0,En ligne,False
2024-02-03,Marrakech,T002461,Electronique,Smartphone,2838.41,1,5.0,En ligne,False
2024-01-01,Marrakech,T002462,Vetements,Sweat,252.55,1,0.0,Carte,False
2024-08-08,Casablanca,T002463,Electronique,Casque,725.46,2,0.0,En ligne,False
2024-12-21,Rabat,T002465,Electronique,Smartphone,1892.47,1,5.0,Carte,False
2024-04-26,Casablanca,T002467,Alimentation,Riz,139.82,1,10.0,En ligne,False
2024-07-06,Casablanca,T002468,Beaute,Serum,41.56,2,,Carte,False
2024-01-02,Rabat,T002469,Vetements,Robe,673.6,2,0.0,Especes,False
2024-10-04,Agadir,T002470,Beaute,Creme,582.0,1,10.0,CB,False
2024-10-26,Marrakech,T002472,Maison,Lampe,863.98,2,5.0,En ligne,False
2024-01-08,Rabat,T002473,Alimentation,Pates,158.21,1,0.0,Especes,False
2024-10-26,Marrakech,T002474,Maison,Chaise,713.89,1,0.0,Especes,False
2024-02-19,Fes,T002476,Sports,Halteres,1518.74,2,0.0,En ligne,False
2024-03-19,Agadir,T002477,Sports,Tapis Yoga,1339.15,1,0.0,Especes,False
2024-03-19,Agadir,T002479,Maison,Table,568.07,1,0.0,Carte,False
2024-08-28,Agadir,T002480,Vetements,Chaussures,848.96,2,0.0,carte,False
2024-02-07,Agadir,T002482,Beaute,Savon,589.1,2,0.0,Carte,False
2024-03-15,Fes,T002483,Electronique,Casque,2017.46,2,0.0,Carte,False
2024-12-02,Agadir,T002484,Maison,Lampe,1338.35,1,15.0,Especes,False
2024-04-18,Casablanca,T002485,Maison,Tapis,104.69,1,0.0,Carte,False
2024-08-31,Fes,T002486,Vetements,Robe,409.32,2,0.0,En ligne,False
2024-02-28,Tanger,T002488,Sports,Halteres,632.58,1,10.0,Carte,False
2024-10-29,Rabat,T002489,Alimentation,The,16.68,1,0.0,Carte,False
2024-07-03,Agadir,T002490,Electronique,Tablette,1691.99,1,5.0,En ligne,False
2024-04-01,Tanger,T002491,Electronique,Ecouteurs,3224.89,1,10.0,En ligne,False
2024-10-21,Agadir,T002492,Electronique,Souris,1388.81,1,15.0,Especes,False
2024-08-19,Fes,T002493,Maison,Miroir,783.34,3,5.0,En ligne,False
2024-01-15,Agadir,T002494,Alimentation,Cereales,139.77,2,0.0,Carte,False
2024-10-08,Marrakech,T002495,Alimentation,The,135.26,2,0.0,Especes,False
2024-11-26,Agadir,T002496,Beaute,Parfum,134.01,3,10.0,Carte,False
2024-05-21,Marrakech,T002497,Maison,Lampe,277.44,2,10.0,Especes,False
2024-04-04,Fes,T002499,Alimentation,Huile,179.78,1,0.0,Carte,False
2024-01-03,Marrakech,T002500,Vetements,Chaussures,807.42,2,0.0,Carte,False
2024-04-17,Agadir,T002501,Maison,Miroir,567.53,1,5.0,Especes,False
2024-03-19,Tanger,T002502,Beaute,Serum,183.85,1,0.0,Carte,False
2024-12-25,Fes,T002503,Beaute,Parfum,348.13,1,5.0,En ligne,False
2024-03-30,Marrakech,T002504,Sports,Raquette,1066.64,1,10.0,Especes,False
2024-12-26,Rabat,T002505,Maison,Coussin,844.8,1,5.0,En ligne,False
2024-01-20,Tanger,T002506,Alimentation,The,212.38,2,0.0,Carte,False
2024-11-08,Marrakech,T002507,Beaute,Maquillage,673.69,1,5.0,Especes,False
2024-09-13,Tanger,T002508,Electronique,Casque,280.85,1,0.0,Especes,False
2024-08-31,Casablanca,T002509,Electronique,Smartphone,532.66,1,5.0,En ligne,False
2024-10-30,Tanger,T002510,Sports,Tapis Yoga,371.67,2,5.0,Especes,False
2024-03-27,Casablanca,T002511,Sports,Ballon,1699.73,1,10.0,CB,False
2024-08-23,Agadir,T002512,Vetements,Jean,542.24,1,0.0,Carte,False
2024-12-20,Casablanca,T002514,Maison,Miroir,187.73,1,5.0,Especes,False
2024-06-11,Tanger,T002515,Electronique,Clavier,1539.63,2,10.0,Carte,False
2024-01-04,Agadir,T002517,Maison,Chaise,212.8,1,0.0,Carte,False
2024-07-18,Rabat,T002518,Alimentation,The,99.91,2,10.0,Especes,False
2024-02-08,Tanger,T002519,Alimentation,Riz,142.14,1,0.0,Carte,False
2024-07-04,Rabat,T002520,Maison,Lampe,830.62,1,0.0,Carte,False
2024-08-22,Tanger,T002521,Vetements,Veste,450.51,2,5.0,Especes,False
2024-11-01,Rabat,T002522,Vetements,Robe,431.36,1,0.0,Carte,False
2024-08-28,Fes,T002524,Sports,Tapis Yoga,859.09,1,0.0,CB,False
2024-01-18,Rabat,T002525,Alimentation,Riz,145.24,1,0.0,En ligne,False
2024-11-21,Rabat,T002526,Electronique,Tablette,963.49,2,0.0,En-ligne,False
2024-11-21,Agadir,T002527,Maison,Table,1362.32,2,10.0,En ligne,False
2024-08-13,Fes,T002529,Maison,Coussin,1072.14,1,0.0,En-ligne,False
2024-11-19,Tanger,T002530,Vetements,Veste,777.85,2,10.0,En ligne,False
2024-09-30,Rabat,T002531,Maison,Tapis,1332.74,1,0.0,Especes,False
2024-07-08,Casablanca,T002532,Maison,Chaise,1244.88,1,0.0,En ligne,False
2024-12-27,Marrakech,T002533,Beaute,Parfum,414.28,1,0.0,Carte,False
2024-01-12,Marrakech,T002534,Beaute,Savon,75.99,2,15.0,En ligne,False
2024-11-23,Fes,T002535,Alimentation,Cereales,95.63,1,10.0,Especes,False
2024-09-05,Casablanca,T002536,Electronique,Clavier,2189.34,1,0.0,Especes,False
2024-12-19,Fes,T002537,Electronique,Ecouteurs,1254.11,2,0.0,Carte,False
2024-07-31,Agadir,T002538,Beaute,Serum,317.31,1,0.0,En-ligne,False
2024-05-09,Casablanca,T002539,Sports,Halteres,1755.64,1,0.0,Carte,False
2024-11-05,Rabat,T002540,Alimentation,Cereales,155.55,1,15.0,Especes,False
2024-09-02,Rabat,T002541,Beaute,Shampooing,500.16,1,5.0,Carte,False
2024-03-14,Tanger,T002543,Alimentation,Riz,75.71,1,0.0,Especes,False
2024-04-27,Rabat,T002544,Alimentation,Riz,212.42,3,5.0,Especes,False
2024-04-24,Fes,T002545,Beaute,Parfum,91.06,2,10.0,Especes,False
2024-05-24,Rabat,T002546,Beaute,Shampooing,411.25,1,0.0,Carte,False
2024-03-23,Casablanca,T002547,Maison,Lampe,386.55,1,10.0,Especes,False
2024-12-10,Marrakech,T002550,Maison,Coussin,718.58,1,0.0,En ligne,False
2024-05-22,Casablanca,T002552,Sports,Raquette,636.28,1,15.0,Carte,False
2024-02-02,Marrakech,T002553,Beaute,Maquillage,605.26,2,0.0,Carte,False
2024-04-19,Rabat,T002554,Maison,Miroir,810.53,1,5.0,Carte,False
2024-03-21,Casablanca,T002555,Maison,Lampe,1273.99,1,5.0,En ligne,False
2024-02-14,Casablanca,T002556,Maison,Table,514.12,1,5.0,carte,False
2024-06-18,Marrakech,T002557,Beaute,Creme,482.74,2,0.0,En ligne,False
2024-09-19,Marrakech,T002558,Maison,Lampe,64.77,1,0.0,Carte,False
2024-07-01,Fes,T002559,Beaute,Serum,517.73,3,5.0,Carte,False
2024-11-21,Fes,T002560,Electronique,Ecouteurs,2566.48,3,0.0,Especes,False
2024-02-10,Fes,T002561,Beaute,Maquillage,606.27,2,5.0,Especes,False
2024-10-05,Marrakech,T002563,Maison,Coussin,986.48,2,0.0,Carte,False
2024-12-20,Tanger,T002564,Maison,Table,1190.73,1,15.0,Carte,False
2024-07-02,Tanger,T002566,Beaute,Serum,314.9,1,,Especes,False
2024-01-08,Casablanca,T002569,Electronique,Casque,2509.92,1,0.0,Especes,False
2024-10-24,Fes,T002570,Alimentation,Cereales,30.11,1,0.0,Carte,False
2024-12-16,Casablanca,T002571,Alimentation,Huile,77.86,1,0.0,En-ligne,False
2024-10-15,Marrakech,T002572,Electronique,Casque,2835.18,2,10.0,En ligne,False
2024-06-25,Agadir,T002573,Beaute,Serum,187.38,1,10.0,Carte,False
2024-09-27,Tanger,T002574,Maison,Chaise,528.8,1,5.0,Especes,False
2024-04-24,Casablanca,T002575,Vetements,Chaussures,482.05,1,5.0,Carte,False
2024-11-20,Tanger,T002576,Electronique,Ecouteurs,463.09,2,10.0,Carte,False
2024-12-13,Marrakech,T002577,Alimentation,The,14.35,1,10.0,En ligne,False
2024-04-09,Tanger,T002578,Vetements,Robe,218.31,1,10.0,Especes,False
2024-03-28,Rabat,T002580,Sports,Chaussures Running,521.86,1,0.0,Especes,False
2024-12-05,Rabat,T002581,Alimentation,Cafe,100.39,2,0.0,Carte,False
2024-12-16,Marrakech,T002582,Alimentation,Huile,141.71,1,0.0,En ligne,False
2024-02-22,Tanger,T002583,Maison,Miroir,452.58,1,15.0,Carte,False
2024-05-04,Fes,T002584,Sports,Tapis Yoga,699.58,1,0.0,Especes,False
2024-12-04,Fes,T002585,Vetements,Veste,372.4,2,0.0,Especes,False
2024-08-23,Tanger,T002586,Sports,Halteres,1413.31,2,0.0,Carte,False
2024-10-09,Tanger,T002587,Sports,Chaussures Running,540.44,2,10.0,Carte,False
2024-02-09,Marrakech,T002588,Alimentation,Cereales,48.52,1,0.0,Carte,False
2024-03-28,Marrakech,T002589,Vetements,Sweat,547.67,2,0.0,En ligne,False
2024-04-05,Fes,T002590,Vetements,Chaussures,841.17,1,0.0,En ligne,False
2024-07-04,Tanger,T002591,Alimentation,Cereales,18.38,3,10.0,carte,False
2024-01-18,Fes,T002592,Electronique,Souris,822.85,2,0.0,En ligne,False
2024-05-14,Tanger,T002593,Beaute,Parfum,474.56,1,15.0,Carte,False
2024-06-15,Fes,T002594,Sports,Halteres,1051.18,2,0.0,En ligne,False
2024-12-28,Agadir,T002595,Alimentation,Riz,65.62,3,0.0,carte,False
2024-02-15,Casablanca,T002596,Maison,Coussin,1397.44,1,5.0,Carte,False
2024-05-29,Agadir,T002597,Beaute,Parfum,402.65,1,0.0,Especes,False
2024-02-02,Fes,T002598,Sports,Ballon,650.23,1,10.0,Carte,False
2024-11-30,Fes,T002599,Sports,Chaussures Running,399.12,2,0.0,Carte,False
2024-05-31,Tanger,T002600,Sports,Chaussures Running,371.43,1,5.0,Especes,False
2024-10-02,Marrakech,T002601,Electronique,Smartphone,2077.17,1,0.0,Especes,False
2024-12-04,Casablanca,T002602,Sports,Ballon,1256.54,1,0.0,Carte,False
2024-12-14,Tanger,T002605,Alimentation,Huile,176.73,1,10.0,En ligne,False
2024-09-16,Tanger,T002606,Alimentation,Riz,52.66,2,10.0,Especes,False
2024-03-21,Casablanca,T002607,Alimentation,Huile,142.25,1,0.0,Especes,False
2024-11-16,Tanger,T002608,Electronique,Smartphone,1071.14,3,5.0,En ligne,False
2024-02-09,Rabat,T002610,Electronique,Smartphone,1294.57,1,10.0,Carte,False
2024-11-29,Casablanca,T002613,Maison,Table,984.24,1,0.0,En ligne,False
2024-05-08,Marrakech,T002615,Sports,Tapis Yoga,708.19,1,0.0,En ligne,False
2024-01-23,Marrakech,T002616,Maison,Coussin,1093.01,1,0.0,En ligne,False
2024-11-04,Tanger,T002618,Sports,Ballon,1324.55,1,5.0,Carte,False
2024-03-04,Marrakech,T002619,Beaute,Creme,126.74,1,10.0,Especes,False
2024-08-19,Rabat,T002620,Sports,Velo appartement,372.08,2,15.0,En-ligne,False
2024-05-25,Tanger,T002621,Vetements,Chaussures,153.17,1,0.0,Especes,False
2024-07-30,Fes,T002622,Electronique,Smartphone,3471.25,2,0.0,En ligne,False
2024-06-08,Agadir,T002623,Alimentation,Huile,31.31,1,0.0,Carte,False
2024-05-30,Casablanca,T002625,Vetements,Veste,229.33,1,0.0,En ligne,False
2024-08-12,Fes,T002626,Alimentation,Cafe,104.53,1,0.0,En ligne,False
2024-11-22,Fes,T002629,Electronique,Casque,2915.58,2,10.0,Especes,False
2024-04-23,Agadir,T002630,Electronique,Ecouteurs,3339.35,1,10.0,Carte,False
2024-03-04,Marrakech,T002631,Sports,Chaussures Running,1164.2,2,0.0,Especes,False
2024-04-22,Tanger,T002632,Beaute,Serum,46.79,1,10.0,Carte,False
2024-04-01,Fes,T002633,Vetements,Robe,728.75,1,0.0,Carte,False
2024-09-12,Casablanca,T002634,Electronique,Casque,1369.07,1,5.0,carte,False
2024-10-19,Rabat,T002635,Maison,Lampe,689.87,2,10.0,CB,False
2024-02-22,Tanger,T002636,Vetements,Sweat,764.63,2,10.0,Especes,False
2024-02-05,Tanger,T002637,Alimentation,Huile,135.35,2,0.0,Carte,False
2024-06-12,Agadir,T002638,Alimentation,Cafe,160.35,1,10.0,Carte,False
2024-01-24,Tanger,T002639,Alimentation,Cafe,37.9,1,5.0,Especes,False
2024-02-01,Tanger,T002640,Electronique,Smartphone,2451.84,2,,Carte,False
2024-12-13,Agadir,T002641,Sports,Velo appartement,1034.61,1,0.0,Carte,False
2024-12-31,Tanger,T002642,Maison,Table,682.42,1,5.0,Carte,False
2024-11-30,Fes,T002643,Vetements,Chaussures,362.79,1,0.0,Especes,False
2024-03-04,Agadir,T002644,Vetements,Jean,828.53,1,5.0,En ligne,False
2024-05-03,Fes,T002645,Maison,Lampe,339.0,2,0.0,Especes,False
2024-04-24,Marrakech,T002646,Alimentation,Cereales,53.81,2,5.0,Carte,False
2024-08-19,Tanger,T002647,Vetements,Sweat,126.0,1,0.0,Carte,False
2024-11-12,Agadir,T002648,Alimentation,Riz,179.53,2,5.0,Carte,False
2024-02-23,Rabat,T002649,Maison,Table,366.81,1,0.0,Especes,False
2024-01-24,Fes,T002650,Maison,Table,486.52,1,5.0,En ligne,False
2024-08-16,Tanger,T002651,Beaute,Savon,89.27,1,0.0,En ligne,False
2024-04-22,Fes,T002654,Vetements,Robe,459.72,1,0.0,Especes,False
2024-01-15,Casablanca,T002655,Electronique,Souris,475.47,2,10.0,En ligne,False
2024-10-11,Marrakech,T002656,Sports,Chaussures Running,1327.4,2,15.0,Especes,False
2024-02-14,Agadir,T002657,Vetements,T-shirt,785.35,1,0.0,Especes,False
2024-12-11,Agadir,T002659,Maison,Coussin,248.15,1,0.0,En ligne,False
2024-12-16,Marrakech,T002660,Beaute,Maquillage,72.77,1,5.0,Carte,False
2024-05-30,Casablanca,T002661,Maison,Chaise,1062.3,2,10.0,Especes,False
2024-01-19,Casablanca,T002662,Electronique,Clavier,3118.77,1,0.0,Especes,False
2024-11-09,Agadir,T002663,Beaute,Parfum,494.73,1,0.0,Especes,False
2024-01-20,Marrakech,T002665,Vetements,Robe,172.45,1,10.0,En ligne,False
2024-10-21,Tanger,T002666,Electronique,Casque,639.08,3,0.0,Carte,False
2024-01-18,Agadir,T002667,Alimentation,Cereales,104.36,4,5.0,Carte,False
2024-11-13,Marrakech,T002668,Vetements,Sweat,259.9,1,5.0,En ligne,False
2024-05-28,Agadir,T002669,Sports,Tapis Yoga,1755.66,1,10.0,Carte,False
2024-07-20,Casablanca,T002671,Beaute,Maquillage,316.93,2,5.0,Especes,False
2024-02-12,Fes,T002672,Alimentation,Pates,65.99,1,5.0,En ligne,False
2024-09-21,Casablanca,T002673,Vetements,Robe,479.83,2,10.0,Carte,False
2024-12-28,Fes,T002674,Maison,Chaise,595.08,1,0.0,carte,False
2024-03-14,Tanger,T002675,Vetements,Robe,354.32,1,0.0,En ligne,False
2024-03-02,Agadir,T002676,Maison,Coussin,473.85,4,10.0,Especes,False
2024-01-19,Casablanca,T002677,Electronique,Clavier,1132.53,2,0.0,En ligne,False
2024-08-02,Casablanca,T002678,Alimentation,The,132.2,3,,Carte,False
2024-09-19,Fes,T002679,Maison,Chaise,936.92,2,0.0,En ligne,False
2024-04-27,Rabat,T002680,Alimentation,Cafe,197.36,1,0.0,En ligne,False
2024-05-11,Tanger,T002681,Vetements,Robe,795.9,4,0.0,Especes,False
2024-02-03,Tanger,T002682,Alimentation,Riz,53.06,1,0.0,En-ligne,False
2024-08-19,Rabat,T002683,Beaute,Serum,52.75,2,5.0,Especes,False
2024-01-09,Casablanca,T002684,Alimentation,Cereales,32.08,1,0.0,Especes,False
2024-01-30,Rabat,T002685,Beaute,Serum,145.08,1,0.0,Carte,False
2024-11-29,Tanger,T002686,Sports,Tapis Yoga,1600.96,2,5.0,En ligne,False
2024-09-27,Fes,T002687,Electronique,Clavier,616.78,3,0.0,En ligne,False
2024-10-15,Tanger,T002688,Vetements,T-shirt,721.41,1,0.0,Especes,False
2024-07-31,Agadir,T002689,Electronique,Ecouteurs,426.05,2,15.0,Especes,False
2024-09-25,Rabat,T002690,Alimentation,The,205.85,2,5.0,Carte,False
2024-10-05,Tanger,T002691,Alimentation,The,113.1,2,10.0,En ligne,False
2024-05-08,Casablanca,T002692,Beaute,Maquillage,352.46,1,0.0,En ligne,False
2024-03-11,Tanger,T002694,Maison,Tapis,976.96,1,0.0,Especes,False
2024-06-28,Casablanca,T002695,Sports,Tapis Yoga,1438.57,1,10.0,Carte,False
2024-10-14,Rabat,T002696,Maison,Chaise,745.92,2,0.0,En ligne,False
2024-05-07,Agadir,T002697,Vetements,Chaussures,251.06,1,0.0,En ligne,False
2024-11-11,Rabat,T002698,Alimentation,Cafe,172.99,3,10.0,Carte,False
2024-09-24,Tanger,T002699,Alimentation,The,199.73,1,0.0,Carte,False
2024-11-19,Fes,T002700,Maison,Coussin,1313.23,3,10.0,Especes,False
2024-12-04,Casablanca,T002701,Sports,Tapis Yoga,1424.14,1,5.0,Carte,False
2024-01-26,Fes,T002702,Sports,Chaussures Running,1331.6,1,0.0,Especes,False
2024-11-09,Agadir,T002703,Electronique,Smartphone,564.62,3,10.0,En ligne,False
2024-09-14,Rabat,T002704,Alimentation,The,84.22,2,0.0,En ligne,False
2024-11-14,Casablanca,T002705,Electronique,Clavier,3290.63,2,0.0,Especes,False
2024-08-02,Agadir,T002706,Alimentation,Cafe,112.92,2,10.0,En ligne,False
2024-09-18,Rabat,T002707,Alimentation,Cereales,94.08,4,0.0,Carte,False
2024-03-12,Tanger,T002708,Sports,Raquette,944.81,1,0.0,Carte,False
2024-01-22,Tanger,T002709,Alimentation,Huile,149.05,1,10.0,carte,False
2024-07-20,Marrakech,T002710,Alimentation,Riz,140.99,1,0.0,Carte,False
2024-09-20,Marrakech,T002711,Electronique,Clavier,1604.61,1,0.0,Carte,False
2024-09-21,Marrakech,T002712,Maison,Coussin,1214.37,1,5.0,Especes,False
2024-09-23,Tanger,T002713,Alimentation,Pates,171.34,1,5.0,En ligne,False
2024-10-15,Casablanca,T002714,Electronique,Casque,3265.79,1,0.0,En ligne,False
2024-04-18,Casablanca,T002715,Beaute,Creme,284.51,1,0.0,Carte,False
2024-09-19,Casablanca,T002717,Maison,Coussin,198.75,2,15.0,Carte,False
2024-08-27,Agadir,T002718,Maison,Miroir,226.79,3,0.0,Carte,False
2024-06-19,Agadir,T002719,Alimentation,Cafe,167.33,1,5.0,Carte,False
2024-04-24,Rabat,T002720,Vetements,Robe,832.63,1,5.0,En ligne,False
2024-03-30,Tanger,T002721,Beaute,Maquillage,364.47,1,10.0,Carte,False
2024-02-24,Fes,T002722,Sports,Chaussures Running,426.14,1,0.0,Especes,False
2024-08-22,Casablanca,T002723,Vetements,Veste,113.15,1,0.0,Carte,False
2024-03-05,Casablanca,T002724,Alimentation,Cereales,146.47,1,0.0,En ligne,False
2024-12-16,Tanger,T002725,Vetements,Jean,863.78,2,15.0,Carte,False
2024-11-25,Fes,T002726,Beaute,Savon,561.01,2,5.0,Especes,False
2024-07-31,Agadir,T002727,Maison,Table,266.83,2,15.0,En ligne,False
2024-07-01,Tanger,T002728,Alimentation,Pates,132.62,1,0.0,CB,False
2024-01-24,Tanger,T002729,Beaute,Savon,645.3,1,15.0,En ligne,False
2024-10-25,Tanger,T002730,Sports,Ballon,117.63,2,10.0,En ligne,False
2024-10-10,Tanger,T002732,Sports,Tapis Yoga,979.47,1,,Carte,False
2024-11-02,Fes,T002733,Beaute,Savon,416.12,2,10.0,Especes,False
2024-04-05,Fes,T002734,Beaute,Creme,466.32,1,0.0,En ligne,False
2024-12-24,Marrakech,T002735,Vetements,Veste,812.38,2,5.0,Carte,False
2024-03-16,Fes,T002736,Vetements,Sweat,564.5,1,0.0,Carte,False
2024-04-23,Rabat,T002737,Alimentation,Huile,35.03,1,10.0,Carte,False
2024-02-10,Fes,T002738,Alimentation,The,47.09,1,0.0,Carte,False
2024-06-12,Tanger,T002739,Sports,Halteres,1758.99,2,0.0,En ligne,False
2024-08-02,Marrakech,T002740,Electronique,Smartphone,1005.26,1,5.0,Especes,False
2024-06-13,Fes,T002743,Sports,Ballon,566.51,1,5.0,Especes,False
2024-01-29,Tanger,T002744,Maison,Lampe,346.71,1,5.0,Carte,False
2024-02-15,Marrakech,T002745,Beaute,Maquillage,527.03,1,0.0,Carte,False
2024-10-21,Agadir,T002746,Maison,Lampe,281.29,2,5.0,Especes,False
2024-02-07,Agadir,T002747,Sports,Halteres,917.71,2,10.0,Carte,False
2024-02-26,Tanger,T002748,Maison,Miroir,1223.84,1,0.0,Especes,False
2024-08-22,Casablanca,T002749,Electronique,Smartphone,665.58,1,5.0,Carte,False
2024-01-26,Rabat,T002750,Sports,Raquette,1356.88,1,0.0,En ligne,False
2024-05-21,Tanger,T002751,Alimentation,Riz,35.84,1,5.0,En ligne,False
2024-07-17,Tanger,T002752,Beaute,Creme,310.68,2,10.0,Carte,False
2024-04-11,Marrakech,T002754,Vetements,T-shirt,604.71,1,0.0,Carte,False
2024-02-12,Rabat,T002755,Alimentation,Huile,67.8,1,0.0,Especes,False
2024-05-24,Fes,T002756,Electronique,Souris,1793.23,1,10.0,En ligne,False
2024-12-11,Agadir,T002757,Electronique,Souris,2333.13,1,0.0,En ligne,False
2024-07-23,Fes,T002758,Electronique,Souris,3466.02,2,15.0,Especes,False
2024-06-06,Fes,T002759,Vetements,T-shirt,766.32,1,15.0,En ligne,False
2024-09-23,Tanger,T002760,Sports,Chaussures Running,1763.42,1,0.0,CB,False
2024-11-08,Tanger,T002761,Vetements,Chaussures,163.18,1,0.0,En ligne,False
2024-06-21,Tanger,T002762,Alimentation,Pates,51.58,2,5.0,Carte,False
2024-04-29,Marrakech,T002763,Vetements,Robe,121.28,1,0.0,Especes,False
2024-12-13,Rabat,T002764,Electronique,Clavier,3464.2,1,10.0,En-ligne,False
2024-03-15,Fes,T002765,Beaute,Creme,115.33,2,0.0,En ligne,False
2024-11-28,Marrakech,T002766,Vetements,Veste,224.63,1,0.0,Carte,False
2024-07-05,Rabat,T002768,Maison,Coussin,363.12,2,15.0,Carte,False
2024-12-23,Marrakech,T002769,Vetements,Sweat,749.76,1,10.0,En ligne,False
2024-03-14,Fes,T002770,Alimentation,Huile,85.57,2,10.0,Carte,False
2024-07-15,Fes,T002771,Alimentation,Cafe,56.46,1,5.0,Especes,False
2024-05-27,Fes,T002772,Alimentation,Cafe,100.29,1,5.0,En ligne,False
2024-12-19,Fes,T002773,Alimentation,Cafe,141.26,1,0.0,Carte,False
2024-11-29,Fes,T002774,Beaute,Serum,418.46,1,0.0,Carte,False
2024-08-26,Fes,T002776,Maison,Coussin,633.65,2,0.0,Carte,False
2024-08-26,Casablanca,T002777,Maison,Chaise,535.05,1,0.0,Carte,False
2024-04-26,Marrakech,T002778,Beaute,Serum,687.47,1,0.0,Especes,False
2024-08-08,Agadir,T002779,Alimentation,Pates,38.82,1,10.0,Especes,False
2024-06-10,Casablanca,T002780,Beaute,Parfum,165.2,1,0.0,En ligne,False
2024-05-30,Tanger,T002781,Beaute,Parfum,603.66,1,5.0,Carte,False
2024-10-24,Tanger,T002782,Electronique,Ecouteurs,614.36,1,15.0,Especes,False
2024-02-08,Agadir,T002783,Maison,Table,206.84,2,15.0,Carte,False
2024-05-06,Rabat,T002785,Electronique,Casque,2940.08,2,0.0,Especes,False
2024-02-24,Tanger,T002787,Sports,Raquette,1603.0,1,0.0,Especes,False
2024-09-10,Agadir,T002788,Alimentation,Pates,53.99,1,0.0,Especes,False
2024-02-09,Agadir,T002789,Maison,Table,1126.55,2,15.0,Especes,False
2024-03-08,Tanger,T002790,Electronique,Clavier,660.24,2,0.0,En ligne,False
2024-01-12,Rabat,T002791,Alimentation,Riz,27.75,2,,En ligne,False
2024-03-16,Fes,T002792,Alimentation,Cereales,167.66,2,5.0,Carte,False
2024-12-13,Fes,T002793,Maison,Lampe,108.2,2,0.0,carte,False
2024-04-04,Rabat,T002795,Electronique,Ecouteurs,701.33,2,0.0,Especes,False
2024-08-19,Rabat,T002796,Alimentation,Cafe,85.44,2,5.0,Carte,False
2024-09-23,Fes,T002799,Alimentation,Cafe,198.2,2,5.0,En ligne,False
2024-09-28,Marrakech,T002800,Maison,Lampe,315.04,1,0.0,En ligne,False
2024-01-08,Casablanca,T002801,Electronique,Tablette,3075.13,2,0.0,En ligne,False
2024-06-07,Marrakech,T002802,Maison,Table,496.5,1,15.0,Especes,False
2024-09-09,Marrakech,T002803,Alimentation,Pates,152.74,1,10.0,En ligne,False
2024-10-01,Rabat,T002804,Electronique,Smartphone,1898.1,2,0.0,CB,False
2024-05-07,Casablanca,T002805,Vetements,Jean,722.82,1,0.0,carte,False
2024-05-15,Marrakech,T002806,Sports,Halteres,564.99,1,0.0,Especes,False
2024-03-02,Tanger,T002807,Electronique,Souris,1973.75,2,0.0,En ligne,False
2024-11-12,Fes,T002808,Beaute,Shampooing,212.91,1,5.0,Carte,False
2024-02-16,Fes,T002809,Sports,Halteres,897.19,2,0.0,En ligne,False
2024-08-10,Agadir,T002810,Sports,Halteres,1149.6,1,0.0,Carte,False
2024-01-23,Agadir,T002811,Sports,Halteres,976.79,1,10.0,Especes,False
2024-06-19,Agadir,T002812,Electronique,Clavier,3091.64,2,0.0,Especes,False
2024-10-21,Tanger,T002813,Maison,Miroir,266.03,1,0.0,Especes,False
2024-05-16,Casablanca,T002814,Maison,Chaise,1047.91,1,0.0,En ligne,False
2024-08-30,Casablanca,T002815,Vetements,Veste,797.42,1,0.0,Carte,False
2024-02-28,Fes,T002816,Alimentation,Cereales,40.88,1,10.0,En ligne,False
2024-03-05,Marrakech,T002817,Beaute,Creme,637.55,1,5.0,En ligne,False
2024-12-09,Rabat,T002818,Alimentation,Riz,196.58,1,15.0,En-ligne,False
2024-11-25,Rabat,T002819,Sports,Raquette,1465.19,1,5.0,Carte,False
2024-04-06,Tanger,T002821,Alimentation,The,135.53,1,0.0,Especes,False
2024-02-16,Rabat,T002822,Maison,Tapis,740.8,1,0.0,Carte,False
2024-04-29,Rabat,T002823,Vetements,Jean,206.13,1,0.0,Carte,False
2024-05-25,Fes,T002824,Sports,Halteres,615.75,2,0.0,En-ligne,False
2024-10-29,Rabat,T002825,Electronique,Clavier,3286.23,1,0.0,En ligne,False
2024-05-24,Tanger,T002826,Sports,Velo appartement,693.27,1,0.0,Especes,False
2024-01-15,Marrakech,T002827,Electronique,Souris,2517.41,1,0.0,Carte,False
2024-10-03,Rabat,T002828,Vetements,Robe,525.98,1,0.0,En ligne,False
2024-09-18,Marrakech,T002829,Beaute,Shampooing,450.26,1,0.0,En ligne,False
2024-08-07,Tanger,T002830,Alimentation,Riz,115.46,1,0.0,En ligne,False
2024-01-09,Fes,T002831,Electronique,Souris,224.64,2,0.0,Carte,False
2024-09-14,Agadir,T002832,Alimentation,Cafe,216.39,2,10.0,Especes,False
2024-07-06,Tanger,T002833,Sports,Velo appartement,135.65,3,0.0,En ligne,False
2024-08-05,Casablanca,T002834,Electronique,Clavier,2492.09,2,0.0,Especes,False
2024-06-26,Fes,T002835,Maison,Tapis,1396.38,2,0.0,Especes,False
2024-11-01,Casablanca,T002836,Alimentation,Cafe,113.89,1,5.0,En ligne,False
2024-12-30,Agadir,T002838,Beaute,Parfum,520.01,2,0.0,Carte,False
2024-04-05,Tanger,T002839,Electronique,Smartphone,487.12,1,15.0,En ligne,False
2024-10-05,Fes,T002840,Sports,Ballon,1338.54,2,15.0,Especes,False
2024-12-03,Tanger,T002841,Maison,Miroir,1095.04,3,5.0,En ligne,False
2024-04-06,Agadir,T002842,Sports,Chaussures Running,771.44,1,0.0,Carte,False
2024-09-03,Marrakech,T002843,Alimentation,Riz,108.64,2,0.0,En-ligne,False
2024-07-31,Rabat,T002845,Electronique,Tablette,239.18,1,5.0,En ligne,False
2024-10-28,Fes,T002846,Beaute,Maquillage,220.54,1,,En ligne,False
2024-06-11,Rabat,T002847,Vetements,T-shirt,445.42,2,0.0,carte,False
2024-03-27,Fes,T002849,Electronique,Tablette,3312.55,1,0.0,Especes,False
2024-04-16,Rabat,T002850,Maison,Chaise,1022.64,2,,En ligne,False
2024-09-27,Casablanca,T002851,Electronique,Casque,412.25,1,0.0,Carte,False
2024-11-02,Rabat,T002852,Electronique,Casque,1074.81,1,0.0,CB,False
2024-09-17,Fes,T002853,Electronique,Clavier,317.61,1,0.0,Carte,False
2024-11-29,Rabat,T002855,Alimentation,Cereales,69.11,1,0.0,En ligne,False
2024-07-19,Fes,T002856,Alimentation,Riz,114.0,1,0.0,Especes,False
2024-06-25,Fes,T002857,Vetements,Jean,783.85,1,15.0,Carte,False
2024-04-23,Marrakech,T002858,Maison,Coussin,508.59,1,10.0,Carte,False
2024-01-05,Fes,T002859,Electronique,Smartphone,1812.85,3,10.0,Especes,False
2024-01-30,Tanger,T002861,Maison,Tapis,346.72,3,0.0,Especes,False
2024-10-25,Casablanca,T002862,Alimentation,Riz,16.27,2,0.0,En ligne,False
2024-12-25,Casablanca,T002863,Sports,Chaussures Running,179.48,1,0.0,En ligne,False
2024-02-20,Casablanca,T002864,Maison,Table,1359.05,1,0.0,Carte,False
2024-07-01,Marrakech,T002865,Maison,Tapis,673.25,2,5.0,Carte,False
2024-11-04,Tanger,T002866,Sports,Halteres,1730.51,1,10.0,Especes,False
2024-03-14,Fes,T002867,Sports,Tapis Yoga,587.27,1,0.0,En-ligne,False
2024-07-15,Agadir,T002868,Sports,Raquette,1532.53,1,0.0,Especes,False
2024-09-23,Agadir,T002869,Beaute,Savon,450.41,1,0.0,Especes,False
2024-06-13,Rabat,T002870,Vetements,Sweat,651.96,1,5.0,carte,False
2024-02-14,Fes,T002871,Vetements,T-shirt,518.82,2,5.0,carte,False
2024-05-22,Casablanca,T002872,Beaute,Parfum,46.69,1,15.0,En ligne,False
2024-12-18,Marrakech,T002873,Alimentation,Pates,113.25,1,0.0,En ligne,False
2024-04-03,Casablanca,T002874,Alimentation,Riz,87.89,2,0.0,En ligne,False
2024-02-10,Rabat,T002876,Maison,Miroir,1026.15,1,5.0,En ligne,False
2024-09-03,Rabat,T002878,Electronique,Clavier,2152.12,1,10.0,Carte,False
2024-06-18,Casablanca,T002879,Beaute,Savon,546.88,1,10.0,Especes,False
2024-12-19,Fes,T002880,Electronique,Souris,1317.18,2,0.0,Especes,False
2024-09-05,Casablanca,T002881,Electronique,Ecouteurs,2542.25,1,15.0,Carte,False
2024-10-28,Fes,T002882,Maison,Tapis,735.81,3,0.0,En-ligne,False
2024-03-04,Tanger,T002883,Alimentation,Pates,59.69,2,5.0,En ligne,False
2024-03-28,Fes,T002885,Alimentation,The,52.92,2,0.0,Especes,False
2024-11-18,Rabat,T002886,Sports,Halteres,541.77,3,0.0,Carte,False
2024-05-18,Casablanca,T002887,Sports,Tapis Yoga,1414.53,2,10.0,En ligne,False
2024-09-04,Fes,T002888,Alimentation,Riz,69.46,1,0.0,En ligne,False
2024-11-23,Marrakech,T002889,Beaute,Parfum,658.69,2,0.0,En ligne,False
2024-09-07,Marrakech,T002890,Beaute,Parfum,692.2,4,10.0,Especes,False
2024-10-10,Tanger,T002891,Vetements,Chaussures,828.71,1,0.0,CB,False
2024-12-19,Fes,T002892,Alimentation,Cafe,184.98,2,5.0,En ligne,False
2024-12-23,Marrakech,T002893,Vetements,Chaussures,721.45,2,0.0,En ligne,False
2024-12-25,Tanger,T002895,Sports,Raquette,494.73,1,5.0,Carte,False
2024-09-07,Rabat,T002896,Alimentation,Cereales,169.88,1,10.0,Carte,False
2024-04-13,Marrakech,T002897,Beaute,Maquillage,435.98,1,0.0,Especes,False
2024-11-11,Agadir,T002900,Alimentation,Cereales,58.03,2,0.0,Especes,False
2024-06-08,Marrakech,T002901,Sports,Ballon,803.41,2,0.0,En ligne,False
2024-12-25,Rabat,T002902,Alimentation,Cafe,192.09,1,0.0,Especes,False
2024-10-31,Rabat,T002903,Beaute,Serum,668.75,3,10.0,En ligne,False
2024-04-10,Rabat,T002904,Sports,Raquette,430.49,1,5.0,En ligne,False
2024-04-10,Tanger,T002905,Alimentation,Riz,118.74,2,15.0,En-ligne,False
2024-09-19,Fes,T002906,Electronique,Smartphone,2216.44,2,0.0,Carte,False
2024-09-12,Marrakech,T002907,Vetements,Robe,798.01,1,0.0,carte,False
2024-10-14,Rabat,T002908,Vetements,Sweat,214.88,1,5.0,Carte,False
2024-05-07,Rabat,T002910,Alimentation,The,188.83,1,5.0,En ligne,False
2024-08-16,Agadir,T002911,Alimentation,The,216.41,3,0.0,En-ligne,False
2024-04-03,Tanger,T002912,Vetements,Veste,360.06,1,0.0,En ligne,False
2024-02-05,Casablanca,T002913,Alimentation,The,96.2,2,10.0,Carte,False
2024-04-01,Fes,T002914,Alimentation,The,33.62,2,5.0,En ligne,False
2024-10-12,Fes,T002915,Electronique,Clavier,1368.99,2,0.0,En ligne,False
2024-05-25,Agadir,T002916,Vetements,Jean,160.39,1,5.0,En ligne,False
2024-10-24,Agadir,T002917,Vetements,T-shirt,136.11,1,0.0,En ligne,False
2024-12-24,Tanger,T002918,Alimentation,Huile,217.78,1,5.0,En ligne,False
2024-12-31,Fes,T002920,Alimentation,The,185.02,3,0.0,En ligne,False
2024-10-12,Tanger,T002921,Beaute,Parfum,205.57,3,0.0,En ligne,False
2024-10-14,Marrakech,T002922,Sports,Velo appartement,618.16,1,5.0,Especes,False
2024-04-20,Fes,T002923,Electronique,Souris,2319.33,1,0.0,En ligne,False
2024-12-06,Casablanca,T002924,Electronique,Souris,2521.45,1,15.0,Especes,False
2024-05-01,Tanger,T002926,Maison,Coussin,661.62,1,5.0,Especes,False
2024-03-23,Rabat,T002927,Electronique,Souris,1808.22,2,15.0,Carte,False
2024-08-02,Rabat,T002928,Vetements,T-shirt,803.85,1,10.0,En ligne,False
2024-01-24,Casablanca,T002929,Maison,Table,571.35,1,5.0,Carte,False
2024-04-06,Marrakech,T002930,Vetements,Veste,748.73,1,0.0,Especes,False
2024-11-08,Rabat,T002932,Vetements,Jean,446.75,1,0.0,Carte,False
2024-07-31,Rabat,T002933,Alimentation,Cereales,151.69,2,0.0,En ligne,False
2024-06-18,Casablanca,T002934,Maison,Miroir,601.68,1,10.0,Especes,False
2024-11-04,Marrakech,T002936,Electronique,Smartphone,822.95,1,0.0,Carte,False
2024-12-26,Casablanca,T002937,Maison,Chaise,422.92,1,5.0,En ligne,False
2024-11-08,Tanger,T002938,Vetements,T-shirt,896.43,3,15.0,En ligne,False
2024-06-19,Tanger,T002939,Electronique,Ecouteurs,2584.58,1,10.0,Especes,False
2024-07-11,Agadir,T002940,Alimentation,Huile,87.25,1,15.0,Carte,False
2024-11-06,Fes,T002942,Alimentation,Riz,182.12,1,0.0,En ligne,False
2024-08-31,Casablanca,T002943,Electronique,Clavier,3476.47,1,15.0,En ligne,False
2024-11-08,Agadir,T002944,Alimentation,Riz,14.44,1,0.0,En-ligne,False
2024-01-23,Tanger,T002945,Electronique,Smartphone,2754.71,1,0.0,Carte,False
2024-02-08,Fes,T002946,Alimentation,Cafe,189.2,1,10.0,Carte,False
2024-10-05,Tanger,T002947,Beaute,Serum,102.69,1,0.0,Especes,False
2024-10-25,Casablanca,T002948,Beaute,Maquillage,439.36,1,0.0,En ligne,False
2024-10-23,Fes,T002949,Electronique,Tablette,2431.01,3,0.0,En ligne,False
2024-05-25,Rabat,T002950,Electronique,Tablette,1336.13,2,0.0,Especes,False
2024-03-08,Marrakech,T002951,Electronique,Ecouteurs,335.48,2,5.0,Carte,False
2024-04-03,Tanger,T002953,Alimentation,Huile,152.92,1,10.0,En-ligne,False
2024-07-11,Fes,T002954,Alimentation,Pates,146.93,1,0.0,Especes,False
2024-06-04,Fes,T002955,Alimentation,Cereales,29.69,1,0.0,Carte,False
2024-01-01,Tanger,T002956,Alimentation,The,122.36,1,0.0,carte,False
2024-01-20,Casablanca,T002957,Beaute,Parfum,223.62,1,5.0,Especes,False
2024-03-04,Agadir,T002958,Electronique,Casque,3181.58,3,0.0,Carte,False
2024-05-03,Marrakech,T002959,Vetements,Sweat,214.09,2,10.0,Carte,False
2024-07-23,Tanger,T002960,Electronique,Smartphone,936.32,1,0.0,Carte,False
2024-12-12,Rabat,T002961,Electronique,Smartphone,1188.85,1,0.0,Especes,False
2024-07-25,Marrakech,T002963,Maison,Table,949.61,1,10.0,Carte,False
2024-10-18,Tanger,T002964,Sports,Halteres,1352.1,1,0.0,Carte,False
2024-05-22,Casablanca,T002965,Beaute,Creme,504.01,2,0.0,En ligne,False
2024-03-25,Rabat,T002966,Alimentation,Cereales,43.49,3,10.0,CB,False
2024-07-12,Rabat,T002967,Alimentation,Riz,144.22,2,5.0,Especes,False
2024-05-14,Casablanca,T002969,Sports,Raquette,1271.85,2,5.0,Especes,False
2024-03-30,Agadir,T002970,Sports,Tapis Yoga,1587.32,1,0.0,Carte,False
2024-05-06,Marrakech,T002971,Electronique,Casque,3414.24,1,0.0,En-ligne,False
2024-05-10,Fes,T002973,Sports,Raquette,1750.98,1,0.0,Carte,False
2024-10-11,Agadir,T002974,Alimentation,Cereales,218.18,1,10.0,Especes,False
2024-03-04,Fes,T002976,Beaute,Maquillage,511.72,2,0.0,Carte,False
2024-04-23,Fes,T002977,Electronique,Casque,3242.91,2,15.0,En ligne,False
2024-01-10,Fes,T002978,Sports,Ballon,1358.59,1,0.0,Especes,False
2024-08-21,Casablanca,T002979,Vetements,Sweat,631.83,2,0.0,Carte,False
2024-07-22,Fes,T002980,Alimentation,Cafe,46.52,2,0.0,En-ligne,False
2024-06-13,Marrakech,T002982,Sports,Chaussures Running,1770.65,1,15.0,Especes,False
2024-12-04,Agadir,T002983,Vetements,Sweat,574.94,2,10.0,En ligne,False
2024-08-21,Tanger,T002984,Maison,Chaise,1377.97,1,5.0,Especes,False
2024-08-01,Rabat,T002985,Alimentation,Riz,93.44,1,0.0,Carte,False
2024-11-06,Tanger,T002986,Sports,Ballon,365.79,2,5.0,En ligne,False
2024-11-16,Fes,T002987,Beaute,Serum,42.07,3,0.0,Carte,False
2024-04-15,Agadir,T002988,Electronique,Ecouteurs,1908.17,2,0.0,En ligne,False
2024-06-29,Casablanca,T002992,Alimentation,Riz,104.15,2,0.0,En ligne,False
2024-05-06,Tanger,T002993,Electronique,Smartphone,952.27,2,10.0,Especes,False
2024-02-26,Agadir,T002994,Vetements,Jean,536.48,1,0.0,Carte,False
2024-08-26,Casablanca,T002995,Alimentation,Huile,104.15,1,0.0,Especes,False
2024-05-08,Agadir,T002997,Vetements,Jean,225.0,1,0.0,Carte,False
2024-12-18,Marrakech,T002998,Sports,Tapis Yoga,1381.13,1,0.0,Especes,False
2024-07-19,Tanger,T002999,Vetements,Sweat,527.89,1,10.0,En ligne,False
2024-02-22,Casablanca,T003000,Beaute,Shampooing,435.92,1,15.0,En ligne,False
2024-02-03,Marrakech,T003001,Beaute,Parfum,303.37,2,0.0,Especes,False
2024-12-11,Fes,T003002,Alimentation,The,203.39,2,0.0,Especes,False
2024-05-21,Marrakech,T003004,Beaute,Serum,162.88,2,0.0,carte,False
2024-08-22,Rabat,T003005,Alimentation,Cereales,90.86,1,5.0,Carte,False
2024-03-09,Fes,T003006,Electronique,Clavier,1111.62,1,0.0,Especes,False
2024-08-15,Rabat,T003007,Sports,Raquette,445.89,2,0.0,En ligne,False
2024-11-30,Casablanca,T003009,Vetements,Chaussures,307.38,1,5.0,Carte,False
2024-09-12,Fes,T003010,Alimentation,Cereales,78.94,1,0.0,En ligne,False
2024-08-09,Fes,T003011,Electronique,Souris,1720.32,2,10.0,En ligne,False
2024-03-29,Tanger,T003012,Electronique,Clavier,2855.55,1,5.0,Carte,False
2024-04-04,Marrakech,T003013,Alimentation,Cereales,25.07,1,0.0,carte,False
2024-02-19,Fes,T003014,Sports,Tapis Yoga,707.03,2,15.0,Especes,False
2024-02-27,Fes,T003017,Electronique,Souris,2114.86,1,0.0,Carte,False
2024-12-09,Casablanca,T003018,Vetements,Veste,858.41,1,0.0,Carte,False
2024-02-07,Rabat,T003019,Electronique,Tablette,805.01,1,0.0,carte,False
2024-01-22,Agadir,T003020,Electronique,Smartphone,1829.99,1,0.0,Especes,False
2024-02-29,Tanger,T003021,Beaute,Parfum,113.86,2,10.0,Carte,False
2024-06-11,Agadir,T003022,Vetements,Jean,405.66,1,10.0,Especes,False
2024-10-09,Rabat,T003025,Maison,Coussin,170.58,1,5.0,En-ligne,False
2024-11-28,Marrakech,T003026,Electronique,Tablette,2494.0,1,0.0,Especes,False
2024-09-28,Fes,T003027,Beaute,Maquillage,191.21,1,0.0,Especes,False
2024-04-01,Tanger,T003028,Beaute,Savon,659.77,1,0.0,Especes,False
2024-04-04,Rabat,T003029,Maison,Tapis,683.85,1,0.0,Carte,False
2024-01-26,Marrakech,T003030,Sports,Raquette,572.83,1,10.0,Especes,False
2024-11-05,Marrakech,T003031,Electronique,Ecouteurs,2146.36,3,0.0,Especes,False
2024-03-23,Rabat,T003032,Sports,Chaussures Running,176.6,1,0.0,Carte,False
2024-07-19,Tanger,T003033,Alimentation,Pates,13.06,1,0.0,En ligne,False
2024-02-16,Agadir,T003034,Sports,Tapis Yoga,779.71,1,0.0,Especes,False
2024-01-12,Rabat,T003036,Electronique,Souris,1833.99,2,0.0,Carte,False
2024-08-01,Agadir,T003037,Electronique,Ecouteurs,2082.91,2,10.0,En ligne,False
2024-05-08,Agadir,T003038,Maison,Chaise,1307.91,1,0.0,Carte,False
2024-06-06,Casablanca,T003039,Vetements,Sweat,589.16,3,5.0,Especes,False
2024-07-11,Tanger,T003040,Electronique,Smartphone,1106.23,1,10.0,En-ligne,False
2024-09-11,Agadir,T003041,Beaute,Savon,579.61,1,,En ligne,False
2024-05-21,Fes,T003042,Sports,Ballon,1769.01,1,10.0,Carte,False
2024-05-09,Casablanca,T003043,Sports,Chaussures Running,1045.45,1,0.0,Carte,False
2024-10-14,Rabat,T003044,Maison,Coussin,1133.48,2,0.0,Especes,False
2024-11-07,Agadir,T003045,Vetements,T-shirt,474.62,2,0.0,Especes,False
2024-01-27,Casablanca,T003046,Maison,Coussin,820.96,2,5.0,Carte,False
2024-10-24,Marrakech,T003047,Electronique,Clavier,847.88,1,5.0,Carte,False
2024-12-03,Agadir,T003048,Electronique,Souris,2423.98,1,10.0,Especes,False
2024-11-07,Casablanca,T003049,Vetements,Sweat,574.04,2,10.0,Carte,False
2024-08-22,Fes,T003050,Electronique,Ecouteurs,1336.21,1,,En ligne,False
2024-07-22,Tanger,T003054,Alimentation,Huile,204.9,1,0.0,Carte,False
2024-07-05,Casablanca,T003055,Beaute,Savon,220.99,2,10.0,En ligne,False
2024-02-26,Casablanca,T003056,Alimentation,Huile,113.15,2,0.0,En ligne,False
2024-04-12,Casablanca,T003057,Alimentation,Riz,211.61,2,0.0,En ligne,False
2024-11-04,Agadir,T003059,Vetements,Sweat,773.77,1,0.0,Carte,False
2024-10-24,Agadir,T003062,Sports,Halteres,132.21,1,0.0,CB,False
2024-01-04,Marrakech,T003063,Beaute,Shampooing,164.03,1,0.0,Especes,False
2024-03-15,Rabat,T003064,Beaute,Creme,222.4,1,15.0,En ligne,False
2024-07-10,Rabat,T003065,Alimentation,Cafe,209.34,2,5.0,Especes,False
2024-01-05,Tanger,T003066,Maison,Table,196.13,1,5.0,En ligne,False
2024-12-09,Rabat,T003068,Alimentation,The,118.95,1,10.0,CB,False
2024-07-19,Marrakech,T003069,Maison,Miroir,761.07,3,0.0,En ligne,False
2024-12-24,Agadir,T003070,Electronique,Smartphone,3183.12,1,5.0,carte,False
2024-10-19,Casablanca,T003071,Alimentation,Cereales,134.06,3,10.0,En ligne,False
2024-11-11,Fes,T003072,Alimentation,Cafe,88.69,1,5.0,Especes,False
2024-05-30,Marrakech,T003073,Beaute,Savon,582.29,1,15.0,Especes,False
2024-05-27,Agadir,T003074,Maison,Miroir,792.07,1,5.0,Especes,False
2024-01-09,Agadir,T003075,Vetements,Jean,559.92,2,0.0,Carte,False
2024-11-01,Casablanca,T003076,Electronique,Ecouteurs,830.43,2,0.0,Carte,False
2024-07-30,Fes,T003077,Beaute,Savon,100.26,3,0.0,En ligne,False
2024-09-25,Fes,T003078,Electronique,Ecouteurs,361.47,2,0.0,En ligne,False
2024-11-09,Marrakech,T003080,Alimentation,Riz,70.39,2,0.0,Especes,False
2024-03-08,Fes,T003081,Electronique,Ecouteurs,2187.03,1,0.0,Especes,False
2024-02-16,Tanger,T003082,Beaute,Maquillage,42.86,1,5.0,CB,False
2024-07-23,Tanger,T003084,Alimentation,The,97.1,4,0.0,En ligne,False
2024-08-09,Rabat,T003085,Maison,Miroir,867.94,1,10.0,En ligne,False
2024-10-08,Casablanca,T003087,Electronique,Ecouteurs,3208.32,2,0.0,En ligne,False
2024-01-23,Rabat,T003088,Vetements,T-shirt,294.17,1,0.0,Carte,False
2024-07-13,Rabat,T003090,Maison,Lampe,1398.96,1,0.0,Especes,False
2024-07-16,Fes,T003091,Maison,Miroir,654.13,1,10.0,Especes,False
2024-06-11,Fes,T003092,Beaute,Shampooing,562.32,1,0.0,Especes,False
2024-04-10,Agadir,T003093,Alimentation,The,50.15,1,,Especes,False
2024-12-07,Rabat,T003094,Maison,Miroir,131.52,1,10.0,carte,False
2024-02-12,Marrakech,T003095,Electronique,Ecouteurs,2546.73,2,0.0,carte,False
2024-09-25,Fes,T003096,Beaute,Shampooing,668.71,2,0.0,En ligne,False
2024-08-24,Agadir,T003097,Alimentation,Pates,192.74,1,0.0,Especes,False
2024-11-04,Tanger,T003098,Alimentation,Cafe,65.76,1,0.0,En ligne,False
2024-05-31,Casablanca,T003099,Alimentation,Huile,132.6,2,10.0,Carte,False
2024-10-19,Casablanca,T003100,Sports,Chaussures Running,462.71,1,10.0,CB,False
2024-05-20,Marrakech,T003103,Electronique,Ecouteurs,725.35,1,0.0,En ligne,False
2024-09-03,Tanger,T003104,Alimentation,Riz,172.37,2,5.0,En ligne,False
2024-11-05,Tanger,T003105,Alimentation,Cereales,103.81,1,10.0,En-ligne,False
2024-02-02,Agadir,T003106,Electronique,Tablette,2021.81,2,5.0,Carte,False
2024-07-17,Tanger,T003107,Sports,Chaussures Running,985.54,1,10.0,Carte,False
2024-07-29,Fes,T003108,Alimentation,Huile,187.67,2,10.0,Carte,False
2024-03-08,Tanger,T003109,Alimentation,Pates,88.05,1,0.0,En ligne,False
2024-11-29,Tanger,T003111,Sports,Raquette,1210.54,1,0.0,En ligne,False
2024-04-22,Agadir,T003112,Vetements,Jean,180.46,1,0.0,Especes,False
2024-01-23,Marrakech,T003113,Beaute,Parfum,331.44,2,0.0,Carte,False
2024-06-05,Fes,T003114,Beaute,Savon,557.63,1,0.0,En ligne,False
2024-06-22,Rabat,T003115,Beaute,Serum,224.59,1,0.0,carte,False
2024-04-02,Marrakech,T003116,Alimentation,Huile,219.03,2,0.0,Especes,False
2024-06-20,Fes,T003118,Alimentation,Riz,55.34,1,0.0,Carte,False
2024-02-01,Marrakech,T003119,Maison,Coussin,778.49,1,0.0,En ligne,False
2024-04-06,Rabat,T003120,Beaute,Serum,88.67,2,0.0,En ligne,False
2024-06-10,Casablanca,T003122,Maison,Tapis,235.45,2,0.0,En ligne,False
2024-12-05,Rabat,T003123,Electronique,Clavier,2097.55,1,10.0,Carte,False
2024-02-20,Marrakech,T003124,Electronique,Smartphone,2347.74,1,5.0,En ligne,False
2024-10-31,Tanger,T003125,Electronique,Tablette,1962.0,1,0.0,En ligne,False
2024-08-20,Tanger,T003126,Vetements,Robe,584.35,1,0.0,Carte,False
2024-04-02,Marrakech,T003128,Beaute,Parfum,148.07,1,10.0,Carte,False
2024-12-24,Marrakech,T003130,Electronique,Casque,2456.32,2,5.0,En ligne,False
2024-07-23,Fes,T003131,Beaute,Serum,590.24,1,10.0,Especes,False
2024-07-02,Rabat,T003132,Alimentation,Pates,72.67,3,0.0,CB,False
2024-09-16,Rabat,T003133,Electronique,Clavier,1443.25,1,5.0,Carte,False
2024-05-25,Marrakech,T003134,Alimentation,Pates,171.94,3,10.0,En-ligne,False
2024-10-16,Rabat,T003137,Beaute,Savon,76.22,1,5.0,En ligne,False
2024-04-02,Agadir,T003138,Maison,Tapis,1056.5,1,10.0,Especes,False
2024-12-05,Marrakech,T003139,Maison,Chaise,979.77,1,0.0,En ligne,False
2024-01-20,Tanger,T003140,Alimentation,Pates,100.31,1,5.0,En ligne,False
2024-10-14,Tanger,T003141,Alimentation,Huile,148.32,1,5.0,En-ligne,False
2024-11-06,Casablanca,T003142,Beaute,Parfum,100.94,1,10.0,Especes,False
2024-08-28,Tanger,T003143,Alimentation,Riz,107.27,2,0.0,En ligne,False
2024-01-27,Rabat,T003144,Sports,Ballon,1103.18,3,10.0,CB,False
2024-09-23,Fes,T003146,Vetements,Veste,879.41,2,0.0,Carte,False
2024-01-15,Marrakech,T003147,Electronique,Tablette,1232.2,1,15.0,Especes,False
2024-01-04,Agadir,T003148,Beaute,Parfum,248.54,2,10.0,Especes,False
2024-02-03,Rabat,T003150,Beaute,Shampooing,240.55,2,0.0,Especes,False
2024-09-23,Fes,T003151,Electronique,Ecouteurs,2363.52,2,10.0,Carte,False
2024-06-05,Fes,T003152,Sports,Raquette,1426.27,1,10.0,En ligne,False
2024-11-09,Marrakech,T003154,Sports,Chaussures Running,1232.25,1,,CB,False
2024-09-21,Tanger,T003155,Maison,Miroir,821.89,1,0.0,CB,False
2024-10-30,Tanger,T003156,Beaute,Maquillage,596.25,1,5.0,Carte,False
2024-08-06,Fes,T003157,Sports,Halteres,353.95,1,0.0,Especes,False
2024-12-13,Marrakech,T003158,Alimentation,Huile,24.19,1,0.0,En ligne,False
2024-11-07,Casablanca,T003159,Alimentation,Riz,67.27,1,0.0,Especes,False
2024-03-26,Fes,T003161,Maison,Coussin,287.82,2,0.0,Especes,False
2024-04-27,Fes,T003162,Maison,Miroir,887.87,1,0.0,En ligne,False
2024-04-24,Marrakech,T003164,Vetements,Chaussures,763.26,1,0.0,En ligne,False
2024-07-03,Agadir,T003165,Electronique,Tablette,2516.47,1,5.0,En ligne,False
2024-04-10,Fes,T003166,Beaute,Parfum,61.01,2,0.0,Especes,False
2024-09-16,Agadir,T003167,Maison,Lampe,1046.64,3,0.0,En ligne,False
2024-03-02,Fes,T003169,Beaute,Creme,590.9,1,0.0,Carte,False
2024-03-29,Casablanca,T003170,Sports,Raquette,510.38,2,0.0,Especes,False
2024-08-09,Casablanca,T003171,Sports,Velo appartement,1039.17,1,,Carte,False
2024-01-01,Fes,T003172,Electronique,Souris,1879.47,1,0.0,Carte,False
2024-04-06,Agadir,T003174,Sports,Tapis Yoga,1357.67,1,10.0,Especes,False
2024-08-10,Marrakech,T003175,Alimentation,Pates,205.63,2,5.0,Especes,False
2024-06-06,Rabat,T003176,Sports,Chaussures Running,1208.57,4,0.0,Especes,False
2024-06-25,Casablanca,T003177,Alimentation,The,44.91,2,10.0,En ligne,False
2024-10-12,Marrakech,T003178,Maison,Miroir,630.45,1,15.0,En ligne,False
2024-08-30,Casablanca,T003179,Alimentation,Riz,94.33,1,0.0,CB,False
2024-09-06,Agadir,T003180,Sports,Raquette,1550.98,1,15.0,En ligne,False
2024-07-30,Fes,T003181,Vetements,T-shirt,591.48,2,5.0,Carte,False
2024-09-17,Agadir,T003182,Sports,Velo appartement,397.03,2,0.0,Especes,False
2024-03-23,Marrakech,T003184,Sports,Velo appartement,422.04,1,0.0,En ligne,False
2024-08-20,Agadir,T003185,Alimentation,Huile,188.56,1,15.0,Carte,False
2024-08-05,Marrakech,T003186,Vetements,Jean,552.18,1,0.0,Carte,False
2024-05-14,Fes,T003187,Alimentation,Cafe,13.38,1,0.0,Especes,False
2024-11-15,Tanger,T003189,Alimentation,Riz,203.02,2,0.0,En ligne,False
2024-12-16,Casablanca,T003190,Alimentation,Huile,26.82,1,0.0,Carte,False
2024-03-22,Tanger,T003191,Alimentation,Cafe,87.09,1,0.0,En ligne,False
2024-03-11,Tanger,T003193,Vetements,Chaussures,406.18,2,10.0,En ligne,False
2024-04-18,Rabat,T003195,Vetements,Veste,899.17,1,15.0,Especes,False
2024-08-29,Agadir,T003196,Maison,Table,1258.27,1,15.0,Carte,False
2024-03-16,Fes,T003197,Sports,Tapis Yoga,250.16,1,5.0,CB,False
2024-07-06,Agadir,T003198,Alimentation,The,42.42,1,,Especes,False
2024-11-27,Casablanca,T003199,Sports,Raquette,1564.68,1,5.0,En ligne,False
2024-07-03,Tanger,T003200,Maison,Table,827.21,2,15.0,En ligne,False
2024-07-18,Agadir,T003201,Vetements,Veste,655.79,1,0.0,Especes,False
2024-07-11,Rabat,T003202,Maison,Table,338.75,2,0.0,Especes,False
2024-07-23,Fes,T003203,Alimentation,Riz,112.06,2,0.0,En ligne,False
2024-11-29,Marrakech,T003204,Maison,Table,884.51,1,15.0,En ligne,False
2024-08-07,Fes,T003206,Alimentation,Cereales,122.91,4,0.0,Especes,False
2024-03-15,Fes,T003207,Sports,Velo appartement,1071.76,1,0.0,Especes,False
2024-05-13,Agadir,T003208,Vetements,Veste,230.67,1,0.0,Carte,False
2024-12-14,Casablanca,T003209,Alimentation,Cereales,109.76,1,0.0,En ligne,False
2024-12-05,Agadir,T003210,Sports,Velo appartement,1540.03,2,10.0,Especes,False
2024-08-05,Tanger,T003211,Electronique,Tablette,2420.87,2,5.0,En ligne,False
2024-06-01,Rabat,T003212,Maison,Chaise,590.31,1,0.0,Carte,False
2024-01-30,Marrakech,T003213,Electronique,Smartphone,238.75,3,5.0,Especes,False
2024-10-14,Fes,T003215,Alimentation,The,185.32,2,0.0,En ligne,False
2024-10-12,Rabat,T003216,Electronique,Souris,1560.02,2,0.0,Especes,False
2024-11-16,Casablanca,T003217,Sports,Tapis Yoga,732.04,1,0.0,Especes,False
2024-11-15,Agadir,T003218,Maison,Miroir,181.7,1,0.0,En ligne,False
2024-05-30,Tanger,T003219,Maison,Chaise,216.99,1,10.0,En ligne,False
2024-09-11,Marrakech,T003220,Beaute,Savon,518.83,2,0.0,En ligne,False
2024-08-07,Fes,T003222,Vetements,Chaussures,122.01,1,0.0,En ligne,False
2024-10-15,Marrakech,T003223,Vetements,Sweat,664.44,1,10.0,Especes,False
2024-06-26,Fes,T003224,Maison,Chaise,1218.76,1,,Carte,False
2024-01-16,Fes,T003225,Alimentation,Huile,151.79,1,0.0,Carte,False
2024-09-25,Marrakech,T003227,Beaute,Shampooing,518.14,1,0.0,Carte,False
2024-12-04,Rabat,T003228,Electronique,Casque,1979.99,1,0.0,Especes,False
2024-06-20,Agadir,T003229,Sports,Halteres,1341.23,2,0.0,En ligne,False
2024-05-29,Fes,T003231,Alimentation,Pates,115.85,2,0.0,En ligne,False
2024-03-13,Casablanca,T003232,Vetements,Jean,643.13,2,10.0,Carte,False
2024-01-03,Rabat,T003233,Sports,Chaussures Running,328.37,2,5.0,En ligne,False
2024-12-05,Rabat,T003234,Beaute,Parfum,662.46,1,5.0,En ligne,False
2024-03-19,Tanger,T003236,Maison,Miroir,787.74,3,0.0,En ligne,False
2024-03-26,Agadir,T003237,Electronique,Tablette,2288.14,1,0.0,Especes,False
2024-05-01,Tanger,T003239,Maison,Lampe,237.72,2,0.0,Especes,False
2024-11-13,Tanger,T003240,Beaute,Creme,592.79,1,0.0,Carte,False
2024-03-02,Tanger,T003241,Electronique,Ecouteurs,1488.57,1,0.0,Carte,False
2024-03-29,Fes,T003242,Electronique,Tablette,464.62,3,10.0,En ligne,False
2024-05-25,Fes,T003243,Vetements,Jean,263.64,1,0.0,En ligne,False
2024-05-01,Marrakech,T003244,Alimentation,Cereales,68.4,2,5.0,Especes,False
2024-10-14,Agadir,T003245,Electronique,Tablette,1680.84,1,10.0,Carte,False
2024-07-15,Casablanca,T003246,Sports,Ballon,1286.33,1,0.0,En-ligne,False
2024-09-02,Agadir,T003247,Alimentation,Cafe,146.69,2,0.0,Carte,False
2024-07-18,Casablanca,T003248,Sports,Halteres,309.79,1,0.0,En ligne,False
2024-02-05,Agadir,T003249,Alimentation,Cereales,74.77,1,0.0,En ligne,False
2024-10-18,Rabat,T003250,Maison,Tapis,1024.99,1,15.0,Carte,False
2024-09-06,Marrakech,T003252,Electronique,Clavier,3238.4,1,0.0,Especes,False
2024-01-04,Casablanca,T003254,Electronique,Clavier,1727.46,1,5.0,En ligne,False
2024-03-15,Rabat,T003255,Beaute,Savon,160.38,2,0.0,En ligne,False
2024-08-03,Marrakech,T003256,Electronique,Casque,2692.93,2,5.0,En ligne,False
2024-09-06,Marrakech,T003257,Electronique,Casque,1840.43,2,15.0,Especes,False
2024-01-20,Rabat,T003258,Electronique,Smartphone,314.54,2,,Especes,False
2024-03-13,Marrakech,T003260,Alimentation,Huile,97.5,1,0.0,Especes,False
2024-07-05,Casablanca,T003263,Vetements,T-shirt,393.1,2,5.0,En ligne,False
2024-01-29,Casablanca,T003264,Sports,Velo appartement,818.19,1,0.0,En ligne,False
2024-01-29,Marrakech,T003266,Sports,Halteres,1308.35,1,0.0,Carte,False
2024-11-23,Marrakech,T003267,Alimentation,The,179.09,1,10.0,En ligne,False
2024-07-15,Rabat,T003268,Vetements,Veste,825.92,1,0.0,En ligne,False
2024-07-27,Tanger,T003269,Maison,Chaise,1327.25,1,0.0,Carte,False
2024-01-11,Tanger,T003270,Sports,Halteres,1106.78,1,0.0,Especes,False
2024-03-25,Marrakech,T003271,Maison,Coussin,715.78,2,0.0,Especes,False
2024-09-13,Rabat,T003272,Sports,Ballon,1136.47,1,0.0,Especes,False
2024-06-13,Marrakech,T003273,Electronique,Casque,692.3,2,0.0,Especes,False
2024-03-05,Casablanca,T003274,Vetements,T-shirt,321.16,2,10.0,Carte,False
2024-04-09,Fes,T003275,Electronique,Smartphone,2822.36,3,0.0,Carte,False
2024-04-04,Tanger,T003276,Electronique,Casque,2028.25,1,0.0,carte,False
2024-06-22,Marrakech,T003278,Beaute,Serum,130.17,1,10.0,En ligne,False
2024-07-26,Marrakech,T003280,Alimentation,Riz,198.6,4,5.0,Carte,False
2024-07-10,Marrakech,T003281,Beaute,Creme,362.53,1,0.0,En-ligne,False
2024-09-02,Marrakech,T003284,Alimentation,Cereales,86.05,3,0.0,CB,False
2024-01-30,Casablanca,T003285,Vetements,Jean,495.41,1,10.0,Carte,False
2024-04-26,Rabat,T003286,Maison,Coussin,217.12,1,5.0,En ligne,False
2024-07-13,Agadir,T003288,Sports,Chaussures Running,1199.01,1,5.0,Especes,False
2024-07-03,Marrakech,T003289,Alimentation,Pates,101.7,1,,Especes,False
2024-01-16,Fes,T003290,Alimentation,Huile,214.04,1,0.0,Carte,False
2024-05-18,Rabat,T003291,Electronique,Souris,1992.27,1,0.0,Carte,False
2024-12-16,Casablanca,T003293,Electronique,Smartphone,3005.51,1,0.0,En ligne,False
2024-05-10,Marrakech,T003294,Beaute,Maquillage,561.09,1,5.0,En ligne,False
2024-06-22,Marrakech,T003295,Alimentation,Pates,183.79,1,10.0,Carte,False
2024-02-26,Agadir,T003296,Alimentation,Cereales,131.44,3,10.0,En ligne,False
2024-06-26,Fes,T003298,Maison,Miroir,119.71,2,0.0,En ligne,False
2024-07-26,Rabat,T003300,Beaute,Savon,286.1,2,0.0,En ligne,False
2024-12-09,Agadir,T003301,Vetements,T-shirt,745.55,2,0.0,En ligne,False
2024-01-18,Casablanca,T003302,Alimentation,Riz,138.1,1,0.0,Especes,False
2024-04-29,Tanger,T003303,Maison,Tapis,347.53,1,0.0,En ligne,False
2024-02-15,Marrakech,T003304,Electronique,Ecouteurs,629.27,1,5.0,Especes,False
2024-05-04,Fes,T003306,Alimentation,Cafe,114.02,1,10.0,En ligne,False
2024-01-19,Fes,T003307,Electronique,Ecouteurs,378.73,1,0.0,En ligne,False
2024-12-28,Casablanca,T003308,Maison,Coussin,204.77,2,0.0,Carte,False
2024-07-26,Marrakech,T003309,Electronique,Casque,1526.25,2,0.0,Especes,False
2024-01-11,Tanger,T003310,Alimentation,Cereales,12.96,1,5.0,Especes,False
2024-01-09,Fes,T003311,Alimentation,Cereales,200.83,2,0.0,Especes,False
2024-02-15,Rabat,T003312,Sports,Halteres,1779.19,3,10.0,Especes,False
2024-04-17,Agadir,T003313,Alimentation,Cafe,189.72,1,15.0,Especes,False
2024-09-10,Casablanca,T003314,Sports,Ballon,1382.08,1,5.0,CB,False
2024-10-12,Rabat,T003316,Vetements,Chaussures,169.52,2,5.0,Especes,False
2024-02-09,Rabat,T003317,Sports,Tapis Yoga,1304.1,1,0.0,Carte,False
2024-07-11,Casablanca,T003318,Alimentation,Huile,170.18,2,0.0,Carte,False
2024-05-31,Rabat,T003319,Vetements,Veste,595.49,2,5.0,Carte,False
2024-11-28,Tanger,T003320,Maison,Miroir,931.9,1,0.0,Especes,False
2024-04-09,Rabat,T003323,Alimentation,Huile,209.11,2,10.0,En ligne,False
2024-02-27,Marrakech,T003324,Vetements,Chaussures,552.36,1,5.0,Especes,False
2024-05-11,Agadir,T003325,Maison,Lampe,329.9,1,0.0,Especes,False
2024-09-16,Rabat,T003326,Vetements,Veste,702.14,1,0.0,Carte,False
2024-08-13,Casablanca,T003328,Electronique,Tablette,690.59,2,0.0,carte,False
2024-10-08,Agadir,T003329,Beaute,Parfum,594.61,1,0.0,Carte,False
2024-01-01,Fes,T003330,Beaute,Creme,190.32,2,0.0,En ligne,False
2024-01-15,Rabat,T003332,Sports,Chaussures Running,209.44,3,0.0,Carte,False
2024-09-06,Casablanca,T003333,Vetements,Chaussures,718.05,4,10.0,Especes,False
2024-06-01,Casablanca,T003334,Sports,Halteres,505.08,2,5.0,Carte,False
2024-01-22,Marrakech,T003335,Maison,Miroir,807.71,2,5.0,Especes,False
2024-04-01,Tanger,T003336,Electronique,Casque,2883.03,2,10.0,Carte,False
2024-12-18,Rabat,T003337,Sports,Ballon,1655.51,1,10.0,Especes,False
2024-01-18,Casablanca,T003338,Alimentation,Cafe,74.26,2,10.0,Especes,False
2024-01-31,Marrakech,T003339,Sports,Tapis Yoga,846.39,2,0.0,En ligne,False
2024-08-19,Casablanca,T003340,Electronique,Casque,2648.18,1,0.0,Carte,False
2024-09-10,Fes,T003341,Alimentation,Riz,36.07,2,0.0,En ligne,False
2024-02-21,Rabat,T003342,Maison,Lampe,1271.03,1,5.0,En ligne,False
2024-10-30,Marrakech,T003344,Beaute,Maquillage,41.5,3,10.0,Especes,False
2024-09-27,Marrakech,T003345,Beaute,Maquillage,497.08,1,0.0,Carte,False
2024-05-25,Casablanca,T003346,Sports,Velo appartement,961.73,3,10.0,Carte,False
2024-08-07,Fes,T003347,Sports,Ballon,1340.31,1,10.0,Especes,False
2024-10-02,Agadir,T003348,Sports,Halteres,1789.69,2,5.0,En ligne,False
2024-07-27,Tanger,T003349,Beaute,Serum,688.2,1,0.0,Carte,False
2024-05-02,Agadir,T003351,Beaute,Shampooing,611.05,1,5.0,En ligne,False
2024-08-26,Tanger,T003352,Vetements,T-shirt,640.16,1,5.0,Especes,False
2024-07-13,Fes,T003353,Alimentation,Cafe,184.89,2,0.0,Especes,False
2024-03-09,Agadir,T003354,Electronique,Ecouteurs,2533.58,1,10.0,Especes,False
2024-07-18,Agadir,T003355,Electronique,Casque,920.1,2,5.0,Carte,False
2024-04-22,Tanger,T003356,Alimentation,Riz,179.42,1,5.0,En ligne,False
2024-02-03,Casablanca,T003358,Maison,Coussin,921.77,3,5.0,Carte,False
2024-03-13,Rabat,T003359,Beaute,Shampooing,49.28,1,0.0,Carte,False
2024-10-31,Marrakech,T003360,Electronique,Smartphone,1074.01,1,0.0,Carte,False
2024-07-25,Agadir,T003362,Maison,Tapis,651.67,1,0.0,Carte,False
2024-07-17,Casablanca,T003363,Beaute,Parfum,377.05,3,15.0,En ligne,False
2024-01-06,Tanger,T003365,Vetements,T-shirt,268.44,1,,Especes,False
2024-02-20,Casablanca,T003368,Alimentation,Cereales,208.34,2,15.0,Especes,False
2024-03-26,Marrakech,T003369,Beaute,Savon,337.22,1,0.0,En ligne,False
2024-01-26,Agadir,T003370,Vetements,Chaussures,112.52,1,0.0,Carte,False
2024-12-24,Agadir,T003371,Alimentation,The,185.2,1,0.0,En-ligne,False
2024-06-06,Rabat,T003372,Alimentation,Pates,164.33,2,0.0,En ligne,False
2024-02-16,Fes,T003373,Maison,Tapis,833.26,1,0.0,Carte,False
2024-09-03,Agadir,T003374,Alimentation,Riz,90.87,3,0.0,Carte,False
2024-08-20,Agadir,T003375,Alimentation,Pates,162.59,1,10.0,En ligne,False
2024-05-20,Marrakech,T003376,Alimentation,Huile,82.84,2,0.0,Especes,False
2024-12-31,Rabat,T003377,Electronique,Tablette,2271.03,2,15.0,Carte,False
2024-03-18,Agadir,T003378,Alimentation,Pates,153.56,1,0.0,Especes,False
2024-05-13,Rabat,T003379,Beaute,Shampooing,168.71,1,0.0,En ligne,False
2024-05-08,Casablanca,T003380,Alimentation,Pates,61.98,1,,En-ligne,False
2024-09-09,Marrakech,T003381,Beaute,Shampooing,128.34,2,0.0,En ligne,False
2024-04-03,Agadir,T003382,Alimentation,The,70.08,3,15.0,En ligne,False
2024-05-31,Casablanca,T003383,Maison,Table,849.06,1,0.0,Carte,False
2024-09-03,Fes,T003384,Beaute,Maquillage,117.6,1,5.0,Especes,False
2024-09-27,Fes,T003385,Beaute,Serum,461.13,2,0.0,Especes,False
2024-05-24,Tanger,T003386,Beaute,Serum,698.89,1,10.0,Carte,False
2024-08-27,Fes,T003387,Sports,Chaussures Running,1761.37,1,0.0,En ligne,False
2024-01-08,Casablanca,T003388,Sports,Chaussures Running,1033.7,1,5.0,En ligne,False
2024-09-02,Rabat,T003389,Sports,Tapis Yoga,951.43,1,0.0,Especes,False
2024-05-23,Fes,T003390,Vetements,Sweat,798.37,2,0.0,Especes,False
2024-11-25,Casablanca,T003391,Alimentation,Huile,60.93,3,0.0,Carte,False
2024-05-22,Marrakech,T003392,Sports,Halteres,1646.98,1,15.0,Carte,False
2024-12-21,Fes,T003393,Vetements,Robe,641.91,1,0.0,Carte,False
2024-11-14,Marrakech,T003394,Vetements,Sweat,488.74,1,0.0,En ligne,False
2024-07-04,Agadir,T003395,Beaute,Savon,540.56,1,0.0,En ligne,False
2024-07-18,Tanger,T003396,Electronique,Smartphone,1114.31,1,0.0,En-ligne,False
2024-01-04,Marrakech,T003397,Beaute,Creme,369.61,1,,En ligne,False
2024-12-28,Tanger,T003400,Alimentation,Pates,71.71,2,5.0,En ligne,False
2024-08-09,Fes,T003401,Alimentation,Cafe,99.91,1,0.0,Carte,False
2024-06-29,Marrakech,T003402,Vetements,Veste,389.35,1,0.0,Carte,False
2024-01-08,Fes,T003403,Sports,Velo appartement,1265.0,1,5.0,carte,False
2024-03-01,Tanger,T003404,Beaute,Parfum,514.53,1,10.0,En-ligne,False
2024-04-04,Agadir,T003405,Alimentation,Pates,156.88,1,15.0,Especes,False
2024-09-21,Agadir,T003406,Alimentation,Cafe,124.31,4,0.0,En ligne,False
2024-07-02,Marrakech,T003407,Alimentation,Pates,47.52,3,5.0,CB,False
2024-04-24,Fes,T003408,Vetements,Robe,729.31,2,0.0,En ligne,False
2024-10-22,Casablanca,T003409,Electronique,Smartphone,839.42,1,10.0,Especes,False
2024-09-21,Casablanca,T003410,Beaute,Shampooing,122.68,1,10.0,Especes,False
2024-05-25,Marrakech,T003411,Maison,Tapis,395.73,2,10.0,Especes,False
2024-11-26,Rabat,T003412,Electronique,Casque,406.59,1,10.0,En ligne,False
2024-09-11,Fes,T003413,Alimentation,Huile,154.63,1,0.0,Carte,False
2024-07-12,Casablanca,T003414,Vetements,Sweat,342.01,2,10.0,Especes,False
2024-05-13,Fes,T003415,Vetements,Sweat,728.84,2,0.0,En ligne,False
2024-10-07,Casablanca,T003416,Alimentation,Cafe,87.36,2,0.0,Especes,False
2024-07-04,Rabat,T003418,Sports,Velo appartement,925.93,1,0.0,Carte,False
2024-11-28,Rabat,T003419,Beaute,Maquillage,194.8,2,0.0,Especes,False
2024-11-28,Rabat,T003420,Alimentation,Cafe,125.84,3,10.0,En ligne,False
2024-04-12,Agadir,T003421,Vetements,Jean,217.08,2,0.0,En ligne,False
2024-04-17,Rabat,T003422,Maison,Chaise,1229.19,1,0.0,Especes,False
2024-09-06,Marrakech,T003423,Sports,Halteres,357.77,1,5.0,Especes,False
2024-06-07,Agadir,T003424,Electronique,Clavier,1890.69,3,0.0,Carte,False
2024-07-05,Agadir,T003426,Beaute,Maquillage,147.01,2,5.0,En ligne,False
2024-01-15,Fes,T003427,Sports,Raquette,444.06,1,0.0,Carte,False
2024-10-31,Tanger,T003428,Vetements,Jean,800.61,2,0.0,Carte,False
2024-09-25,Tanger,T003429,Vetements,T-shirt,286.68,1,15.0,Especes,False
2024-09-21,Fes,T003430,Vetements,Sweat,599.44,1,0.0,Carte,False
2024-03-19,Fes,T003431,Alimentation,Cereales,111.45,2,5.0,Carte,False
2024-03-08,Casablanca,T003432,Beaute,Creme,560.87,2,15.0,Carte,False
2024-01-22,Tanger,T003433,Electronique,Ecouteurs,2854.81,2,5.0,Especes,False
2024-06-29,Fes,T003434,Vetements,Jean,792.72,1,0.0,En ligne,False
2024-09-11,Rabat,T003435,Vetements,Sweat,645.39,1,15.0,Especes,False
2024-10-31,Casablanca,T003436,Vetements,Veste,466.68,1,0.0,Carte,False
2024-12-17,Agadir,T003437,Alimentation,Cereales,17.65,1,0.0,En ligne,False
2024-07-08,Rabat,T003438,Beaute,Shampooing,351.0,2,0.0,Especes,False
2024-02-26,Casablanca,T003441,Sports,Tapis Yoga,865.76,1,10.0,En ligne,False
2024-01-24,Tanger,T003442,Vetements,Sweat,283.69,1,15.0,Carte,False
2024-07-05,Marrakech,T003443,Electronique,Souris,2272.25,1,10.0,Carte,False
2024-05-13,Rabat,T003444,Alimentation,Riz,183.34,1,0.0,Especes,False
2024-03-01,Rabat,T003445,Sports,Velo appartement,786.1,1,5.0,En ligne,False
2024-12-05,Agadir,T003446,Electronique,Casque,2946.42,1,10.0,Carte,False
2024-03-02,Tanger,T003447,Electronique,Tablette,3076.34,1,0.0,Carte,False
2024-06-18,Marrakech,T003448,Vetements,Veste,740.58,1,0.0,Carte,False
2024-10-04,Rabat,T003450,Beaute,Maquillage,410.52,1,0.0,En ligne,False
2024-11-16,Fes,T003451,Vetements,Chaussures,160.39,1,0.0,En ligne,False
2024-02-23,Agadir,T003452,Electronique,Smartphone,512.96,1,0.0,Especes,False
2024-01-01,Fes,T003453,Sports,Ballon,583.4,1,0.0,Carte,False
2024-04-01,Casablanca,T003456,Alimentation,Huile,144.47,1,10.0,En ligne,False
2024-01-03,Casablanca,T003457,Alimentation,Cafe,85.39,1,5.0,Especes,False
2024-04-04,Tanger,T003458,Beaute,Serum,494.91,1,0.0,Carte,False
2024-05-08,Casablanca,T003459,Sports,Raquette,538.39,2,0.0,Carte,False
2024-12-05,Rabat,T003460,Electronique,Clavier,3221.78,1,0.0,CB,False
2024-12-28,Agadir,T003461,Beaute,Maquillage,352.21,2,0.0,En ligne,False
2024-06-18,Marrakech,T003462,Maison,Coussin,207.61,1,10.0,Especes,False
2024-07-06,Casablanca,T003463,Electronique,Souris,1068.16,2,0.0,carte,False
2024-09-19,Fes,T003465,Vetements,Sweat,409.97,1,0.0,Especes,False
2024-08-26,Tanger,T003466,Maison,Chaise,1072.59,1,0.0,Especes,False
2024-08-20,Casablanca,T003467,Sports,Halteres,962.48,1,10.0,En ligne,False
2024-04-16,Casablanca,T003468,Vetements,Veste,114.48,2,10.0,Especes,False
2024-07-22,Tanger,T003469,Sports,Raquette,1620.61,2,,Carte,False
2024-12-13,Tanger,T003470,Vetements,Sweat,766.65,1,0.0,Carte,False
2024-06-24,Marrakech,T003471,Electronique,Casque,1029.62,1,,Especes,False
2024-01-19,Fes,T003472,Electronique,Ecouteurs,1177.78,1,0.0,Carte,False
2024-02-22,Tanger,T003473,Beaute,Creme,696.38,1,5.0,Carte,False
2024-07-25,Agadir,T003474,Vetements,Jean,884.47,1,0.0,Especes,False
2024-09-02,Casablanca,T003475,Alimentation,Huile,109.0,1,10.0,En ligne,False
2024-11-14,Tanger,T003476,Sports,Chaussures Running,1543.79,1,0.0,Especes,False
2024-02-05,Tanger,T003478,Alimentation,Huile,106.12,1,5.0,Especes,False
2024-04-24,Fes,T003479,Alimentation,Pates,167.61,1,0.0,Carte,False
2024-08-15,Fes,T003480,Beaute,Serum,497.18,1,5.0,Carte,False
2024-07-23,Rabat,T003482,Alimentation,Cafe,137.09,2,0.0,Especes,False
2024-07-11,Fes,T003483,Alimentation,Riz,27.55,1,5.0,Carte,False
2024-12-10,Marrakech,T003484,Electronique,Ecouteurs,3272.96,2,0.0,Carte,False
2024-04-15,Rabat,T003486,Vetements,Jean,717.56,1,10.0,En ligne,False
2024-06-06,Fes,T003487,Alimentation,Cereales,135.34,1,0.0,Especes,False
2024-10-25,Rabat,T003489,Beaute,Serum,617.59,1,10.0,Carte,False
2024-09-20,Casablanca,T003490,Vetements,T-shirt,151.59,1,5.0,En ligne,False
2024-03-08,Casablanca,T003491,Electronique,Tablette,2402.99,1,10.0,Carte,False
2024-04-20,Tanger,T003492,Maison,Miroir,579.94,1,0.0,Especes,False
2024-12-24,Casablanca,T003493,Alimentation,Cafe,38.44,2,,Carte,False
2024-08-15,Marrakech,T003494,Sports,Ballon,1529.29,3,0.0,Carte,False
2024-03-01,Tanger,T003495,Sports,Ballon,1424.83,2,0.0,Carte,False
2024-04-29,Rabat,T003496,Beaute,Savon,428.85,2,0.0,Carte,False
2024-12-09,Tanger,T003498,Vetements,T-shirt,288.06,1,10.0,Carte,False
2024-01-25,Tanger,T003500,Maison,Table,364.42,2,5.0,Carte,False
2024-03-14,Fes,T002867,Sports,Tapis Yoga,587.27,1,0.0,En-ligne,False
2024-11-09,Casablanca,T001552,Electronique,Clavier,3133.11,1,0.0,Carte,False
2024-10-02,Agadir,T000598,Alimentation,Pates,200.41,2,5.0,Especes,False
2024-05-13,Agadir,T003208,Vetements,Veste,230.67,1,0.0,Carte,False
2024-03-25,Fes,T002156,Maison,Miroir,601.07,1,0.0,Carte,False
2024-06-20,Marrakech,T000528,Sports,Chaussures Running,881.54,1,10.0,Especes,False
2024-11-14,Casablanca,T001251,Maison,Tapis,385.03,1,0.0,Carte,False
2024-10-31,Casablanca,T001285,Alimentation,Cafe,164.97,2,0.0,Carte,False
2024-11-08,Rabat,T000255,Vetements,T-shirt,685.12,2,5.0,Carte,False
2024-03-29,Marrakech,T001888,Electronique,Souris,1481.26,1,0.0,Carte,False
2024-11-01,Fes,T001720,Electronique,Clavier,1646.68,1,15.0,Carte,False
2024-07-24,Tanger,T001148,Electronique,Smartphone,2357.4,1,0.0,Carte,False
2024-06-24,Agadir,T001615,Vetements,Jean,148.98,1,15.0,En ligne,False
