date,ville,magasin,transaction_id,client_id,sexe,age_client,categorie,produit,prix_unitaire,quantite,remise_pct,moyen_paiement
2024-06-12,Marrakech,D,T000001,C1177,F,42,Vetements,Sweat,761.72,2,15,Especes
2024-12-29,Fes,B,T000002,C1067,M,41,Alimentation,The,151.93,1,0,Especes
2024-06-24,Marrakech,A,T000003,C1216,M,27,Alimentation,Pates,99.02,1,0,Carte
2024-02-26,Marrakech,E,T000004,C1028,F,52,Maison,Coussin,835.89,1,10,Carte
2024-04-21,Marrakech,B,T000005,C1654,M,35,Beaute,Shampooing,666.02,3,10,Especes
2024-04-16,Fes,A,T000006,C1609,F,37,Beaute,Parfum,571.02,2,5,En ligne
2024-06-18,Casablanca,A,T000007,C1249,F,40,Vetements,Jean,340.95,2,0,Carte
2024-05-15,Fes,C,T000008,C1088,M,,Maison,Chaise,1377.93,1,15,Especes
2024-03-31,Fes,B,T000009,C1331,M,22,Vetements,Chaussures,670.52,2,15,En-ligne
2024-04-28,Agadir,A,T000010,C1576,M,50,Sports,Halteres,767.98,1,0,En ligne
2024-03-16,Marrakech,C,T000011,C1626,F,28,Electronique,Tablette,1784.76,2,5,Especes
2024-07-23,Fes,E,T000012,C1614,M,46,Maison,Chaise,1165.76,4,0,Carte
2024-02-14,Rabat,C,T000013,C1369,F,17,Alimentation,Huile,136.92,1,5,En ligne
2024-02-27,Tanger,C,T000014,C1558,M,46,Alimentation,Riz,81.37,2,0,En ligne
2024-08-15,Casablanca,A,T000015,C1359,F,31,Vetements,Robe,443.65,4,0,En ligne
2024-09-05,Rabat,E,T000016,C1252,M,34,Electronique,Smartphone,1015.04,1,0,En ligne
2024-06-30,Fes,E,T000017,C1417,F,36,Maison,Lampe,937.22,2,5,Carte
2024-07-30,Casablanca,B,T000018,C1146,M,44,Vetements,Jean,685.25,1,0,En ligne
2024-09-05,Rabat,E,T000019,C1011,F,52,Sports,Tapis Yoga,526.48,1,0,En ligne
2024-07-07,Casablanca,B,T000020,C1176,F,49,Alimentation,The,87.49,2,5,En ligne
2024-01-29,Rabat,B,T000021,C1643,M,35,Maison,Tapis,193.23,1,0,En ligne
2024-08-03,Casablanca,D,T000022,C1234,M,41,Alimentation,Huile,78.71,2,0,Carte
2024-03-03,Fes,B,T000023,C1246,M,46,Vetements,T-shirt,117.72,2,15,Especes
2024-05-21,Tanger,E,T000024,C1570,F,41,Sports,Chaussures Running,1472.57,1,5,Carte
2024-10-21,Tanger,E,T000025,C1365,M,38,Beaute,Parfum,506.32,1,0,En ligne
2024-09-10,Rabat,C,T000026,C1068,F,20,Electronique,Smartphone,1289.34,3,5,Especes
2024-04-14,Fes,D,T000027,C1631,M,,Maison,Miroir,1087.57,1,0,En ligne
2024-06-14,Agadir,C,T000028,C1338,F,30,Maison,Table,612.33,1,,En ligne
2024-04-15,Fes,B,T000029,C1263,F,49,Beaute,Shampooing,541.21,1,5,Especes
2024-07-14,Tanger,B,T000030,C1507,F,52,Alimentation,Riz,66.55,1,0,En ligne
2024-12-21,Tanger,A,T000031,C1104,F,37,Alimentation,Cafe,32.99,1,0,Especes
2024-04-06,Fes,A,T000032,C1007,,,Sports,Raquette,134.37,2,,En ligne
2024-04-05,Fes,C,T000033,C1304,F,29,Electronique,Tablette,2552.94,2,0,En ligne
2024-11-26,Fes,C,T000034,C1197,F,22,Maison,Tapis,150.84,3,10,En ligne
2024-04-08,Fes,E,T000035,C1443,M,28,Beaute,Maquillage,134.79,1,5,En ligne
2024-04-13,Tanger,C,T000036,C1202,M,26,Maison,Tapis,761.63,2,0,carte
2024-01-11,Tanger,A,T000037,C1366,F,27,Maison,Miroir,925.38,2,5,En ligne
2024-03-06,Tanger,E,T000038,C1477,F,50,Electronique,Ecouteurs,380.79,3,0,En ligne
2024-04-22,Tanger,A,T000039,C1674,M,26,Electronique,Ecouteurs,3133.02,1,15,Especes
2024-04-18,Agadir,A,T000040,C1090,M,16,Alimentation,Huile,31.77,2,0,Carte
2024-08-13,Fes,D,T000041,C1503,M,47,Vetements,T-shirt,820.24,2,,Carte
2024-06-25,Marrakech,C,T000042,C1375,F,31,Electronique,Clavier,2850.74,2,5,Carte
2024-02-02,Tanger,D,T000043,C1314,F,39,Alimentation,Cafe,74.8,1,,Especes
2024-07-06,Rabat,A,T000044,C1690,M,41,Electronique,Clavier,881.97,1,10,Carte
2024-07-20,Fes,C,T000045,C1304,M,40,Electronique,Ecouteurs,1783.99,2,15,Carte
2024-01-03,Tanger,A,T000046,C1311,M,21,Maison,Lampe,597.44,1,0,En ligne
2024-07-26,Marrakech,B,T000047,C1381,M,39,Maison,Coussin,1014.83,1,0,En ligne
2024-07-15,Tanger,B,T000048,C1139,F,,Vetements,Veste,759.88,1,5,En ligne
2024-01-02,Rabat,A,T000049,C1674,,,Electronique,Souris,3223.85,1,0,Especes
2024-10-25,Casablanca,B,T000050,C1242,F,26,Sports,Halteres,1461.96,2,5,Especes
2024-12-15,Rabat,B,T000051,C1121,M,34,Alimentation,Cereales,48.95,3,0,Especes
2024-01-02,Marrakech,D,T000052,C1543,F,50,Electronique,Souris,3470.85,1,0,Especes
2024-10-27,Tanger,B,T000053,C1213,F,30,Maison,Miroir,641.84,1,0,En ligne
2024-04-07,Rabat,D,T000054,C1298,M,25,Beaute,Creme,305.11,3,10,Carte
2024-06-21,Rabat,B,T000055,C1023,F,29,Alimentation,Pates,212.9,2,10,Especes
2024-10-31,Rabat,C,T000056,C1646,F,52,Maison,Chaise,569.87,1,0,CB
2024-01-09,Casablanca,A,T000057,C1142,F,17,Alimentation,Pates,72.54,1,10,Carte
2024-08-31,Fes,E,T000058,C1152,F,32,Sports,Halteres,916.65,1,0,En ligne
2024-05-30,Casablanca,E,T000059,C1157,F,43,Maison,Lampe,1264.96,4,10,Carte
2024-02-28,Casablanca,C,T000060,C1128,M,64,Maison,Tapis,888.49,1,0,En ligne
2024-01-13,Agadir,D,T000061,C1252,F,35,Alimentation,Cereales,189.85,2,0,Especes
2024-05-10,Casablanca,E,T000062,C1224,M,25,Sports,Velo appartement,1158.67,1,10,En ligne
2024-02-26,Rabat,C,T000063,C1654,F,41,Sports,Tapis Yoga,463.12,2,0,En ligne
2024-08-25,Rabat,D,T000064,C1034,F,29,Sports,Halteres,555.2,2,0,En ligne
2024-11-13,Marrakech,B,T000065,C1048,M,42,Sports,Tapis Yoga,1569.69,2,0,Especes
2024-06-20,Casablanca,E,T000066,C1550,F,30,Alimentation,Cereales,96.07,1,0,Especes
2024-07-16,Agadir,D,T000067,C1624,F,29,Vetements,Sweat,691.7,4,0,Especes
2024-10-22,Agadir,B,T000068,C1122,M,26,Alimentation,Huile,88.26,3,5,Carte
2024-04-03,Tanger,E,T000069,C1346,F,31,Vetements,T-shirt,431.7,1,5,En ligne
2024-10-02,Tanger,A,T000070,C1267,F,27,Alimentation,Pates,90.28,1,15,En-ligne
2024-11-07,Tanger,C,T000071,C1324,F,39,Vetements,Veste,402.12,1,0,Carte
2024-09-18,Fes,A,T000072,C1577,F,27,Maison,Coussin,370.1,1,,En ligne
2024-02-26,Rabat,B,T000073,C1544,M,32,Sports,Ballon,534.71,2,10,En ligne
2024-05-09,Tanger,C,T000074,C1563,M,24,Sports,Chaussures Running,291.81,2,10,Carte
2024-09-19,Tanger,A,T000075,C1125,M,34,Alimentation,Cafe,129.38,1,0,En-ligne
2024-12-25,Fes,A,T000076,C1533,M,33,Alimentation,Riz,58.78,1,10,En ligne
2024-12-17,Casablanca,B,T000077,C1326,F,38,Alimentation,Pates,69.57,1,10,En ligne
2024-05-12,Agadir,B,T000078,C1406,M,35,Vetements,Sweat,272.91,2,10,Carte
2024-04-17,Casablanca,B,T000079,C1196,F,31,Electronique,Clavier,2098.86,1,0,Especes
2024-07-03,Tanger,B,T000080,C1652,M,36,Beaute,Creme,470.07,1,0,Carte
2024-11-19,Marrakech,D,T000081,C1507,M,34,Maison,Lampe,1224.72,3,0,Especes
2024-02-11,Casablanca,C,T000082,C1301,F,39,Vetements,Sweat,147.68,1,0,Especes
2024-11-02,Marrakech,E,T000083,C1540,F,57,Maison,Tapis,849.2,1,10,Especes
2024-07-31,Casablanca,D,T000084,C1450,M,28,Alimentation,Huile,196.49,1,5,En ligne
2024-10-27,Casablanca,B,T000085,C1455,F,32,Alimentation,Cereales,186.92,2,0,En ligne
2024-05-10,Tanger,B,T000086,C1287,,44,Vetements,Jean,566.31,1,0,carte
2024-11-25,Marrakech,B,T000087,C1307,M,47,Vetements,Veste,164.99,2,15,Carte
2024-04-20,Rabat,A,T000088,C1275,M,36,Electronique,Casque,1198.65,1,15,En ligne
2024-12-23,Rabat,D,T000089,C1112,M,22,Electronique,Clavier,1004.66,2,0,En ligne
2024-07-07,Casablanca,D,T000090,C1374,M,46,Alimentation,Cafe,118.55,1,0,Carte
2024-10-01,Agadir,C,T000091,C1531,F,20,Vetements,Jean,376.95,2,0,En ligne
2024-03-29,Agadir,E,T000092,C1592,M,39,Electronique,Clavier,1727.65,1,0,Carte
2024-05-03,Agadir,B,T000093,C1357,F,28,Sports,Raquette,1071.14,1,5,En ligne
2024-10-04,Marrakech,D,T000094,C1598,F,47,Alimentation,The,202.89,1,0,En ligne
2024-07-12,Agadir,C,T000095,C1627,M,35,Maison,Lampe,302.59,1,0,En ligne
2024-04-11,Fes,D,T000096,C1505,F,34,Electronique,Smartphone,258.98,2,5,Carte
2024-02-09,Rabat,B,T000097,C1534,F,35,Beaute,Savon,304.79,1,15,Carte
2024-04-28,Tanger,E,T000098,C1040,F,36,Beaute,Maquillage,589.89,1,0,Carte
2024-04-07,Fes,C,T000099,C1339,M,44,Beaute,Creme,648.42,2,10,Especes
2024-07-22,Rabat,D,T000100,C1691,F,41,Maison,Lampe,559.91,2,0,Especes
2024-05-22,Casablanca,D,T000101,C1264,F,20,Beaute,Shampooing,302.82,3,5,Especes
2024-09-20,Agadir,A,T000102,C1406,F,26,Alimentation,Cafe,72.71,2,10,Especes
2024-04-28,Agadir,D,T000103,C1271,F,28,Sports,Velo appartement,1568.52,2,10,En ligne
2024-11-07,Casablanca,D,T000104,C1270,M,19,Alimentation,Cafe,93.96,1,0,Carte
2024-07-13,Agadir,E,T000105,C1673,,32,Sports,Halteres,1641.33,1,0,Especes
2024-10-17,Casablanca,A,T000106,C1462,,16,Sports,Chaussures Running,284.61,2,0,En ligne
2024-06-29,Agadir,A,T000107,C1186,F,44,Beaute,Maquillage,272.54,1,5,En ligne
2024-06-30,Marrakech,A,T000108,C1328,M,32,Maison,Table,735.91,1,15,Carte
2024-07-27,Fes,C,T000109,C1523,F,37,Electronique,Souris,2335.44,1,0,En ligne
2024-03-25,Rabat,D,T000110,C1292,M,35,Alimentation,Huile,99.85,1,5,En ligne
2024-09-05,Fes,C,T000111,C1385,M,45,Alimentation,Pates,35.73,1,5,En ligne
2024-06-24,Casablanca,D,T000112,C1184,M,18,Electronique,Clavier,2055.5,1,0,Especes
2024-09-25,Agadir,C,T000113,C1474,F,28,Sports,Tapis Yoga,384.18,2,0,Especes
2024-01-04,Agadir,C,T000114,C1171,F,27,Electronique,Casque,2006.1,2,15,Especes
2024-04-05,Marrakech,B,T000115,C1662,M,21,Alimentation,Cafe,50.22,2,10,En ligne
2024-03-23,Fes,A,T000116,C1145,F,39,Beaute,Shampooing,646.97,3,0,Carte
2024-07-19,Fes,C,T000117,C1009,F,30,Sports,Ballon,355.24,3,15,Carte
2024-12-03,Casablanca,A,T000118,C1598,F,33,Electronique,Tablette,1294.8,2,15,Especes
2024-09-05,Casablanca,D,T000119,C1219,,22,Alimentation,The,217.69,1,0,Especes
2024-08-10,Fes,D,T000120,C1358,M,26,Vetements,Jean,200.85,3,15,CB
2024-12-05,Rabat,C,T000121,C1004,F,41,Beaute,Shampooing,283.38,1,0,Carte
2024-10-31,Tanger,A,T000122,C1345,F,37,Sports,Halteres,593.99,1,10,En ligne
2024-09-01,Rabat,C,T000123,C1560,M,42,Alimentation,Cereales,44.59,1,0,En ligne
2024-11-24,Rabat,A,T000124,C1262,F,34,Vetements,Veste,260.96,1,0,En ligne
2024-01-10,Rabat,D,T000125,C1228,F,47,Maison,Coussin,725.53,1,,Carte
2024-05-24,Fes,D,T000126,C1410,M,32,Electronique,Souris,2121.05,2,0,Carte
2024-07-15,Fes,D,T000127,C1171,M,29,Alimentation,Cafe,34.55,2,0,CB
2024-10-05,Agadir,E,T000128,C1036,M,36,Beaute,Serum,120.96,3,10,En ligne
2024-10-27,Fes,A,T000129,C1147,F,45,Alimentation,Cafe,149.17,2,10,Especes
2024-10-10,Rabat,C,T000130,C1384,M,39,Beaute,Shampooing,114.06,1,0,Carte
2024-09-02,Fes,B,T000131,C1139,M,23,Alimentation,Riz,103.81,2,0,Especes
2024-09-10,Tanger,D,T000132,C1445,M,35,Beaute,Creme,77.6,1,0,En ligne
2024-11-14,Marrakech,B,T000133,C1089,M,37,Maison,Lampe,959.66,1,0,En ligne
2024-03-18,Marrakech,B,T000134,C1036,M,44,Maison,Miroir,602.25,2,0,Especes
2024-06-17,Tanger,C,T000135,C1681,F,18,Beaute,Serum,462.64,1,5,Carte
2024-06-24,Fes,A,T000136,C1488,F,,Vetements,Chaussures,731.12,2,0,Especes
2024-06-14,Fes,B,T000137,C1010,F,39,Alimentation,Pates,89.02,2,10,Especes
2024-04-21,Agadir,D,T000138,C1543,F,20,Electronique,Ecouteurs,2453.99,1,0,Especes
2024-10-04,Marrakech,B,T000139,C1047,M,29,Maison,Lampe,511.11,3,0,Carte
2024-12-09,Casablanca,D,T000140,C1653,F,31,Electronique,Smartphone,1007.7,1,5,Especes
2024-07-19,Agadir,A,T000141,C1300,F,35,Maison,Lampe,1175.46,2,5,Carte
2024-05-01,Agadir,A,T000142,C1259,F,27,Vetements,T-shirt,648.39,1,10,Carte
2024-12-13,Fes,D,T000143,C1219,M,42,Maison,Chaise,269.53,1,5,En ligne
2024-03-10,Casablanca,E,T000144,C1296,M,38,Alimentation,Huile,102.76,1,0,Carte
2024-02-01,Marrakech,B,T000145,C1256,F,26,Maison,Miroir,1088.89,1,0,Carte
2024-10-22,Agadir,D,T000146,C1453,M,37,Maison,Miroir,370.64,1,0,Carte
2024-10-31,Casablanca,D,T000147,C1671,M,,Vetements,Veste,699.7,2,5,carte
2024-10-18,Rabat,A,T000148,C1288,F,35,Sports,Ballon,285.75,2,0,Carte
2024-12-25,Casablanca,A,T000149,C1230,M,16,Vetements,Sweat,601.52,1,0,CB
2024-03-20,Casablanca,E,T000150,C1418,M,,Beaute,Savon,694.55,2,0,Carte
2024-08-04,Rabat,B,T000151,C1617,F,36,Maison,Coussin,817.09,2,15,En ligne
2024-08-17,Tanger,C,T000152,C1249,F,44,Vetements,Chaussures,153.22,2,0,Carte
2024-02-14,Marrakech,B,T000153,C1619,M,27,Maison,Lampe,648.3,1,0,Carte
2024-11-20,Tanger,B,T000154,C1045,F,37,Beaute,Maquillage,677.12,1,0,En ligne
2024-02-28,Tanger,E,T000155,C1472,F,27,Maison,Lampe,1397.63,1,0,Carte
2024-12-13,Rabat,E,T000156,C1124,F,22,Sports,Chaussures Running,1701.41,2,10,Carte
2024-05-04,Casablanca,B,T000157,C1476,M,31,Beaute,Savon,42.71,1,,Carte
2024-03-16,Casablanca,E,T000158,C1215,M,30,Alimentation,Cafe,125.45,1,5,Carte
2024-03-12,Agadir,C,T000159,C1166,F,32,Maison,Chaise,1190.01,1,10,Carte
2024-07-09,Agadir,B,T000160,C1679,F,37,Vetements,Veste,356.2,1,0,Especes
2024-10-27,Marrakech,C,T000161,C1565,M,26,Electronique,Clavier,1094.6,2,10,CB
2024-09-15,Fes,C,T000162,C1090,F,16,Maison,Tapis,168.44,1,0,Especes
2024-03-23,Fes,C,T000163,C1132,F,16,Electronique,Tablette,3132.89,2,5,Especes
2024-05-10,Rabat,B,T000164,C1460,F,31,Vetements,T-shirt,750.24,1,10,Especes
2024-06-03,Rabat,A,T000165,C1253,M,35,Alimentation,Huile,14.63,1,0,Carte
2024-10-04,Marrakech,B,T000166,C1400,M,46,Maison,Chaise,649.95,2,0,Carte
2024-09-13,Tanger,A,T000167,C1398,F,42,Electronique,Clavier,1250.73,1,10,En ligne
2024-11-22,Casablanca,D,T000168,C1686,M,30,Sports,Chaussures Running,330.94,2,10,Carte
2024-12-08,Casablanca,A,T000169,C1337,F,36,Electronique,Clavier,2379.29,1,15,En ligne
2024-06-08,Marrakech,A,T000170,C1200,F,34,Electronique,Ecouteurs,2625.61,2,0,Especes
2024-06-23,Agadir,E,T000171,C1167,F,33,Sports,Ballon,1794.37,3,0,Especes
2024-04-06,Casablanca,B,T000172,C1331,F,41,Sports,Ballon,632.39,1,5,En ligne
2024-03-04,Rabat,A,T000173,C1041,M,40,Sports,Velo appartement,726.34,2,10,En ligne
2024-06-04,Agadir,C,T000174,C1233,F,37,Alimentation,The,147.31,1,0,En ligne
2024-12-19,Rabat,D,T000175,C1661,F,34,Beaute,Serum,454.43,2,0,Carte
2024-04-11,Tanger,A,T000176,C1377,F,47,Maison,Lampe,792.31,1,5,Carte
2024-12-27,Marrakech,D,T000177,C1521,M,31,Beaute,Shampooing,176.28,1,0,Especes
2024-01-16,Agadir,E,T000178,C1440,M,27,Beaute,Maquillage,78.61,1,0,Especes
2024-07-27,Rabat,E,T000179,C1469,F,26,Alimentation,Cafe,195.65,3,5,Carte
2024-01-24,Casablanca,C,T000180,C1530,F,49,Electronique,Souris,740.76,2,0,Especes
2024-02-09,Tanger,C,T000181,C1083,F,23,Alimentation,Cafe,170.38,1,0,Carte
2024-09-02,Fes,A,T000182,C1290,F,40,Sports,Velo appartement,658.61,2,0,En ligne
2024-07-25,Fes,B,T000183,C1262,M,43,Vetements,Veste,364.78,1,0,En ligne
2024-09-22,Rabat,A,T000184,C1042,M,48,Beaute,Parfum,243.03,2,0,Carte
2024-12-15,Marrakech,C,T000185,C1559,F,19,Maison,Coussin,663.55,1,5,En-ligne
2024-02-05,Tanger,D,T000186,C1605,M,28,Beaute,Serum,73.86,1,0,En ligne
2024-11-03,Tanger,C,T000187,C1234,M,39,Sports,Ballon,711.16,2,10,Especes
2024-01-16,Fes,A,T000188,C1647,F,29,Alimentation,Cereales,130.86,2,0,Especes
2024-12-15,Fes,A,T000189,C1210,F,46,Maison,Table,759.29,3,5,En ligne
2024-07-23,Agadir,B,T000190,C1459,M,16,Electronique,Clavier,3480.56,2,15,Carte
2024-10-25,Agadir,B,T000191,C1295,M,22,Alimentation,Pates,129.39,1,10,En ligne
2024-08-20,Fes,D,T000192,C1546,M,29,Alimentation,Huile,165.88,2,5,Especes
2024-12-25,Rabat,B,T000193,C1228,F,29,Alimentation,Cafe,122.16,1,0,Carte
2024-10-12,Agadir,E,T000194,C1209,M,34,Vetements,Sweat,190.31,2,10,Especes
2024-03-26,Rabat,D,T000195,C1009,M,20,Electronique,Ecouteurs,984.28,1,0,En-ligne
2024-11-18,Marrakech,C,T000196,C1369,M,21,Electronique,Casque,1016.76,1,0,CB
2024-10-19,Marrakech,B,T000197,C1227,M,39,Sports,Raquette,1732.53,1,5,Carte
2024-10-16,Fes,C,T000198,C1327,,24,Alimentation,The,76.26,1,10,En ligne
2024-07-22,Casablanca,C,T000199,C1554,M,49,Maison,Miroir,1011.52,2,,Especes
2024-02-19,Tanger,E,T000200,C1271,,22,Vetements,T-shirt,626.96,2,15,En ligne
2024-08-01,Marrakech,C,T000201,C1161,F,33,Vetements,Robe,567.19,1,0,Carte
2024-01-08,Tanger,D,T000202,C1450,,39,Sports,Raquette,812.61,1,0,Carte
2024-03-18,Rabat,E,T000203,C1076,F,43,Vetements,Chaussures,660.51,2,0,En-ligne
2024-03-31,Agadir,E,T000204,C1336,F,30,Alimentation,Cafe,80.55,1,0,En ligne
2024-05-05,Rabat,E,T000205,C1381,M,21,Vetements,T-shirt,720.7,2,0,Especes
2024-12-18,Agadir,E,T000206,C1642,F,32,Alimentation,Cafe,171.57,1,0,En ligne
2024-10-03,Tanger,E,T000207,C1027,F,60,Sports,Chaussures Running,1736.23,2,10,En ligne
2024-10-21,Agadir,C,T000208,C1086,M,39,Maison,Table,679.28,1,10,Carte
2024-12-17,Marrakech,D,T000209,C1390,F,26,Alimentation,Cafe,97.87,2,0,En ligne
2024-02-29,Marrakech,A,T000210,C1022,F,31,Vetements,T-shirt,261.16,2,0,Carte
2024-06-30,Marrakech,B,T000211,C1628,F,42,Maison,Lampe,734.84,1,10,Carte
2024-01-15,Rabat,B,T000212,C1325,M,36,Electronique,Clavier,2701.71,1,15,Carte
2024-01-03,Rabat,C,T000213,C1385,F,33,Maison,Table,623.35,2,0,En ligne
2024-07-15,Fes,D,T000214,C1582,F,22,Sports,Tapis Yoga,929.62,1,0,Especes
2024-08-12,Tanger,D,T000215,C1253,M,31,Beaute,Serum,602.73,2,0,En ligne
2024-06-06,Fes,E,T000216,C1698,M,38,Electronique,Souris,2248.05,1,10,En ligne
2024-10-12,Agadir,E,T000217,C1123,M,32,Vetements,Chaussures,561.07,1,0,Especes
2024-02-23,Tanger,E,T000218,C1290,M,25,Vetements,Robe,759.97,1,15,CB
2024-07-11,Agadir,A,T000219,C1279,M,36,Vetements,Chaussures,841.24,1,10,Especes
2024-06-27,Tanger,B,T000220,C1584,F,39,Maison,Chaise,163.79,1,15,En ligne
2024-08-08,Rabat,A,T000221,C1225,M,29,Vetements,Veste,754.13,2,15,Carte
2024-04-21,Marrakech,B,T000222,C1530,M,24,Sports,Halteres,177.39,1,5,Carte
2024-02-06,Rabat,E,T000223,C1033,M,48,Alimentation,Pates,96.1,1,0,En ligne
2024-04-12,Rabat,D,T000224,C1645,M,43,Electronique,Smartphone,2769.59,2,0,Especes
2024-06-04,Rabat,D,T000225,C1416,M,36,Electronique,Ecouteurs,3333.12,1,10,Carte
2024-04-28,Fes,B,T000226,C1383,M,27,Electronique,Casque,504.13,3,0,Carte
2024-02-16,Agadir,D,T000227,C1650,F,21,Electronique,Tablette,1708.06,1,5,Carte
2024-02-25,Fes,C,T000228,C1308,M,32,Alimentation,Pates,53.98,1,15,Carte
2024-02-16,Fes,B,T000229,C1214,M,24,Sports,Tapis Yoga,348.85,2,5,En ligne
2024-04-27,Fes,D,T000230,C1616,,42,Alimentation,Pates,23.44,3,10,En ligne
2024-09-27,Fes,D,T000231,C1416,M,53,Sports,Chaussures Running,800.7,1,5,En ligne
2024-11-20,Tanger,C,T000232,C1220,F,50,Vetements,Veste,460.53,2,5,Carte
2024-09-18,Agadir,D,T000233,C1593,M,50,Electronique,Smartphone,1374.5,1,10,En ligne
2024-08-20,Marrakech,C,T000234,C1058,F,26,Maison,Coussin,811.42,1,10,En ligne
2024-11-25,Agadir,E,T000235,C1500,M,34,Vetements,T-shirt,461.26,2,10,carte
2024-01-16,Rabat,B,T000236,C1562,M,33,Alimentation,Riz,78.23,1,0,Especes
2024-09-18,Agadir,C,T000237,C1084,M,25,Vetements,Chaussures,474.99,1,0,Carte
2024-01-24,Casablanca,C,T000238,C1641,F,27,Alimentation,The,64.6,2,0,En ligne
2024-08-27,Casablanca,D,T000239,C1605,M,50,Alimentation,Cafe,106.37,2,,En ligne
2024-07-08,Marrakech,E,T000240,C1003,M,31,Electronique,Smartphone,3211.36,2,0,En ligne
2024-10-15,Agadir,A,T000241,C1515,M,37,Maison,Coussin,949.42,3,0,Carte
2024-04-07,Tanger,A,T000242,C1338,F,31,Electronique,Souris,3215.17,3,0,En ligne
2024-02-01,Fes,C,T000243,C1290,M,39,Maison,Tapis,1361.08,2,0,Especes
2024-07-11,Fes,D,T000244,C1618,M,52,Vetements,Jean,526.13,1,5,Especes
2024-09-09,Casablanca,D,T000245,C1307,F,30,Alimentation,The,162.41,1,0,En ligne
2024-09-11,Marrakech,D,T000246,C1607,F,27,Alimentation,Cereales,83.38,1,15,En ligne
2024-06-12,Fes,B,T000247,C1147,M,16,Sports,Raquette,746.18,1,10,En ligne
2024-03-03,Marrakech,D,T000248,C1532,F,31,Maison,Miroir,953.22,1,0,En ligne
2024-09-08,Agadir,E,T000249,C1351,F,34,Maison,Chaise,1328.58,3,5,En-ligne
2024-02-29,Agadir,B,T000250,C1234,F,41,Sports,Halteres,163.26,2,10,CB
2024-05-09,Rabat,C,T000251,C1498,M,21,Sports,Halteres,854.39,2,0,Carte
2024-10-20,Agadir,E,T000252,C1507,F,37,Maison,Table,214.35,4,5,Especes
2024-03-04,Rabat,A,T000253,C1263,F,,Alimentation,Cafe,184.34,2,10,Carte
2024-11-28,Marrakech,B,T000254,C1566,M,51,Alimentation,The,164.4,1,0,Especes
2024-11-08,Rabat,D,T000255,C1475,F,24,Vetements,T-shirt,685.12,2,5,Carte
2024-05-22,Rabat,D,T000256,C1599,F,41,Electronique,Ecouteurs,3144.28,1,0,En ligne
2024-07-26,Casablanca,D,T000257,C1591,F,43,Alimentation,The,193.33,2,5,En ligne
2024-09-04,Marrakech,B,T000258,C1497,F,41,Alimentation,The,212.94,1,0,Especes
2024-08-30,Casablanca,A,T000259,C1076,F,30,Sports,Velo appartement,1003.71,1,15,Especes
2024-10-20,Agadir,A,T000260,C1192,M,16,Beaute,Maquillage,508.2,1,0,En ligne
2024-09-23,Agadir,D,T000261,C1385,M,33,Vetements,Chaussures,288.93,3,0,carte
2024-06-10,Fes,C,T000262,C1281,F,33,Sports,Raquette,325.72,1,0,En ligne
2024-07-23,Tanger,E,T000263,C1222,F,54,Sports,Halteres,1334.79,1,0,Especes
2024-11-01,Casablanca,D,T000264,C1645,M,16,Alimentation,Cafe,128.62,1,0,En ligne
2024-10-24,Marrakech,B,T000265,C1631,F,20,Sports,Halteres,619,1,0,Carte
2024-10-12,Agadir,D,T000266,C1319,,45,Alimentation,Huile,157.98,1,0,En ligne
2024-09-08,Marrakech,D,T000267,C1513,M,34,Maison,Table,1156.32,1,0,Especes
2024-08-23,Fes,A,T000268,C1212,,22,Vetements,Robe,693.05,2,0,En ligne
2024-06-19,Rabat,D,T000269,C1186,M,29,Alimentation,The,112.01,1,15,Especes
2024-12-19,Marrakech,B,T000270,C1508,F,30,Electronique,Smartphone,1531.9,1,0,Carte
2024-09-12,Agadir,A,T000271,C1386,F,36,Alimentation,Pates,208.39,1,5,En ligne
2024-05-10,Agadir,A,T000272,C1311,F,33,Sports,Halteres,171.85,3,0,En ligne
2024-04-17,Agadir,D,T000273,C1418,F,34,Beaute,Serum,126.2,1,10,Especes
2024-09-24,Casablanca,A,T000274,C1450,M,35,Vetements,Sweat,576.87,1,5,Carte
2024-10-11,Fes,D,T000275,C1155,,40,Alimentation,Cafe,115.16,2,10,Especes
2024-12-16,Agadir,A,T000276,C1315,M,40,Vetements,T-shirt,760.87,1,0,En ligne
2024-10-06,Agadir,B,T000277,C1336,M,32,Vetements,Jean,858.1,4,5,En ligne
2024-10-30,Marrakech,B,T000278,C1134,M,32,Beaute,Shampooing,525.96,1,0,carte
2024-06-07,Tanger,C,T000279,C1247,M,47,Electronique,Smartphone,849.3,2,5,Especes
2024-07-24,Rabat,C,T000280,C1272,M,37,Electronique,Clavier,2190.1,1,10,Especes
2024-12-29,Casablanca,C,T000281,C1082,F,27,Electronique,Souris,1973.14,1,0,En ligne
2024-10-10,Agadir,E,T000282,C1083,M,43,Maison,Tapis,206.47,1,15,Carte
2024-08-14,Agadir,A,T000283,C1672,F,46,Vetements,T-shirt,604.45,1,10,Especes
2024-05-11,Tanger,E,T000284,C1654,M,29,Beaute,Savon,672.07,2,10,Especes
2024-09-14,Agadir,D,T000285,C1066,M,22,Alimentation,Pates,51.73,1,0,Carte
2024-10-10,Agadir,A,T000286,C1606,F,,Alimentation,Pates,105.34,1,5,Carte
2024-04-01,Casablanca,C,T000287,C1113,M,47,Alimentation,Riz,79.69,4,10,Carte
2024-06-05,Rabat,B,T000288,C1464,,27,Vetements,Jean,537.93,1,0,En ligne
2024-04-01,Fes,D,T000289,C1382,F,36,Electronique,Tablette,1577.48,2,0,Carte
2024-06-30,Tanger,A,T000290,C1201,F,23,Sports,Tapis Yoga,1227.79,3,0,Especes
2024-05-31,Marrakech,E,T000291,C1193,M,32,Beaute,Maquillage,697.4,2,,Carte
2024-03-16,Casablanca,D,T000292,C1580,M,43,Alimentation,Pates,121.94,2,5,Especes
2024-09-24,Agadir,D,T000293,C1624,F,46,Maison,Coussin,756.62,1,15,En ligne
2024-08-06,Casablanca,C,T000294,C1550,F,51,Alimentation,Riz,95.79,2,15,En ligne
2024-07-18,Rabat,C,T000295,C1441,M,21,Beaute,Parfum,463.42,1,0,Carte
2024-11-29,Rabat,C,T000296,C1226,F,30,Vetements,Robe,465.47,1,0,En ligne
2024-02-25,Casablanca,B,T000297,C1074,F,47,Vetements,Sweat,821.37,2,5,En ligne
2024-04-05,Casablanca,E,T000298,C1623,M,47,Vetements,Sweat,624.18,4,0,En ligne
2024-06-11,Casablanca,A,T000299,C1258,M,30,Alimentation,Cafe,20.51,1,0,Carte
2024-03-21,Fes,A,T000300,C1431,M,40,Beaute,Parfum,345.51,1,0,carte
2024-02-02,Marrakech,B,T000301,C1666,F,46,Beaute,Shampooing,323.64,1,0,Especes
2024-09-11,Fes,E,T000302,C1028,M,38,Electronique,Souris,2410.86,1,10,CB
2024-02-15,Fes,C,T000303,C1333,M,20,Vetements,Robe,124.75,1,0,Carte
2024-03-28,Casablanca,D,T000304,C1374,M,27,Alimentation,Huile,165.21,3,5,Especes
2024-08-12,Casablanca,E,T000305,C1181,F,21,Beaute,Serum,187.76,2,5,En ligne
2024-06-29,Rabat,A,T000306,C1689,M,35,Sports,Tapis Yoga,957.33,3,0,Especes
2024-04-19,Fes,B,T000307,C1604,F,45,Electronique,Smartphone,2818.27,1,0,Carte
2024-08-01,Fes,B,T000308,C1018,M,44,Maison,Lampe,959.54,1,0,Especes
2024-05-01,Tanger,C,T000309,C1068,M,33,Beaute,Creme,509.59,3,0,Carte
2024-12-15,Tanger,E,T000310,C1571,M,20,Maison,Chaise,782.6,1,15,Carte
2024-05-26,Tanger,E,T000311,C1139,F,21,Alimentation,Pates,154.2,2,10,Carte
2024-01-13,Marrakech,D,T000312,C1685,M,40,Alimentation,Cereales,112.99,1,,En ligne
2024-08-09,Fes,E,T000313,C1085,M,23,Alimentation,Riz,193.28,2,0,En ligne
2024-06-23,Fes,A,T000314,C1616,F,22,Maison,Chaise,894.58,2,15,Carte
2024-02-16,Agadir,D,T000315,C1045,M,33,Electronique,Souris,3469.18,1,0,Especes
2024-11-17,Tanger,C,T000316,C1321,F,19,Beaute,Maquillage,697.75,1,15,En ligne
2024-09-19,Fes,C,T000317,C1430,M,25,Vetements,T-shirt,656.56,2,5,Especes
2024-04-25,Tanger,D,T000318,C1217,M,25,Sports,Chaussures Running,227.88,1,5,Especes
2024-09-29,Agadir,B,T000319,C1153,F,51,Electronique,Smartphone,3215.87,3,10,Especes
2024-07-11,Agadir,A,T000320,C1223,,34,Sports,Velo appartement,1078.32,1,5,Especes
2024-04-20,Agadir,A,T000321,C1195,M,30,Maison,Chaise,509.53,1,0,En ligne
2024-06-15,Tanger,D,T000322,C1080,M,24,Beaute,Maquillage,388.84,1,10,Especes
2024-05-20,Marrakech,A,T000323,C1376,M,32,Electronique,Casque,2627.57,2,5,En ligne
2024-06-28,Rabat,D,T000324,C1402,M,35,Maison,Chaise,1003.88,2,,En ligne
2024-10-25,Casablanca,E,T000325,C1536,M,16,Maison,Tapis,884.94,2,0,Especes
2024-08-10,Rabat,C,T000326,C1503,F,34,Sports,Halteres,470.79,2,10,Carte
2024-11-26,Agadir,D,T000327,C1617,M,37,Sports,Tapis Yoga,1769.45,1,10,Carte
2024-10-20,Fes,D,T000328,C1088,M,45,Beaute,Serum,428.27,1,0,Carte
2024-05-25,Casablanca,B,T000329,C1349,M,38,Sports,Ballon,1596.3,1,0,Carte
2024-08-19,Rabat,A,T000330,C1362,M,28,Sports,Chaussures Running,407.42,1,10,Especes
2024-05-10,Agadir,D,T000331,C1673,F,16,Alimentation,Pates,212.76,1,5,Especes
2024-10-08,Tanger,D,T000332,C1470,F,30,Maison,Lampe,169.46,1,10,Carte
2024-10-05,Tanger,C,T000333,C1272,F,43,Sports,Raquette,855.82,1,0,Carte
2024-02-21,Marrakech,B,T000334,C1045,M,30,Vetements,Veste,506.48,2,0,En-ligne
2024-10-13,Marrakech,A,T000335,C1477,F,43,Alimentation,The,140.35,1,0,Carte
2024-09-18,Tanger,B,T000336,C1027,M,31,Maison,Chaise,780.51,2,,Carte
2024-12-06,Fes,C,T000337,C1358,M,16,Maison,Coussin,176.18,2,10,CB
2024-07-19,Rabat,A,T000338,C1399,M,30,Electronique,Casque,2294.11,1,0,Carte
2024-06-28,Agadir,C,T000339,C1516,M,33,Alimentation,Huile,37.95,2,10,Especes
2024-03-18,Rabat,C,T000340,C1500,M,16,Alimentation,Huile,129.35,2,0,En ligne
2024-11-03,Rabat,D,T000341,C1440,,,Beaute,Creme,672.31,2,0,carte
2024-01-13,Tanger,E,T000342,C1242,F,56,Maison,Miroir,708.13,2,0,Especes
2024-12-12,Marrakech,B,T000343,C1221,M,39,Electronique,Ecouteurs,2246.33,1,0,Carte
2024-08-09,Agadir,E,T000344,C1161,F,34,Beaute,Serum,650.79,1,10,Carte
2024-08-24,Marrakech,A,T000345,C1284,F,,Vetements,Chaussures,792.8,1,0,Especes
2024-12-13,Marrakech,E,T000346,C1001,M,40,Vetements,Sweat,504.44,1,0,Especes
2024-04-12,Fes,C,T000347,C1071,F,48,Alimentation,Cereales,96.7,1,10,En ligne
2024-05-31,Casablanca,D,T000348,C1474,,16,Alimentation,Huile,21.62,1,15,Especes
2024-05-13,Agadir,A,T000349,C1138,M,,Electronique,Souris,3259.78,1,0,Especes
2024-09-30,Fes,B,T000350,C1648,M,42,Beaute,Maquillage,291.11,1,5,Especes
2024-07-28,Casablanca,B,T000351,C1013,M,37,Alimentation,Cereales,72.03,2,0,Carte
2024-10-21,Fes,B,T000352,C1544,M,29,Beaute,Serum,178.83,2,15,Carte
2024-09-01,Agadir,A,T000353,C1509,M,49,Alimentation,Huile,48.85,2,0,En ligne
2024-07-15,Casablanca,B,T000354,C1288,M,39,Alimentation,Cafe,166,2,0,Carte
2024-01-30,Fes,A,T000355,C1419,M,36,Alimentation,Riz,61.49,1,0,Carte
2024-10-07,Tanger,E,T000356,C1101,,29,Electronique,Souris,3436.15,1,10,Especes
2024-01-01,Marrakech,D,T000357,C1633,,28,Alimentation,Cereales,142.34,2,0,En ligne
2024-03-09,Tanger,A,T000358,C1380,F,38,Alimentation,Riz,95.65,1,15,Carte
2024-01-22,Tanger,A,T000359,C1694,F,18,Electronique,Casque,1868.72,1,0,Especes
2024-08-14,Tanger,A,T000360,C1232,F,31,Maison,Chaise,649.68,2,5,En ligne
2024-09-23,Marrakech,C,T000361,C1304,F,30,Alimentation,Huile,102.94,1,0,En ligne
2024-05-17,Rabat,E,T000362,C1450,M,29,Vetements,Chaussures,443.2,1,5,Carte
2024-11-10,Fes,C,T000363,C1478,M,53,Beaute,Shampooing,397.22,1,10,Especes
2024-02-26,Fes,D,T000364,C1690,M,28,Alimentation,The,158.57,3,0,En ligne
2024-07-22,Fes,E,T000365,C1313,M,28,Beaute,Creme,339.5,3,10,En ligne
2024-04-28,Agadir,C,T000366,C1237,M,35,Vetements,Jean,467.23,1,0,Especes
2024-09-02,Marrakech,D,T000367,C1669,F,27,Sports,Raquette,605.18,2,5,Especes
2024-09-05,Tanger,B,T000368,C1507,F,30,Alimentation,The,16.3,2,10,Carte
2024-09-07,Casablanca,A,T000369,C1637,M,16,Maison,Lampe,1077.01,1,0,Especes
2024-08-10,Casablanca,D,T000370,C1043,M,38,Beaute,Creme,211.42,1,10,Carte
2024-05-23,Casablanca,D,T000371,C1011,F,34,Vetements,Robe,762.53,2,0,En ligne
2024-06-28,Tanger,A,T000372,C1347,M,44,Sports,Halteres,1548.46,1,0,Carte
2024-08-09,Fes,D,T000373,C1622,M,36,Alimentation,Pates,196.25,2,,Carte
2024-08-06,Marrakech,D,T000374,C1549,M,38,Alimentation,Cafe,213.54,1,0,Carte
2024-10-18,Casablanca,B,T000375,C1514,F,32,Sports,Raquette,1035.25,2,0,Carte
2024-07-13,Marrakech,A,T000376,C1310,M,18,Electronique,Souris,572.92,2,0,Especes
2024-06-16,Tanger,A,T000377,C1391,M,35,Alimentation,Pates,88.8,1,0,Especes
2024-10-25,Tanger,A,T000378,C1525,M,40,Maison,Coussin,770.24,1,10,Carte
2024-12-20,Fes,C,T000379,C1243,M,36,Sports,Tapis Yoga,829.58,1,0,Especes
2024-05-31,Rabat,B,T000380,C1123,M,44,Alimentation,Riz,30.86,1,0,En ligne
2024-05-05,Tanger,E,T000381,C1163,,29,Alimentation,The,169.77,1,10,En ligne
2024-08-16,Tanger,A,T000382,C1130,M,41,Beaute,Serum,293.76,1,0,En ligne
2024-11-03,Casablanca,E,T000383,C1342,F,35,Vetements,T-shirt,125.07,3,0,Especes
2024-07-24,Casablanca,A,T000384,C1668,M,39,Sports,Halteres,377.5,2,0,Carte
2024-06-28,Fes,C,T000385,C1688,F,33,Beaute,Creme,385.81,1,0,En ligne
2024-03-25,Fes,E,T000386,C1267,F,44,Alimentation,Riz,65.21,2,15,Carte
2024-09-03,Fes,A,T000387,C1086,F,38,Sports,Tapis Yoga,991.18,1,10,En ligne
2024-12-15,Casablanca,D,T000388,C1397,F,16,Electronique,Smartphone,1774.77,1,5,Especes
2024-08-23,Tanger,E,T000389,C1596,M,,Electronique,Casque,3280.74,1,0,En ligne
2024-06-07,Fes,E,T000390,C1518,M,26,Alimentation,The,113.13,1,10,Especes
2024-05-23,Rabat,E,T000391,C1043,M,39,Sports,Chaussures Running,1181.95,1,0,Especes
2024-09-12,Tanger,A,T000392,C1470,M,46,Beaute,Shampooing,379.95,1,5,Especes
2024-08-09,Tanger,D,T000393,C1658,,30,Vetements,Robe,750.2,3,0,Carte
2024-05-14,Casablanca,E,T000394,C1350,F,16,Beaute,Savon,84.19,1,10,Especes
2024-12-03,Tanger,C,T000395,C1123,F,32,Beaute,Creme,455.77,1,5,carte
2024-08-06,Marrakech,D,T000396,C1060,M,26,Vetements,Veste,853.41,1,10,CB
2024-05-01,Casablanca,D,T000397,C1666,M,28,Sports,Ballon,1233.5,1,0,Especes
2024-10-04,Marrakech,A,T000398,C1036,F,45,Electronique,Tablette,1137.13,2,0,En ligne
2024-10-30,Fes,A,T000399,C1527,M,,Alimentation,Cereales,170.09,1,0,Carte
2024-10-14,Casablanca,B,T000400,C1436,M,35,Maison,Chaise,494.11,1,0,Especes
2024-07-01,Agadir,B,T000401,C1614,F,29,Beaute,Savon,365.51,1,15,En ligne
2024-04-05,Rabat,B,T000402,C1310,F,30,Alimentation,The,111.21,2,5,Especes
2024-09-04,Fes,B,T000403,C1466,M,34,Maison,Coussin,366.58,1,10,Especes
2024-04-08,Casablanca,A,T000404,C1136,F,26,Beaute,Parfum,407.48,2,10,Carte
2024-09-15,Casablanca,C,T000405,C1570,M,33,Alimentation,Huile,113.55,1,5,En ligne
2024-11-06,Casablanca,C,T000406,C1642,M,50,Electronique,Tablette,1330.46,1,5,Especes
2024-01-11,Marrakech,C,T000407,C1385,M,31,Electronique,Souris,3065.25,2,0,CB
2024-10-29,Marrakech,E,T000408,C1571,F,32,Sports,Tapis Yoga,196.02,1,0,Carte
2024-07-13,Marrakech,A,T000409,C1503,F,21,Vetements,Chaussures,190.22,1,0,Carte
2024-03-20,Marrakech,A,T000410,C1305,M,46,Beaute,Maquillage,571.43,2,10,Carte
2024-05-07,Tanger,D,T000411,C1492,M,42,Vetements,Veste,235.4,1,0,Especes
2024-08-31,Casablanca,E,T000412,C1149,F,24,Alimentation,Cereales,129.1,2,5,Carte
2024-06-15,Rabat,C,T000413,C1156,M,47,Alimentation,Huile,179.41,2,0,En ligne
2024-12-18,Tanger,A,T000414,C1108,F,36,Sports,Tapis Yoga,920.1,2,5,Especes
2024-10-29,Rabat,D,T000415,C1639,M,37,Maison,Miroir,762.75,1,5,Carte
2024-07-09,Rabat,D,T000416,C1614,F,41,Beaute,Parfum,408.79,1,,En ligne
2024-07-13,Marrakech,D,T000417,C1488,M,38,Alimentation,Pates,59.16,1,10,Especes
2024-11-02,Rabat,D,T000418,C1328,M,37,Vetements,Chaussures,626.12,1,0,Especes
2024-10-01,Agadir,B,T000419,C1632,M,31,Alimentation,Huile,171.59,2,0,Especes
2024-11-01,Fes,A,T000420,C1221,M,51,Maison,Lampe,661.45,1,0,Carte
2024-08-18,Marrakech,B,T000421,C1030,F,37,Alimentation,Cereales,170.81,1,10,Especes
2024-08-22,Tanger,B,T000422,C1494,M,20,Alimentation,Cafe,50.99,1,10,Carte
2024-08-16,Agadir,C,T000423,C1544,M,28,Vetements,Chaussures,459.91,2,0,Carte
2024-08-16,Marrakech,D,T000424,C1101,F,,Vetements,T-shirt,713.5,1,0,En ligne
2024-06-27,Rabat,C,T000425,C1156,F,23,Vetements,Jean,627.66,1,5,Carte
2024-09-16,Casablanca,C,T000426,C1470,M,36,Alimentation,Cereales,214.86,1,5,Especes
2024-10-14,Rabat,C,T000427,C1548,M,41,Maison,Coussin,1268.36,1,0,Especes
2024-12-02,Fes,A,T000428,C1267,M,30,Alimentation,Riz,209.48,1,0,Especes
2024-07-11,Marrakech,E,T000429,C1142,M,51,Vetements,Sweat,436.11,1,0,Especes
2024-08-31,Tanger,E,T000430,C1618,F,53,Electronique,Tablette,2980.6,1,10,Especes
2024-05-26,Agadir,C,T000431,C1143,,25,Sports,Ballon,609.93,2,0,Carte
2024-09-12,Marrakech,C,T000432,C1267,M,36,Alimentation,Riz,155.88,3,0,En ligne
2024-03-25,Marrakech,B,T000433,C1272,F,32,Electronique,Souris,2973.95,2,,Especes
2024-11-06,Fes,A,T000434,C1413,F,,Alimentation,Cafe,129.7,2,0,Carte
2024-09-16,Marrakech,B,T000435,C1451,M,25,Sports,Tapis Yoga,1734.83,2,10,En ligne
2024-05-11,Marrakech,C,T000436,C1601,M,33,Electronique,Ecouteurs,337.93,1,15,En ligne
2024-01-02,Tanger,E,T000437,C1306,M,43,Electronique,Tablette,1799.7,1,0,En ligne
2024-01-13,Tanger,D,T000438,C1485,F,36,Electronique,Ecouteurs,3308.5,1,5,En ligne
2024-02-13,Agadir,E,T000439,C1344,M,33,Beaute,Creme,418,2,15,Carte
2024-10-09,Fes,D,T000440,C1001,M,33,Maison,Chaise,701.82,1,10,Especes
2024-08-18,Rabat,B,T000441,C1690,F,39,Maison,Table,214.66,1,0,En ligne
2024-12-12,Casablanca,A,T000442,C1663,F,29,Vetements,Veste,153.39,1,0,En ligne
2024-04-24,Agadir,B,T000443,C1145,F,29,Alimentation,The,13.4,2,5,Especes
2024-06-30,Casablanca,B,T000444,C1529,F,43,Sports,Tapis Yoga,1216.89,1,10,Carte
2024-02-09,Agadir,A,T000445,C1148,F,29,Electronique,Ecouteurs,2591.41,3,5,En ligne
2024-06-17,Rabat,A,T000446,C1190,F,33,Vetements,Jean,656.08,1,0,Especes
2024-08-10,Fes,A,T000447,C1005,M,30,Beaute,Shampooing,155.85,1,0,Especes
2024-07-23,Agadir,D,T000448,C1692,F,34,Sports,Velo appartement,305.47,2,0,CB
2024-12-14,Agadir,B,T000449,C1128,F,37,Alimentation,Huile,145.47,1,0,Especes
2024-05-22,Agadir,A,T000450,C1308,M,38,Maison,Coussin,373.77,2,0,Especes
2024-01-08,Rabat,E,T000451,C1657,M,,Alimentation,The,50.94,1,5,En ligne
2024-05-01,Casablanca,C,T000452,C1144,F,41,Electronique,Souris,1950.66,2,10,Carte
2024-09-08,Fes,D,T000453,C1440,F,16,Alimentation,Pates,154.44,4,0,En-ligne
2024-03-17,Marrakech,C,T000454,C1449,M,26,Sports,Tapis Yoga,200.31,2,0,Especes
2024-02-21,Fes,B,T000455,C1130,M,18,Alimentation,Huile,113.76,2,15,Carte
2024-05-26,Rabat,D,T000456,C1156,F,49,Vetements,Robe,700.38,1,15,Carte
2024-07-30,Rabat,B,T000457,C1321,M,49,Maison,Table,1255.76,2,0,Especes
2024-12-20,Fes,B,T000458,C1267,M,38,Alimentation,Pates,17.88,1,0,Especes
2024-08-23,Casablanca,A,T000459,C1117,F,56,Maison,Tapis,989.79,1,5,Especes
2024-09-14,Rabat,B,T000460,C1259,F,35,Maison,Coussin,713.14,1,5,Especes
2024-12-20,Rabat,C,T000461,C1291,M,42,Alimentation,Cereales,62.11,2,5,Especes
2024-11-03,Marrakech,D,T000462,C1354,F,44,Electronique,Ecouteurs,760.59,3,5,Especes
2024-06-17,Fes,A,T000463,C1144,F,27,Vetements,Veste,532.51,2,5,Especes
2024-02-18,Casablanca,E,T000464,C1648,F,37,Maison,Chaise,168.33,1,0,Especes
2024-09-23,Casablanca,B,T000465,C1131,F,51,Vetements,Chaussures,399.27,4,0,Carte
2024-05-10,Marrakech,C,T000466,C1465,M,27,Alimentation,Huile,164.21,1,0,Carte
2024-12-20,Fes,D,T000467,C1458,F,44,Alimentation,Huile,191.31,1,0,En ligne
2024-12-05,Agadir,C,T000468,C1568,M,39,Maison,Tapis,621.62,1,0,Especes
2024-05-31,Marrakech,C,T000469,C1139,F,36,Vetements,Veste,650.6,1,0,Especes
2024-07-29,Marrakech,A,T000470,C1400,F,31,Vetements,Chaussures,593.39,1,0,Especes
2024-01-12,Marrakech,C,T000471,C1135,M,58,Sports,Raquette,1128.52,1,10,Carte
2024-11-25,Tanger,E,T000472,C1271,F,27,Beaute,Creme,550.43,1,0,En ligne
2024-05-31,Casablanca,C,T000473,C1519,F,37,Electronique,Casque,1391.1,2,10,Especes
2024-01-30,Marrakech,E,T000474,C1337,F,41,Vetements,Chaussures,803.19,1,5,Especes
2024-08-04,Fes,D,T000475,C1606,M,45,Maison,Coussin,1112.5,1,10,Especes
2024-04-22,Casablanca,C,T000476,C1064,F,32,Maison,Tapis,1094.55,2,0,En ligne
2024-10-01,Agadir,D,T000477,C1563,M,30,Alimentation,The,103,1,0,carte
2024-09-30,Casablanca,C,T000478,C1492,M,41,Vetements,Chaussures,346.25,1,10,Carte
2024-04-09,Casablanca,B,T000479,C1554,F,42,Sports,Ballon,637.92,1,0,En ligne
2024-12-30,Casablanca,D,T000480,C1294,M,26,Vetements,T-shirt,177.79,2,5,Especes
2024-10-23,Tanger,A,T000481,C1309,,30,Beaute,Shampooing,230.33,2,5,Especes
2024-12-20,Tanger,A,T000482,C1008,F,41,Alimentation,Cafe,21.12,1,0,Especes
2024-10-19,Casablanca,A,T000483,C1011,F,37,Alimentation,Pates,17.21,1,5,En ligne
2024-03-21,Marrakech,B,T000484,C1013,F,28,Vetements,T-shirt,414.97,3,0,En ligne
2024-02-27,Agadir,E,T000485,C1100,F,47,Alimentation,Cafe,122.87,2,10,Carte
2024-11-25,Fes,E,T000486,C1226,,40,Sports,Tapis Yoga,1686.71,1,0,Especes
2024-06-11,Tanger,D,T000487,C1522,M,26,Beaute,Maquillage,444.86,2,0,Carte
2024-12-24,Marrakech,C,T000488,C1585,F,20,Maison,Miroir,428.51,2,0,Carte
2024-09-07,Rabat,D,T000489,C1041,M,56,Sports,Velo appartement,1227.55,2,0,Carte
2024-01-24,Marrakech,A,T000490,C1539,M,33,Vetements,Sweat,438.66,1,15,En ligne
2024-03-06,Marrakech,C,T000491,C1481,,48,Maison,Miroir,715.34,1,0,En ligne
2024-09-03,Tanger,E,T000492,C1663,F,27,Maison,Chaise,69.94,2,10,Especes
2024-01-16,Marrakech,E,T000493,C1507,M,36,Alimentation,Pates,187.83,1,0,Especes
2024-12-02,Fes,D,T000494,C1124,F,31,Alimentation,Cereales,108.43,1,0,Especes
2024-09-14,Fes,E,T000495,C1493,M,32,Vetements,Sweat,265.68,2,10,En ligne
2024-10-16,Agadir,B,T000496,C1116,F,36,Vetements,Veste,465.38,2,0,Especes
2024-11-11,Casablanca,D,T000497,C1512,F,40,Alimentation,Riz,73.69,1,10,En-ligne
2024-02-23,Rabat,D,T000498,C1474,F,43,Sports,Ballon,1266.49,2,0,Especes
2024-05-07,Fes,B,T000499,C1025,M,24,Alimentation,Huile,179.84,2,0,En ligne
2024-06-22,Agadir,E,T000500,C1178,M,26,Vetements,Chaussures,723.72,1,0,En ligne
2024-06-30,Casablanca,B,T000501,C1442,F,32,Alimentation,Pates,111.6,1,0,En ligne
2024-12-02,Fes,D,T000502,C1642,M,27,Vetements,T-shirt,383.37,3,0,Carte
2024-04-21,Rabat,C,T000503,C1493,M,33,Sports,Tapis Yoga,967.53,1,5,Especes
2024-05-31,Agadir,B,T000504,C1054,F,40,Alimentation,Cafe,84.67,1,0,Carte
2024-01-18,Agadir,D,T000505,C1668,F,29,Maison,Lampe,116.22,1,10,Especes
2024-08-30,Agadir,E,T000506,C1417,M,44,Electronique,Clavier,1851.86,1,0,Especes
2024-06-06,Marrakech,A,T000507,C1642,M,44,Vetements,Veste,740,1,5,En ligne
2024-11-18,Tanger,A,T000508,C1085,M,41,Alimentation,Huile,161.48,1,0,carte
2024-11-05,Agadir,E,T000509,C1396,F,37,Electronique,Casque,210.61,1,0,Carte
2024-10-07,Casablanca,A,T000510,C1235,F,36,Maison,Table,426.23,2,0,En ligne
2024-03-28,Fes,D,T000511,C1616,F,33,Vetements,Jean,881.82,1,0,Especes
2024-01-03,Casablanca,B,T000512,C1121,M,25,Vetements,Robe,864.23,2,0,Carte
2024-08-10,Rabat,E,T000513,C1637,F,44,Vetements,T-shirt,827.77,2,5,Carte
2024-04-27,Casablanca,A,T000514,C1676,M,41,Sports,Velo appartement,1447.07,1,10,Carte
2024-06-12,Marrakech,E,T000515,C1286,M,28,Beaute,Shampooing,636.26,2,5,Especes
2024-05-03,Marrakech,B,T000516,C1649,F,35,Sports,Tapis Yoga,1427.82,1,10,En ligne
2024-10-14,Fes,C,T000517,C1462,F,46,Maison,Tapis,844.17,1,0,En ligne
2024-01-31,Fes,A,T000518,C1068,M,42,Beaute,Maquillage,73.71,3,10,En ligne
2024-04-29,Marrakech,E,T000519,C1322,F,44,Alimentation,Cereales,90.64,2,0,Especes
2024-04-03,Tanger,B,T000520,C1394,M,23,Sports,Raquette,635.41,2,0,Especes
2024-02-18,Fes,B,T000521,C1165,F,41,Vetements,Chaussures,387.52,1,10,En ligne
2024-11-08,Tanger,C,T000522,C1095,M,,Sports,Tapis Yoga,1053.87,1,5,En ligne
2024-10-01,Rabat,E,T000523,C1076,M,35,Electronique,Smartphone,3416.78,2,10,Carte
2024-04-06,Fes,E,T000524,C1129,M,33,Alimentation,Cereales,45.54,2,15,Carte
2024-01-16,Tanger,B,T000525,C1524,M,52,Maison,Miroir,164.55,2,10,Especes
2024-10-10,Rabat,C,T000526,C1227,F,51,Alimentation,Riz,84.13,1,,Carte
2024-05-07,Agadir,A,T000527,C1316,F,51,Alimentation,The,108.76,2,0,En ligne
2024-06-20,Marrakech,B,T000528,C1582,M,42,Sports,Chaussures Running,881.54,1,10,Especes
2024-10-20,Agadir,B,T000529,C1420,F,34,Alimentation,The,34.73,1,10,Carte
2024-03-26,Fes,E,T000530,C1221,F,45,Maison,Lampe,877.77,1,0,Especes
2024-09-04,Marrakech,B,T000531,C1015,M,25,Electronique,Tablette,1102.53,1,0,Carte
2024-02-29,Agadir,E,T000532,C1499,,48,Alimentation,The,80.95,1,0,En ligne
2024-08-21,Agadir,C,T000533,C1486,M,24,Vetements,Chaussures,606.45,1,10,En ligne
2024-07-23,Agadir,D,T000534,C1288,F,27,Alimentation,Riz,192.96,1,5,Carte
2024-01-19,Tanger,C,T000535,C1384,M,31,Alimentation,The,141.8,2,0,En ligne
2024-03-23,Tanger,C,T000536,C1584,M,32,Vetements,Veste,283.73,2,0,En-ligne
2024-07-30,Fes,B,T000537,C1323,F,32,Beaute,Parfum,295.55,1,10,Especes
2024-06-14,Marrakech,C,T000538,C1566,,30,Maison,Chaise,260.56,2,0,Carte
2024-09-13,Tanger,C,T000539,C1549,F,24,Sports,Raquette,212.24,1,0,En ligne
2024-09-13,Fes,D,T000540,C1637,M,37,Vetements,Chaussures,211.91,2,0,Especes
2024-05-12,Agadir,E,T000541,C1147,F,32,Maison,Table,299.21,1,15,Carte
2024-06-09,Casablanca,C,T000542,C1227,M,35,Beaute,Creme,208.62,2,0,Carte
2024-07-14,Casablanca,E,T000543,C1531,,20,Beaute,Creme,443.85,3,5,Carte
2024-08-30,Tanger,C,T000544,C1170,M,35,Beaute,Shampooing,62.07,1,0,Especes
2024-04-08,Tanger,A,T000545,C1498,F,40,Electronique,Clavier,1566.66,1,0,carte
2024-08-26,Marrakech,E,T000546,C1036,M,37,Electronique,Smartphone,3169.78,2,0,carte
2024-01-21,Rabat,C,T000547,C1693,M,44,Maison,Table,779.02,1,0,Carte
2024-03-24,Fes,E,T000548,C1508,M,26,Alimentation,Pates,200.56,3,0,Carte
2024-11-28,Casablanca,E,T000549,C1450,M,43,Electronique,Casque,1543.43,2,15,Especes
2024-04-19,Marrakech,B,T000550,C1674,M,28,Maison,Table,1270.88,1,0,Carte
2024-11-06,Fes,D,T000551,C1642,F,38,Maison,Lampe,1224.16,1,5,Especes
2024-10-04,Agadir,B,T000552,C1321,F,20,Vetements,Sweat,567.09,4,,Carte
2024-11-25,Tanger,C,T000553,C1179,F,42,Alimentation,Huile,135.1,1,5,En ligne
2024-03-28,Tanger,B,T000554,C1208,M,36,Beaute,Creme,354.54,2,0,Especes
2024-08-28,Tanger,A,T000555,C1655,,37,Electronique,Smartphone,644.8,1,0,En ligne
2024-05-25,Casablanca,B,T000556,C1277,F,35,Alimentation,Cereales,81.33,1,0,Especes
2024-01-20,Marrakech,C,T000557,C1638,M,39,Alimentation,Cafe,97.28,2,10,En ligne
2024-08-05,Agadir,C,T000558,C1670,F,36,Maison,Coussin,734.54,2,10,Carte
2024-10-06,Rabat,E,T000559,C1193,F,61,Vetements,Chaussures,389.61,1,10,CB
2024-06-01,Fes,C,T000560,C1488,F,36,Maison,Miroir,206.19,1,10,En ligne
2024-02-18,Marrakech,C,T000561,C1674,M,41,Vetements,Chaussures,537.85,2,0,Especes
2024-09-06,Rabat,D,T000562,C1499,M,24,Vetements,Jean,678.65,1,10,Especes
2024-12-27,Fes,B,T000563,C1066,F,29,Sports,Halteres,1350.26,2,0,Carte
2024-08-06,Agadir,E,T000564,C1257,F,40,Sports,Chaussures Running,1127.13,1,10,En-ligne
2024-01-17,Rabat,D,T000565,C1632,M,27,Maison,Table,728.78,2,0,Carte
2024-05-28,Rabat,C,T000566,C1648,M,25,Beaute,Parfum,109.09,1,0,Especes
2024-08-27,Casablanca,A,T000567,C1487,M,20,Alimentation,Pates,137.34,1,15,En ligne
2024-08-25,Casablanca,A,T000568,C1265,M,22,Alimentation,Huile,195.04,1,10,Carte
2024-02-20,Rabat,D,T000569,C1098,F,28,Alimentation,Riz,85.67,1,0,Especes
2024-10-01,Fes,A,T000570,C1086,F,35,Beaute,Shampooing,102.38,1,0,En ligne
2024-04-03,Fes,B,T000571,C1507,F,35,Alimentation,Cereales,15.37,2,0,Especes
2024-07-15,Tanger,A,T000572,C1664,M,19,Alimentation,The,65.08,1,,Especes
2024-10-13,Agadir,D,T000573,C1453,M,45,Maison,Table,1129.38,2,0,Carte
2024-03-07,Tanger,C,T000574,C1128,F,29,Maison,Tapis,491.71,1,0,En ligne
2024-04-05,Tanger,C,T000575,C1553,M,23,Vetements,Sweat,616.36,2,0,Carte
2024-03-11,Fes,B,T000576,C1467,M,36,Vetements,Veste,280.51,1,0,En ligne
2024-08-06,Marrakech,C,T000577,C1017,F,39,Beaute,Maquillage,67.12,1,0,En ligne
2024-06-28,Casablanca,B,T000578,C1438,M,40,Vetements,T-shirt,463.42,3,5,Especes
2024-03-30,Agadir,D,T000579,C1609,M,48,Vetements,Sweat,298.68,2,0,Carte
2024-08-27,Agadir,D,T000580,C1428,F,32,Electronique,Clavier,1318.7,1,0,En ligne
2024-08-05,Fes,E,T000581,C1141,F,39,Electronique,Clavier,583.81,2,0,Especes
2024-04-09,Rabat,B,T000582,C1103,F,34,Electronique,Clavier,2102.74,1,0,En ligne
2024-02-12,Fes,B,T000583,C1085,F,30,Vetements,Jean,685.78,2,5,Especes
2024-05-07,Agadir,B,T000584,C1113,M,33,Sports,Chaussures Running,1628.97,1,,Carte
2024-09-15,Fes,B,T000585,C1433,F,24,Sports,Velo appartement,1441.13,1,0,Especes
2024-10-21,Agadir,C,T000586,C1132,F,28,Sports,Tapis Yoga,1528.41,2,5,Especes
2024-01-11,Casablanca,E,T000587,C1594,M,49,Electronique,Souris,2785.87,2,10,Especes
2024-02-16,Marrakech,B,T000588,C1009,F,32,Alimentation,Pates,200.33,1,0,Especes
2024-04-30,Casablanca,C,T000589,C1629,F,32,Beaute,Parfum,63.9,2,5,En ligne
2024-11-20,Casablanca,A,T000590,C1077,F,31,Sports,Halteres,388.32,1,0,Carte
2024-05-31,Fes,C,T000591,C1426,M,,Maison,Table,908.02,2,15,Especes
2024-05-17,Agadir,C,T000592,C1223,M,39,Beaute,Shampooing,621.45,1,5,En-ligne
2024-02-25,Agadir,C,T000593,C1054,F,55,Vetements,Veste,485.49,2,0,En ligne
2024-11-07,Agadir,E,T000594,C1544,M,45,Alimentation,The,92.73,1,5,Carte
2024-06-03,Fes,C,T000595,C1006,F,33,Alimentation,Cafe,116.09,2,0,En ligne
2024-04-10,Marrakech,C,T000596,C1331,F,36,Beaute,Serum,45.17,1,5,Especes
2024-07-04,Marrakech,B,T000597,C1568,M,38,Sports,Ballon,1331.65,1,5,Especes
2024-10-02,Agadir,C,T000598,C1318,M,34,Alimentation,Pates,200.41,2,5,Especes
2024-08-06,Tanger,A,T000599,C1570,,29,Alimentation,Cereales,94.99,1,10,Especes
2024-09-05,Marrakech,B,T000600,C1394,F,35,Sports,Tapis Yoga,904.36,1,0,Especes
2024-08-28,Rabat,E,T000601,C1116,M,28,Electronique,Smartphone,1199.2,2,0,En ligne
2024-09-30,Tanger,E,T000602,C1128,F,27,Beaute,Maquillage,245.25,1,10,Carte
2024-04-19,Marrakech,A,T000603,C1555,F,23,Sports,Halteres,910.51,1,0,Carte
2024-05-21,Fes,B,T000604,C1600,F,23,Alimentation,Cafe,36.28,1,0,Carte
2024-08-31,Agadir,B,T000605,C1147,F,48,Maison,Lampe,808.39,1,0,En ligne
2024-01-20,Casablanca,B,T000606,C1189,M,31,Alimentation,Cereales,89.35,2,0,Carte
2024-07-01,Fes,B,T000607,C1289,F,17,Vetements,Chaussures,323.32,2,0,En ligne
2024-10-01,Marrakech,E,T000608,C1118,F,28,Alimentation,Huile,189.74,3,10,Especes
2024-02-29,Casablanca,B,T000609,C1414,M,51,Electronique,Smartphone,945.5,1,0,En ligne
2024-08-07,Marrakech,C,T000610,C1357,F,46,Electronique,Clavier,1982.48,2,0,Carte
2024-04-15,Marrakech,B,T000611,C1621,F,29,Maison,Tapis,341.99,1,15,Especes
2024-12-10,Agadir,D,T000612,C1650,M,62,Alimentation,Cafe,117.61,1,0,Especes
2024-02-24,Fes,C,T000613,C1169,M,37,Vetements,Veste,155.42,1,0,Especes
2024-09-28,Agadir,D,T000614,C1295,M,38,Alimentation,Cereales,99.04,1,0,En ligne
2024-01-01,Marrakech,D,T000615,C1605,F,20,Electronique,Souris,571.44,1,0,Carte
2024-01-22,Fes,D,T000616,C1367,F,47,Alimentation,The,74.35,1,0,Carte
2024-11-27,Agadir,A,T000617,C1415,F,28,Beaute,Savon,583.22,2,10,En-ligne
2024-06-04,Tanger,D,T000618,C1200,M,49,Beaute,Creme,227.08,1,0,Carte
2024-12-07,Agadir,D,T000619,C1267,F,21,Beaute,Savon,582.83,1,0,Carte
2024-04-03,Agadir,B,T000620,C1535,F,54,Maison,Coussin,434.15,1,5,Especes
2024-06-23,Agadir,D,T000621,C1571,M,30,Sports,Halteres,521.3,1,0,Carte
2024-02-27,Agadir,B,T000622,C1395,M,22,Electronique,Casque,2959.89,1,0,CB
2024-07-06,Marrakech,B,T000623,C1646,M,22,Beaute,Serum,590.79,1,0,Especes
2024-07-04,Rabat,B,T000624,C1296,M,23,Vetements,Veste,510.15,1,10,En ligne
2024-04-28,Agadir,D,T000625,C1158,M,24,Alimentation,The,162.78,3,10,En ligne
2024-06-16,Marrakech,D,T000626,C1051,F,31,Sports,Chaussures Running,825.89,1,5,CB
2024-12-19,Fes,D,T000627,C1321,F,41,Alimentation,The,56.1,1,10,Especes
2024-07-16,Casablanca,C,T000628,C1529,M,49,Beaute,Shampooing,354.81,1,10,Especes
2024-04-17,Marrakech,A,T000629,C1142,M,24,Alimentation,Cafe,191.02,1,10,Especes
2024-12-22,Casablanca,A,T000630,C1574,F,52,Electronique,Souris,2865.31,1,15,Carte
2024-09-17,Marrakech,D,T000631,C1555,M,41,Alimentation,Cafe,15.76,1,15,Especes
2024-03-14,Rabat,E,T000632,C1208,M,47,Alimentation,The,36.15,1,0,En ligne
2024-11-23,Fes,C,T000633,C1657,M,40,Sports,Ballon,636.49,2,10,En ligne
2024-09-26,Fes,A,T000634,C1248,M,43,Beaute,Shampooing,115.09,2,5,Carte
2024-12-05,Casablanca,C,T000635,C1039,M,43,Electronique,Clavier,1499.7,1,10,En ligne
2024-11-05,Agadir,D,T000636,C1024,M,29,Alimentation,Huile,64.99,1,0,En ligne
2024-07-06,Casablanca,C,T000637,C1627,F,23,Maison,Lampe,1016.75,1,0,Especes
2024-07-21,Fes,D,T000638,C1272,M,21,Electronique,Ecouteurs,1268.17,1,5,carte
2024-10-22,Tanger,E,T000639,C1514,F,44,Electronique,Souris,1372.72,1,5,Especes
2024-10-03,Marrakech,B,T000640,C1526,F,29,Vetements,Jean,467.3,1,10,Carte
2024-12-26,Tanger,A,T000641,C1302,F,31,Alimentation,The,135.72,1,0,En ligne
2024-11-01,Casablanca,A,T000642,C1328,,51,Electronique,Tablette,3443.02,2,0,En ligne
2024-07-27,Rabat,D,T000643,C1690,M,33,Beaute,Serum,572.72,1,5,Especes
2024-12-26,Fes,E,T000644,C1141,M,50,Vetements,Jean,443.55,2,0,En ligne
2024-09-08,Agadir,C,T000645,C1591,F,37,Maison,Tapis,335.28,3,10,En ligne
2024-05-24,Tanger,E,T000646,C1652,F,29,Vetements,T-shirt,353.35,2,15,En ligne
2024-03-14,Marrakech,B,T000647,C1326,M,42,Vetements,Chaussures,232.13,2,0,Carte
2024-11-02,Agadir,A,T000648,C1583,F,27,Electronique,Smartphone,2602.09,1,15,Carte
2024-10-01,Casablanca,B,T000649,C1271,F,42,Sports,Halteres,1634.45,1,0,En ligne
2024-01-03,Casablanca,E,T000650,C1073,F,37,Alimentation,Huile,48.6,1,5,Especes
2024-02-11,Rabat,E,T000651,C1343,M,35,Vetements,Sweat,295.96,3,5,En ligne
2024-11-05,Rabat,E,T000652,C1047,F,37,Vetements,T-shirt,698.87,1,0,Carte
2024-02-08,Fes,C,T000653,C1675,M,50,Vetements,T-shirt,345.14,2,0,Especes
2024-03-01,Casablanca,A,T000654,C1437,F,55,Maison,Miroir,1263.83,2,15,Especes
2024-05-17,Fes,D,T000655,C1470,M,30,Sports,Chaussures Running,124.35,1,15,Carte
2024-07-19,Casablanca,C,T000656,C1487,F,44,Maison,Tapis,438.69,1,5,Especes
2024-01-02,Casablanca,D,T000657,C1147,F,39,Alimentation,Cafe,69.05,2,0,Especes
2024-01-28,Casablanca,C,T000658,C1038,F,41,Electronique,Ecouteurs,1063.17,2,0,En ligne
2024-02-02,Fes,E,T000659,C1690,M,29,Sports,Raquette,1156.32,2,0,En ligne
2024-02-28,Marrakech,B,T000660,C1221,M,34,Alimentation,Cafe,47.13,2,0,Carte
2024-08-07,Tanger,B,T000661,C1070,F,37,Alimentation,Huile,158.8,3,0,En-ligne
2024-05-06,Tanger,D,T000662,C1690,M,36,Beaute,Serum,397.99,1,0,Carte
2024-05-29,Agadir,D,T000663,C1501,F,36,Sports,Ballon,452.95,2,15,En ligne
2024-04-30,Rabat,E,T000664,C1272,M,27,Maison,Tapis,395.41,1,0,Carte
2024-08-23,Casablanca,E,T000665,C1061,F,25,Maison,Table,797.73,1,0,carte
2024-09-16,Casablanca,C,T000666,C1658,M,46,Alimentation,Pates,22.24,1,0,En ligne
2024-05-02,Rabat,D,T000667,C1354,F,37,Beaute,Savon,264.59,3,0,Carte
2024-07-03,Marrakech,C,T000668,C1402,F,26,Alimentation,Cafe,207.52,1,10,Carte
2024-03-26,Rabat,B,T000669,C1510,F,23,Sports,Chaussures Running,1484.27,3,0,Carte
2024-01-18,Rabat,E,T000670,C1450,F,48,Vetements,Sweat,747.13,1,0,Especes
2024-07-24,Rabat,D,T000671,C1693,M,51,Alimentation,Huile,110.39,2,0,Carte
2024-09-14,Casablanca,C,T000672,C1356,M,33,Electronique,Clavier,2709.99,3,0,Carte
2024-10-04,Marrakech,E,T000673,C1355,F,33,Alimentation,Huile,32.21,3,10,Especes
2024-08-14,Marrakech,D,T000674,C1280,F,46,Maison,Coussin,1297.08,1,10,Especes
2024-08-11,Marrakech,A,T000675,C1045,F,20,Alimentation,Riz,144.11,1,0,En ligne
2024-08-12,Casablanca,B,T000676,C1418,M,35,Sports,Raquette,1395.79,2,0,Carte
2024-05-28,Fes,A,T000677,C1422,F,21,Alimentation,Pates,179.43,1,0,Carte
2024-09-03,Tanger,C,T000678,C1511,F,26,Electronique,Souris,2320.59,1,0,CB
2024-07-09,Marrakech,D,T000679,C1084,F,37,Maison,Miroir,986.38,1,0,Especes
2024-12-07,Fes,B,T000680,C1505,M,45,Alimentation,Riz,162.45,2,5,En ligne
2024-08-29,Tanger,D,T000681,C1598,F,31,Alimentation,Pates,53.64,1,0,Especes
2024-12-17,Casablanca,A,T000682,C1249,F,37,Maison,Lampe,1393.97,2,5,carte
2024-07-16,Fes,D,T000683,C1170,M,37,Vetements,Sweat,443.32,1,0,Carte
2024-06-25,Casablanca,B,T000684,C1636,F,25,Sports,Chaussures Running,544.1,1,5,Especes
2024-06-17,Rabat,A,T000685,C1674,M,16,Maison,Table,231.36,1,0,En ligne
2024-05-29,Casablanca,A,T000686,C1163,M,25,Vetements,Sweat,115.63,1,15,En ligne
2024-01-15,Fes,C,T000687,C1116,M,17,Vetements,T-shirt,489.34,1,0,En ligne
2024-10-05,Fes,B,T000688,C1029,F,35,Alimentation,Pates,183.97,1,5,Especes
2024-01-09,Fes,C,T000689,C1467,M,45,Sports,Raquette,96.45,1,0,Especes
2024-01-18,Tanger,B,T000690,C1230,F,55,Vetements,Robe,399.62,1,0,En ligne
2024-07-06,Marrakech,A,T000691,C1409,M,48,Alimentation,Huile,50.1,2,0,Especes
2024-10-13,Casablanca,E,T000692,C1002,M,31,Alimentation,Cafe,66.67,1,0,Especes
2024-12-03,Fes,C,T000693,C1344,F,57,Alimentation,Pates,200.09,1,5,En ligne
2024-05-21,Fes,A,T000694,C1270,M,41,Beaute,Shampooing,428.52,1,0,Carte
2024-07-31,Fes,E,T000695,C1472,F,20,Sports,Halteres,1664.69,1,0,En ligne
2024-08-08,Casablanca,C,T000696,C1431,F,45,Vetements,Jean,312.89,1,0,Especes
2024-12-04,Marrakech,D,T000697,C1394,F,34,Alimentation,Pates,43.26,2,15,Carte
2024-05-02,Agadir,D,T000698,C1558,M,27,Alimentation,Riz,100.2,2,15,Especes
2024-02-19,Fes,C,T000699,C1616,M,25,Beaute,Serum,468.93,1,5,En ligne
2024-05-01,Rabat,C,T000700,C1195,M,24,Alimentation,Cereales,204.23,1,5,carte
2024-01-02,Rabat,D,T000701,C1010,M,38,Beaute,Savon,163.97,2,0,En ligne
2024-03-02,Rabat,A,T000702,C1687,M,20,Alimentation,The,125.44,2,0,carte
2024-08-18,Casablanca,D,T000703,C1070,M,27,Beaute,Savon,502.59,2,0,Especes
2024-09-14,Tanger,D,T000704,C1675,F,34,Beaute,Savon,504.98,1,0,En ligne
2024-06-17,Rabat,D,T000705,C1002,F,38,Beaute,Shampooing,453.11,2,5,Especes
2024-02-05,Fes,B,T000706,C1043,F,38,Maison,Chaise,1272.53,2,10,Carte
2024-05-11,Rabat,A,T000707,C1331,F,44,Alimentation,Pates,130.24,1,0,Especes
2024-09-21,Casablanca,B,T000708,C1467,F,45,Beaute,Savon,81.81,2,0,En-ligne
2024-10-31,Tanger,E,T000709,C1382,F,29,Beaute,Shampooing,224.79,1,5,En ligne
2024-06-23,Casablanca,D,T000710,C1162,F,23,Sports,Velo appartement,671.46,1,0,Carte
2024-11-18,Agadir,E,T000711,C1252,F,27,Vetements,Veste,148.26,3,0,Carte
2024-02-16,Casablanca,E,T000712,C1098,F,16,Maison,Table,686.95,2,0,Carte
2024-11-27,Casablanca,E,T000713,C1603,F,30,Alimentation,Cereales,169.12,2,,En ligne
2024-05-11,Casablanca,D,T000714,C1552,F,39,Vetements,Veste,531.21,1,0,En ligne
2024-09-21,Agadir,E,T000715,C1250,M,27,Sports,Tapis Yoga,245.74,1,0,En ligne
2024-07-06,Tanger,C,T000716,C1416,M,34,Beaute,Savon,124.25,1,0,Especes
2024-05-02,Fes,D,T000717,C1516,F,35,Beaute,Maquillage,162.65,1,5,Carte
2024-11-26,Agadir,A,T000718,C1298,F,30,Alimentation,Riz,80.68,1,0,carte
2024-08-23,Marrakech,B,T000719,C1238,F,41,Alimentation,Cereales,104.35,1,0,Carte
2024-02-14,Rabat,A,T000720,C1094,F,31,Alimentation,Riz,79.9,2,10,En-ligne
2024-06-26,Rabat,E,T000721,C1360,M,30,Beaute,Creme,496.19,1,0,En ligne
2024-02-28,Agadir,B,T000722,C1027,F,36,Alimentation,Cereales,40.99,2,0,Especes
2024-04-07,Rabat,B,T000723,C1046,F,,Alimentation,Pates,48.06,2,15,En ligne
2024-08-10,Fes,C,T000724,C1223,F,45,Vetements,Sweat,680.88,2,0,Carte
2024-08-07,Agadir,E,T000725,C1023,F,22,Alimentation,Riz,35.51,1,0,Especes
2024-04-01,Casablanca,C,T000726,C1098,M,33,Beaute,Maquillage,689.04,2,5,Especes
2024-07-29,Tanger,E,T000727,C1116,F,18,Alimentation,The,20.71,3,0,En-ligne
2024-06-15,Tanger,D,T000728,C1119,F,29,Alimentation,Riz,207.98,1,5,Especes
2024-11-24,Fes,D,T000729,C1445,,48,Beaute,Parfum,139.46,1,5,Especes
2024-06-22,Tanger,D,T000730,C1601,F,41,Vetements,Robe,413.62,1,15,CB
2024-09-24,Casablanca,B,T000731,C1617,M,35,Electronique,Casque,1326.49,2,0,En ligne
2024-01-08,Rabat,A,T000732,C1109,M,37,Alimentation,Cereales,132.87,1,5,En ligne
2024-03-31,Casablanca,A,T000733,C1049,M,39,Alimentation,The,11.04,1,15,Carte
2024-06-15,Tanger,E,T000734,C1447,M,37,Maison,Chaise,684,1,15,En ligne
2024-09-26,Tanger,A,T000735,C1005,F,43,Sports,Raquette,1379.19,1,10,Especes
2024-07-02,Rabat,D,T000736,C1198,F,27,Alimentation,Cereales,138.57,1,15,En ligne
2024-09-30,Tanger,D,T000737,C1454,F,45,Electronique,Tablette,804.76,2,0,Especes
2024-02-16,Fes,A,T000738,C1408,F,41,Alimentation,The,51.76,2,5,Especes
2024-06-14,Agadir,A,T000739,C1405,M,44,Electronique,Ecouteurs,3382.18,2,0,Carte
2024-08-06,Tanger,D,T000740,C1555,F,41,Maison,Table,1244.73,2,0,Especes
2024-05-12,Rabat,E,T000741,C1452,F,27,Vetements,T-shirt,282.87,3,0,En ligne
2024-07-07,Marrakech,B,T000742,C1058,F,43,Alimentation,Cafe,129.39,2,10,Carte
2024-01-09,Rabat,C,T000743,C1249,F,46,Beaute,Savon,426.29,2,0,En ligne
2024-12-01,Casablanca,B,T000744,C1515,M,19,Alimentation,The,217.3,2,0,Especes
2024-12-27,Fes,E,T000745,C1299,F,45,Electronique,Ecouteurs,674.45,1,10,En ligne
2024-12-05,Rabat,E,T000746,C1282,M,32,Maison,Lampe,876.97,1,0,Carte
2024-02-04,Casablanca,C,T000747,C1136,M,21,Maison,Lampe,562.14,1,10,Especes
2024-09-01,Tanger,A,T000748,C1676,F,29,Vetements,Veste,559.62,2,15,En ligne
2024-05-31,Tanger,B,T000749,C1264,M,30,Electronique,Clavier,2406.07,1,5,Carte
2024-11-01,Marrakech,E,T000750,C1310,F,32,Alimentation,Cereales,201.01,1,0,Especes
2024-05-07,Casablanca,A,T000751,C1434,F,44,Beaute,Serum,489.22,1,10,Carte
2024-02-07,Fes,A,T000752,C1347,M,47,Maison,Tapis,198.51,1,0,Especes
2024-07-13,Rabat,D,T000753,C1337,M,42,Maison,Tapis,1253.05,1,5,Carte
2024-01-24,Rabat,A,T000754,C1605,M,48,Alimentation,Cafe,123.09,1,5,Carte
2024-10-10,Fes,D,T000755,C1303,M,35,Alimentation,Huile,94.2,2,10,En ligne
2024-08-12,Fes,B,T000756,C1195,M,23,Alimentation,Cereales,97.9,1,5,Especes
2024-03-12,Tanger,A,T000757,C1105,F,36,Alimentation,Huile,210,1,5,Especes
2024-09-10,Fes,A,T000758,C1505,M,49,Beaute,Savon,106.65,2,0,Especes
2024-07-31,Marrakech,C,T000759,C1659,M,36,Beaute,Savon,628.54,1,5,En ligne
2024-05-06,Rabat,C,T000760,C1312,F,27,Beaute,Serum,72.16,1,5,En ligne
2024-09-11,Rabat,C,T000761,C1339,M,32,Maison,Coussin,379.13,1,10,En ligne
2024-01-13,Rabat,C,T000762,C1092,F,61,Vetements,Robe,862.24,1,0,Carte
2024-11-23,Tanger,C,T000763,C1612,F,38,Maison,Chaise,164.94,2,10,En ligne
2024-08-05,Tanger,B,T000764,C1107,M,39,Alimentation,Cereales,118.34,1,10,Carte
2024-04-18,Rabat,A,T000765,C1334,M,16,Alimentation,Pates,154.59,2,5,En ligne
2024-04-07,Rabat,E,T000766,C1195,,32,Electronique,Casque,2763.53,1,0,En ligne
2024-02-13,Casablanca,D,T000767,C1029,F,39,Alimentation,Riz,51.9,2,5,Carte
2024-08-22,Tanger,A,T000768,C1585,M,39,Vetements,T-shirt,442.25,1,0,Carte
2024-10-17,Casablanca,A,T000769,C1383,M,29,Alimentation,Cereales,131.75,1,,Carte
2024-11-16,Casablanca,D,T000770,C1663,M,18,Alimentation,Riz,151.52,4,0,En ligne
2024-11-22,Rabat,B,T000771,C1133,F,34,Alimentation,Pates,58.45,1,0,carte
2024-08-24,Tanger,B,T000772,C1424,M,35,Maison,Lampe,316.83,2,15,En ligne
2024-06-10,Fes,E,T000773,C1498,M,,Sports,Tapis Yoga,590.52,1,5,Especes
2024-06-08,Agadir,C,T000774,C1090,F,28,Alimentation,Pates,219.92,1,10,Especes
2024-06-09,Marrakech,E,T000775,C1184,M,32,Alimentation,Cereales,145.51,1,10,En ligne
2024-03-08,Fes,A,T000776,C1615,F,16,Alimentation,Cafe,168.65,2,5,En ligne
2024-12-11,Casablanca,A,T000777,C1384,F,34,Vetements,Jean,152.86,2,10,Especes
2024-01-08,Casablanca,C,T000778,C1492,F,22,Electronique,Tablette,1529.38,1,0,Carte
2024-03-08,Fes,A,T000779,C1019,F,39,Alimentation,Huile,196.88,2,10,Especes
2024-12-17,Marrakech,B,T000780,C1524,M,39,Beaute,Savon,586.76,2,15,Especes
2024-04-26,Marrakech,A,T000781,C1255,F,16,Beaute,Parfum,151.01,1,5,En ligne
2024-10-27,Fes,A,T000782,C1676,,33,Maison,Chaise,1314.31,2,15,En ligne
2024-11-19,Marrakech,B,T000783,C1464,M,45,Alimentation,Cereales,198.48,1,0,En ligne
2024-07-18,Fes,E,T000784,C1682,F,46,Vetements,Veste,110.48,1,,Carte
2024-09-01,Fes,C,T000785,C1530,M,26,Sports,Ballon,1677.88,1,5,Carte
2024-08-27,Fes,C,T000786,C1633,F,37,Alimentation,Cereales,212.01,3,10,Carte
2024-04-01,Agadir,D,T000787,C1564,F,42,Sports,Velo appartement,1301.61,4,10,En ligne
2024-12-04,Agadir,C,T000788,C1184,M,44,Vetements,Jean,231.62,3,0,Especes
2024-09-09,Fes,B,T000789,C1172,M,30,Vetements,Chaussures,650.16,1,10,En ligne
2024-05-24,Casablanca,D,T000790,C1287,F,25,Maison,Table,326.24,3,10,Carte
2024-09-15,Fes,C,T000791,C1590,M,35,Beaute,Parfum,414.74,3,10,Carte
2024-03-27,Agadir,C,T000792,C1419,F,29,Maison,Tapis,644.95,1,5,En ligne
2024-07-10,Agadir,A,T000793,C1685,M,23,Sports,Halteres,561.11,2,0,En ligne
2024-10-10,Agadir,D,T000794,C1280,F,29,Alimentation,Riz,65.19,2,,Carte
2024-01-09,Agadir,E,T000795,C1184,F,18,Beaute,Parfum,226.15,1,0,Especes
2024-11-10,Agadir,E,T000796,C1358,F,19,Electronique,Smartphone,1908.13,1,10,Carte
2024-11-21,Agadir,A,T000797,C1009,F,33,Electronique,Smartphone,3034.16,1,0,Especes
2024-11-01,Fes,A,T000798,C1600,F,28,Beaute,Parfum,369.33,2,10,Especes
2024-09-20,Casablanca,E,T000799,C1374,M,55,Alimentation,Riz,196.17,2,0,Carte
2024-08-19,Agadir,C,T000800,C1621,F,27,Beaute,Parfum,499.72,4,0,En ligne
2024-05-21,Marrakech,A,T000801,C1111,F,37,Alimentation,The,36.84,2,0,Carte
2024-01-20,Fes,B,T000802,C1101,F,19,Maison,Miroir,102.58,1,10,Carte
2024-05-19,Tanger,C,T000803,C1240,F,41,Alimentation,Huile,203.07,2,0,Especes
2024-05-04,Rabat,B,T000804,C1156,M,22,Vetements,Chaussures,315.13,2,0,Carte
2024-10-01,Fes,D,T000805,C1454,M,42,Electronique,Clavier,3018.85,1,10,Carte
2024-01-28,Marrakech,A,T000806,C1562,M,18,Alimentation,Cafe,147.91,2,0,Especes
2024-08-08,Fes,D,T000807,C1212,F,33,Alimentation,Cafe,206.74,2,15,En-ligne
2024-01-31,Marrakech,A,T000808,C1583,F,57,Vetements,Chaussures,538.89,2,15,Especes
2024-01-13,Fes,C,T000809,C1450,M,17,Sports,Ballon,1632.82,1,0,Especes
2024-05-09,Tanger,B,T000810,C1441,M,16,Vetements,Veste,365.88,1,15,En ligne
2024-01-11,Agadir,C,T000811,C1423,F,35,Maison,Table,173.57,1,15,Especes
2024-11-03,Tanger,A,T000812,C1564,M,19,Alimentation,Riz,170.45,2,0,Carte
2024-09-13,Casablanca,B,T000813,C1366,F,40,Electronique,Clavier,363.74,1,15,Carte
2024-12-09,Rabat,A,T000814,C1550,F,45,Electronique,Ecouteurs,1305.4,2,5,En ligne
2024-05-04,Rabat,D,T000815,C1541,F,60,Alimentation,Cafe,165.35,1,10,CB
2024-06-11,Agadir,D,T000816,C1212,F,34,Vetements,Sweat,558.8,1,5,En ligne
2024-04-14,Tanger,C,T000817,C1474,F,28,Beaute,Serum,229.03,1,0,Especes
2024-07-25,Fes,A,T000818,C1636,M,35,Electronique,Tablette,429.28,2,10,Carte
2024-06-16,Agadir,B,T000819,C1303,F,46,Alimentation,Pates,29.6,1,0,Carte
2024-09-10,Rabat,D,T000820,C1627,M,45,Vetements,Jean,674.34,2,10,Especes
2024-02-26,Rabat,D,T000821,C1530,F,16,Electronique,Clavier,2490.54,1,0,Especes
2024-05-27,Tanger,A,T000822,C1592,F,45,Alimentation,Cereales,110.76,1,10,En-ligne
2024-04-19,Fes,C,T000823,C1412,M,43,Alimentation,Cafe,147.58,1,0,CB
2024-09-09,Fes,E,T000824,C1229,F,29,Alimentation,Huile,170.41,2,5,En ligne
2024-02-03,Rabat,D,T000825,C1171,F,35,Maison,Coussin,1306.63,1,0,carte
2024-10-14,Fes,B,T000826,C1122,F,42,Vetements,T-shirt,454.89,1,0,Especes
2024-01-28,Marrakech,D,T000827,C1247,F,24,Alimentation,The,97.33,1,0,Especes
2024-12-14,Tanger,B,T000828,C1177,M,43,Maison,Coussin,796.4,1,10,Especes
2024-01-31,Tanger,B,T000829,C1126,F,44,Vetements,Jean,770.07,1,0,Especes
2024-10-18,Rabat,A,T000830,C1326,M,38,Electronique,Ecouteurs,1733.18,1,5,Especes
2024-11-15,Marrakech,E,T000831,C1321,M,33,Vetements,Veste,733.14,3,5,Carte
2024-08-05,Rabat,B,T000832,C1480,M,34,Vetements,T-shirt,694.64,1,0,Especes
2024-09-29,Casablanca,C,T000833,C1551,M,38,Vetements,Chaussures,338.42,2,5,Carte
2024-02-18,Tanger,B,T000834,C1425,M,42,Alimentation,The,13.75,3,0,Especes
2024-01-20,Fes,E,T000835,C1539,F,25,Sports,Velo appartement,456.82,1,0,En ligne
2024-09-17,Rabat,A,T000836,C1206,F,23,Beaute,Shampooing,218.36,2,0,carte
2024-12-26,Marrakech,E,T000837,C1672,F,44,Alimentation,The,107.74,2,0,En ligne
2024-07-18,Agadir,B,T000838,C1529,M,32,Electronique,Casque,577.59,4,0,En-ligne
2024-11-10,Tanger,D,T000839,C1421,M,33,Maison,Table,1366.19,2,0,Especes
2024-07-08,Agadir,C,T000840,C1693,M,36,Alimentation,The,11.49,1,10,Carte
2024-07-03,Casablanca,A,T000841,C1272,M,51,Alimentation,The,136.19,1,10,Especes
2024-04-30,Rabat,B,T000842,C1658,F,40,Sports,Halteres,226.06,2,0,En ligne
2024-06-02,Agadir,D,T000843,C1153,F,40,Electronique,Smartphone,2492.66,1,0,En ligne
2024-07-07,Marrakech,A,T000844,C1159,F,27,Alimentation,Huile,12.07,3,0,Carte
2024-11-05,Tanger,B,T000845,C1474,M,36,Beaute,Creme,648.9,3,10,Especes
2024-01-28,Agadir,E,T000846,C1271,M,16,Alimentation,The,175.15,1,10,Carte
2024-08-04,Tanger,C,T000847,C1411,F,44,Vetements,Veste,691.98,1,5,Carte
2024-09-01,Fes,A,T000848,C1502,F,43,Alimentation,Huile,41.34,1,10,Carte
2024-02-13,Agadir,B,T000849,C1496,M,43,Maison,Table,184.46,1,10,Especes
2024-11-26,Casablanca,A,T000850,C1231,F,16,Beaute,Serum,177.98,1,0,En ligne
2024-01-31,Rabat,E,T000851,C1090,M,33,Alimentation,Cereales,154.02,2,5,En ligne
2024-03-30,Agadir,E,T000852,C1594,M,26,Electronique,Tablette,1072.28,1,0,En ligne
2024-12-23,Casablanca,D,T000853,C1162,M,62,Electronique,Smartphone,1535.33,1,0,Carte
2024-11-29,Agadir,A,T000854,C1021,M,50,Sports,Chaussures Running,949.3,1,5,En ligne
2024-03-06,Marrakech,C,T000855,C1498,F,40,Sports,Ballon,688.82,3,10,Especes
2024-05-22,Marrakech,A,T000856,C1078,F,33,Maison,Coussin,1133.39,2,0,En ligne
2024-07-12,Rabat,B,T000857,C1185,,40,Alimentation,Cafe,42.06,2,,Carte
2024-06-14,Marrakech,B,T000858,C1119,M,38,Beaute,Maquillage,563.99,1,0,Carte
2024-10-21,Rabat,C,T000859,C1275,M,28,Alimentation,Pates,157.07,1,0,Carte
2024-10-19,Tanger,E,T000860,C1176,F,,Alimentation,Pates,96.25,1,0,Carte
2024-11-20,Marrakech,D,T000861,C1534,M,16,Vetements,Robe,876.76,2,0,Especes
2024-02-21,Agadir,B,T000862,C1550,F,51,Sports,Ballon,80.32,2,5,Especes
2024-10-23,Rabat,D,T000863,C1177,M,52,Beaute,Serum,515.36,1,10,En-ligne
2024-10-19,Marrakech,B,T000864,C1558,F,28,Sports,Ballon,1299.62,2,10,Carte
2024-09-21,Tanger,E,T000865,C1468,F,40,Maison,Lampe,286.98,2,0,Especes
2024-12-30,Fes,A,T000866,C1308,F,21,Maison,Miroir,936.7,1,0,En ligne
2024-11-06,Fes,C,T000867,C1661,F,49,Alimentation,Pates,162.29,1,10,Carte
2024-04-04,Rabat,B,T000868,C1362,F,61,Alimentation,Huile,159.96,1,0,En-ligne
2024-11-13,Rabat,C,T000869,C1404,F,16,Electronique,Casque,2994.22,1,0,Especes
2024-03-09,Rabat,E,T000870,C1202,F,39,Alimentation,Riz,117.57,2,5,En ligne
2024-09-22,Casablanca,E,T000871,C1530,F,39,Sports,Chaussures Running,1036.52,1,0,En ligne
2024-08-09,Agadir,A,T000872,C1272,M,30,Maison,Miroir,507.47,1,5,En ligne
2024-05-17,Casablanca,D,T000873,C1663,F,35,Electronique,Casque,524.97,1,15,En ligne
2024-07-17,Tanger,D,T000874,C1624,F,,Sports,Halteres,318.96,1,10,Especes
2024-03-05,Agadir,E,T000875,C1461,M,36,Sports,Chaussures Running,1651.27,2,,Especes
2024-05-23,Tanger,B,T000876,C1395,F,51,Maison,Lampe,347.67,3,15,Especes
2024-06-20,Agadir,D,T000877,C1130,M,41,Sports,Tapis Yoga,1393.39,1,0,Especes
2024-01-06,Rabat,B,T000878,C1034,F,35,Beaute,Creme,541.36,2,0,Carte
2024-12-18,Agadir,B,T000879,C1220,F,16,Maison,Coussin,945.84,1,0,En ligne
2024-08-25,Marrakech,B,T000880,C1232,F,41,Maison,Miroir,644.13,2,10,Carte
2024-11-26,Tanger,D,T000881,C1371,M,41,Sports,Chaussures Running,1650.28,2,0,CB
2024-01-25,Marrakech,B,T000882,C1141,F,,Vetements,Robe,710.24,1,0,En-ligne
2024-09-20,Rabat,E,T000883,C1072,F,32,Maison,Table,996.41,4,15,Carte
2024-10-29,Tanger,D,T000884,C1202,M,42,Vetements,Robe,245.71,1,10,En ligne
2024-08-06,Marrakech,D,T000885,C1046,F,56,Vetements,Sweat,721.09,4,5,En ligne
2024-05-13,Marrakech,D,T000886,C1197,M,23,Maison,Tapis,998.71,2,15,En ligne
2024-10-20,Tanger,C,T000887,C1293,M,37,Alimentation,Cafe,85.73,3,10,Especes
2024-08-18,Casablanca,C,T000888,C1289,M,,Alimentation,The,204.41,2,15,Especes
2024-11-09,Marrakech,B,T000889,C1639,F,44,Electronique,Tablette,2542.78,2,,carte
2024-06-07,Tanger,C,T000890,C1164,,32,Maison,Tapis,1068.9,1,0,En ligne
2024-03-22,Rabat,B,T000891,C1477,M,20,Alimentation,Riz,191.97,1,0,Especes
2024-06-11,Tanger,D,T000892,C1432,F,46,Sports,Halteres,1540.02,1,0,CB
2024-04-05,Agadir,A,T000893,C1580,M,21,Alimentation,Cereales,102.61,1,0,Especes
2024-04-01,Casablanca,B,T000894,C1423,F,29,Alimentation,Pates,64.21,1,15,CB
2024-11-07,Tanger,D,T000895,C1293,F,37,Vetements,Chaussures,192.74,1,0,Carte
2024-06-28,Marrakech,D,T000896,C1251,M,42,Electronique,Ecouteurs,2741.48,2,5,En ligne
2024-02-19,Fes,C,T000897,C1379,F,46,Sports,Tapis Yoga,466.33,2,10,Especes
2024-05-11,Casablanca,C,T000898,C1517,M,30,Electronique,Souris,2759.98,1,0,Especes
2024-03-02,Tanger,B,T000899,C1296,,52,Alimentation,Cafe,27.86,1,10,En ligne
2024-10-31,Tanger,A,T000900,C1086,F,,Sports,Chaussures Running,1380.49,1,15,Especes
2024-07-05,Tanger,C,T000901,C1264,M,34,Electronique,Clavier,2278.11,1,10,En ligne
2024-07-27,Marrakech,C,T000902,C1515,M,41,Sports,Chaussures Running,1224.77,1,0,Especes
2024-09-29,Rabat,E,T000903,C1322,M,45,Alimentation,Cafe,90.21,2,10,Carte
2024-12-13,Agadir,D,T000904,C1162,M,41,Maison,Chaise,273.89,2,15,Carte
2024-01-31,Fes,D,T000905,C1193,F,39,Vetements,T-shirt,894.08,1,15,Carte
2024-03-04,Fes,E,T000906,C1110,M,25,Beaute,Serum,273.24,3,0,Carte
2024-11-05,Agadir,D,T000907,C1591,M,34,Electronique,Ecouteurs,2254.28,2,0,CB
2024-03-19,Casablanca,B,T000908,C1442,M,39,Alimentation,Cafe,165.85,1,5,Especes
2024-06-15,Fes,A,T000909,C1554,M,34,Sports,Ballon,417.29,1,15,Carte
2024-12-08,Marrakech,C,T000910,C1151,F,28,Maison,Chaise,665.55,2,0,En ligne
2024-02-12,Casablanca,E,T000911,C1124,M,20,Sports,Ballon,1185.92,1,0,Especes
2024-02-09,Marrakech,E,T000912,C1220,F,59,Alimentation,Cereales,162.15,1,0,En ligne
2024-07-27,Marrakech,B,T000913,C1027,M,34,Alimentation,Riz,135.3,1,10,Especes
2024-04-29,Marrakech,E,T000914,C1141,F,22,Vetements,Sweat,186.82,2,0,Especes
2024-03-06,Marrakech,C,T000915,C1628,F,21,Electronique,Casque,1554.47,1,0,En ligne
2024-07-27,Fes,A,T000916,C1256,M,30,Vetements,Robe,531.94,2,,Carte
2024-09-17,Tanger,E,T000917,C1651,F,50,Alimentation,Pates,68.51,2,5,Especes
2024-02-27,Fes,A,T000918,C1119,F,43,Alimentation,Riz,209.46,1,0,En ligne
2024-07-14,Fes,C,T000919,C1306,M,45,Electronique,Smartphone,2156.91,1,0,Carte
2024-06-29,Tanger,B,T000920,C1630,F,37,Alimentation,Cafe,67.96,1,10,En-ligne
2024-02-19,Tanger,D,T000921,C1225,F,28,Alimentation,The,137.89,1,10,Especes
2024-07-09,Marrakech,C,T000922,C1228,F,33,Sports,Velo appartement,772.2,1,10,Especes
2024-08-21,Tanger,B,T000923,C1582,,36,Alimentation,Huile,219.58,1,0,En ligne
2024-05-27,Rabat,C,T000924,C1615,F,46,Maison,Miroir,1322.61,1,0,Carte
2024-03-03,Agadir,A,T000925,C1392,M,44,Beaute,Savon,75.81,3,0,Especes
2024-07-06,Tanger,B,T000926,C1064,M,36,Sports,Halteres,1277.72,1,0,Especes
2024-11-17,Fes,E,T000927,C1495,M,46,Vetements,T-shirt,314,4,10,En ligne
2024-05-06,Agadir,D,T000928,C1004,M,19,Beaute,Creme,162.06,2,0,Especes
2024-11-08,Rabat,C,T000929,C1242,M,32,Vetements,Robe,525.35,1,0,Carte
2024-04-01,Casablanca,D,T000930,C1183,F,18,Maison,Table,1338.27,2,5,Especes
2024-07-01,Rabat,B,T000931,C1596,F,42,Vetements,Robe,838.93,1,0,Carte
2024-04-17,Marrakech,B,T000932,C1184,F,35,Alimentation,Huile,193.21,1,0,En ligne
2024-03-09,Tanger,A,T000933,C1140,F,31,Alimentation,Riz,47.24,2,0,Especes
2024-02-16,Marrakech,D,T000934,C1237,F,36,Beaute,Serum,339,1,0,En ligne
2024-02-28,Casablanca,B,T000935,C1075,M,20,Vetements,Sweat,684.51,2,0,En ligne
2024-08-15,Casablanca,C,T000936,C1682,F,39,Beaute,Savon,592.37,2,5,En ligne
2024-07-19,Marrakech,B,T000937,C1413,M,40,Maison,Lampe,1364.79,4,0,Carte
2024-12-06,Fes,E,T000938,C1483,F,26,Sports,Halteres,743.66,3,0,CB
2024-11-14,Casablanca,A,T000939,C1463,F,38,Beaute,Parfum,594.42,1,10,CB
2024-02-06,Casablanca,C,T000940,C1437,M,43,Beaute,Maquillage,275.49,1,0,CB
2024-04-07,Rabat,C,T000941,C1005,F,39,Maison,Lampe,1038.39,1,0,Carte
2024-04-24,Rabat,D,T000942,C1696,M,26,Sports,Raquette,971.61,1,0,Especes
2024-03-03,Fes,C,T000943,C1044,M,23,Alimentation,The,136.02,1,10,Carte
2024-09-12,Agadir,E,T000944,C1197,M,42,Sports,Raquette,811.57,2,10,Especes
2024-06-21,Casablanca,C,T000945,C1656,F,40,Beaute,Parfum,435.4,1,5,En ligne
2024-11-03,Tanger,D,T000946,C1209,M,40,Maison,Tapis,801.97,1,0,carte
2024-01-16,Casablanca,C,T000947,C1456,F,48,Electronique,Ecouteurs,2507.64,2,5,En ligne
2024-02-08,Tanger,A,T000948,C1530,F,26,Alimentation,Riz,156.75,1,10,En ligne
2024-06-19,Casablanca,D,T000949,C1417,F,39,Vetements,Chaussures,211.07,2,10,Especes
2024-12-12,Tanger,E,T000950,C1355,M,30,Maison,Table,405.88,2,15,Carte
2024-03-26,Marrakech,C,T000951,C1164,F,34,Sports,Chaussures Running,914.03,2,10,Especes
2024-08-08,Fes,C,T000952,C1317,M,24,Alimentation,Cereales,102.81,1,0,En ligne
2024-02-12,Rabat,A,T000953,C1557,F,19,Alimentation,Riz,10.89,1,5,En ligne
2024-10-29,Fes,D,T000954,C1633,F,28,Electronique,Souris,1657.57,2,10,Carte
2024-11-03,Tanger,D,T000955,C1326,M,36,Vetements,Jean,118,2,0,En-ligne
2024-08-15,Tanger,C,T000956,C1010,F,34,Vetements,Jean,442.97,2,0,Carte
2024-03-31,Agadir,A,T000957,C1016,F,66,Electronique,Clavier,2861.03,4,0,Carte
2024-11-22,Tanger,E,T000958,C1546,M,36,Electronique,Souris,3259.06,1,5,Especes
2024-07-28,Marrakech,D,T000959,C1263,F,44,Beaute,Parfum,43.45,1,10,Carte
2024-03-14,Rabat,B,T000960,C1238,F,43,Maison,Table,886.18,1,0,En ligne
2024-08-23,Casablanca,D,T000961,C1426,M,25,Electronique,Tablette,987.56,2,10,En ligne
2024-04-01,Marrakech,D,T000962,C1615,,29,Alimentation,Cafe,115.7,1,10,Carte
2024-11-22,Fes,A,T000963,C1693,M,26,Maison,Table,245.61,1,,Carte
2024-01-05,Marrakech,B,T000964,C1276,F,28,Vetements,Robe,446.55,4,0,Carte
2024-01-28,Casablanca,D,T000965,C1142,F,,Alimentation,Huile,176.96,1,0,En ligne
2024-11-23,Tanger,C,T000966,C1295,F,24,Alimentation,The,193.23,1,0,Carte
2024-04-17,Rabat,D,T000967,C1661,M,26,Vetements,Veste,710.42,1,0,Carte
2024-10-31,Tanger,C,T000968,C1007,,36,Alimentation,The,109.62,4,0,Carte
2024-06-08,Fes,A,T000969,C1337,M,37,Beaute,Serum,346.07,1,5,Especes
2024-02-28,Fes,A,T000970,C1678,F,57,Maison,Table,296.97,2,15,Especes
2024-06-18,Fes,A,T000971,C1616,M,35,Electronique,Tablette,2988.65,1,15,Especes
2024-10-05,Agadir,E,T000972,C1474,M,,Beaute,Shampooing,572.19,1,5,En ligne
2024-11-20,Fes,D,T000973,C1402,M,39,Vetements,Robe,236.65,1,0,CB
2024-01-10,Marrakech,A,T000974,C1270,M,36,Alimentation,Huile,185.77,2,0,En ligne
2024-11-13,Marrakech,A,T000975,C1482,F,21,Alimentation,Riz,77.11,1,0,Especes
2024-02-16,Rabat,D,T000976,C1179,F,42,Alimentation,Pates,78.15,2,10,carte
2024-09-15,Agadir,D,T000977,C1691,M,56,Sports,Chaussures Running,248.95,3,5,En ligne
2024-05-03,Agadir,B,T000978,C1301,M,35,Sports,Tapis Yoga,584.56,1,5,Carte
2024-09-20,Rabat,B,T000979,C1448,M,33,Vetements,Chaussures,287.46,3,0,En ligne
2024-01-18,Casablanca,B,T000980,C1070,M,24,Maison,Miroir,273.05,1,0,Carte
2024-01-04,Casablanca,B,T000981,C1075,M,28,Maison,Chaise,893.18,1,5,Especes
2024-07-15,Casablanca,E,T000982,C1350,F,30,Alimentation,Huile,33.32,2,0,Especes
2024-12-19,Marrakech,B,T000983,C1246,M,57,Alimentation,Huile,12.04,1,0,Especes
2024-10-21,Tanger,C,T000984,C1353,M,,Beaute,Savon,415.01,2,0,Especes
2024-12-12,Rabat,D,T000985,C1687,F,29,Sports,Velo appartement,446.44,2,10,Carte
2024-06-16,Fes,C,T000986,C1280,F,34,Maison,Tapis,726.34,1,5,Carte
2024-05-28,Agadir,A,T000987,C1268,M,38,Alimentation,Riz,208.95,1,0,Especes
2024-03-20,Fes,B,T000988,C1370,F,63,Electronique,Casque,295.46,2,5,Carte
2024-06-28,Tanger,A,T000989,C1689,F,25,Beaute,Serum,532.56,2,0,Especes
2024-04-28,Tanger,B,T000990,C1592,F,54,Electronique,Tablette,2922.36,3,0,carte
2024-02-07,Agadir,A,T000991,C1615,M,31,Sports,Halteres,651.29,1,0,Carte
2024-11-28,Tanger,C,T000992,C1669,M,37,Electronique,Souris,332.93,4,0,Especes
2024-12-11,Agadir,E,T000993,C1408,F,52,Vetements,Jean,558.01,2,0,En ligne
2024-04-07,Tanger,C,T000994,C1407,M,33,Vetements,T-shirt,117.9,1,0,carte
2024-06-28,Marrakech,E,T000995,C1064,M,62,Vetements,Veste,604.02,1,,CB
2024-03-28,Fes,E,T000996,C1330,F,22,Beaute,Savon,133.89,1,0,Especes
2024-06-27,Rabat,E,T000997,C1604,F,29,Beaute,Maquillage,340.05,1,,En ligne
2024-02-06,Fes,B,T000998,C1575,M,48,Maison,Table,779.69,1,0,Carte
2024-07-26,Rabat,D,T000999,C1314,M,16,Alimentation,Cereales,113.17,1,0,Carte
2024-06-06,Fes,E,T001000,C1051,,29,Alimentation,Cafe,18.94,1,0,Especes
2024-06-25,Rabat,B,T001001,C1290,F,16,Alimentation,Huile,94.49,2,5,En-ligne
2024-10-23,Marrakech,A,T001002,C1123,F,25,Beaute,Parfum,56.85,2,0,En ligne
2024-10-06,Marrakech,C,T001003,C1457,F,42,Beaute,Shampooing,588.76,1,0,Carte
2024-01-06,Agadir,A,T001004,C1176,F,18,Electronique,Ecouteurs,2128.75,2,10,Especes
2024-10-19,Casablanca,D,T001005,C1228,M,35,Electronique,Souris,2881.05,4,0,Especes
2024-12-03,Marrakech,C,T001006,C1000,F,40,Vetements,Veste,755.95,1,10,Carte
2024-04-30,Fes,D,T001007,C1061,F,44,Electronique,Casque,266.04,3,0,En ligne
2024-06-08,Fes,D,T001008,C1008,M,27,Vetements,Jean,742.61,2,0,Carte
2024-01-10,Agadir,E,T001009,C1532,M,35,Sports,Velo appartement,1453.58,1,5,Carte
2024-10-04,Rabat,C,T001010,C1603,M,32,Sports,Velo appartement,1258.62,1,5,Especes
2024-10-22,Fes,A,T001011,C1132,F,31,Sports,Raquette,1519.19,1,0,Especes
2024-08-12,Agadir,D,T001012,C1109,M,19,Sports,Raquette,1694,2,0,En ligne
2024-03-18,Rabat,D,T001013,C1299,M,44,Vetements,Veste,795.27,1,0,En ligne
2024-09-04,Agadir,C,T001014,C1658,F,43,Alimentation,The,46.77,1,5,Carte
2024-03-26,Agadir,E,T001015,C1019,F,48,Maison,Chaise,541.49,2,0,Carte
2024-08-21,Fes,A,T001016,C1544,M,32,Maison,Chaise,1253.83,1,0,En ligne
2024-04-20,Agadir,D,T001017,C1118,,43,Maison,Coussin,218.21,1,0,Especes
2024-05-07,Rabat,A,T001018,C1181,M,37,Vetements,Veste,742.14,2,0,Carte
2024-01-20,Casablanca,E,T001019,C1520,M,39,Maison,Coussin,1239.11,1,0,En ligne
2024-11-10,Tanger,C,T001020,C1032,M,39,Beaute,Maquillage,238.27,2,0,Carte
2024-05-24,Casablanca,C,T001021,C1280,F,35,Beaute,Maquillage,176.69,2,0,En ligne
2024-09-09,Tanger,B,T001022,C1526,M,44,Beaute,Serum,249.31,1,15,Especes
2024-09-01,Marrakech,D,T001023,C1156,F,27,Electronique,Clavier,2033.95,2,15,Especes
2024-07-16,Agadir,E,T001024,C1398,F,49,Vetements,Jean,108.06,1,0,Especes
2024-02-16,Marrakech,B,T001025,C1627,M,39,Maison,Miroir,131.44,1,0,Carte
2024-05-16,Marrakech,D,T001026,C1205,F,49,Electronique,Ecouteurs,1865.31,2,0,Especes
2024-05-21,Rabat,A,T001027,C1415,F,37,Alimentation,Huile,76.92,3,5,En ligne
2024-10-31,Casablanca,E,T001028,C1377,M,39,Vetements,Jean,292.17,3,10,En ligne
2024-12-01,Agadir,C,T001029,C1118,F,25,Sports,Velo appartement,583.69,2,10,En ligne
2024-03-10,Tanger,E,T001030,C1385,M,36,Beaute,Savon,545.36,3,5,Carte
2024-10-31,Marrakech,C,T001031,C1648,M,35,Vetements,Chaussures,167.72,1,0,Especes
2024-01-08,Rabat,C,T001032,C1103,M,33,Vetements,Veste,630.81,1,0,carte
2024-06-24,Rabat,C,T001033,C1266,F,29,Vetements,Jean,656.74,1,10,En ligne
2024-07-01,Tanger,E,T001034,C1240,,49,Alimentation,Huile,71.21,2,10,Carte
2024-06-09,Tanger,C,T001035,C1651,M,26,Maison,Table,1342.11,1,10,Carte
2024-11-28,Casablanca,C,T001036,C1315,F,16,Sports,Ballon,1305.24,2,5,En ligne
2024-06-13,Casablanca,D,T001037,C1496,F,37,Sports,Raquette,693.85,1,,Especes
2024-06-30,Agadir,E,T001038,C1517,F,39,Maison,Miroir,422.38,3,5,Carte
2024-09-18,Tanger,C,T001039,C1222,F,30,Sports,Tapis Yoga,1138.66,1,0,En ligne
2024-04-17,Marrakech,E,T001040,C1544,F,50,Electronique,Ecouteurs,1412.57,1,5,Carte
2024-12-28,Rabat,E,T001041,C1156,F,22,Alimentation,The,24.3,2,10,En-ligne
2024-03-07,Marrakech,C,T001042,C1545,M,28,Vetements,Veste,473.61,1,5,Especes
2024-02-10,Tanger,E,T001043,C1026,F,23,Alimentation,Cereales,71.53,1,,En ligne
2024-08-29,Agadir,A,T001044,C1005,M,20,Beaute,Serum,394.08,2,0,En ligne
2024-06-20,Agadir,B,T001045,C1611,F,35,Alimentation,Huile,166.44,1,0,En ligne
2024-05-26,Fes,C,T001046,C1353,,19,Beaute,Serum,632.26,1,10,Especes
2024-01-19,Rabat,D,T001047,C1158,F,40,Alimentation,Pates,112.01,1,5,CB
2024-03-18,Casablanca,D,T001048,C1017,F,37,Electronique,Souris,2915.22,2,0,Carte
2024-09-29,Tanger,D,T001049,C1214,F,36,Alimentation,Riz,51.54,1,15,Carte
2024-04-20,Tanger,B,T001050,C1248,M,42,Beaute,Maquillage,371.95,2,0,Carte
2024-07-19,Marrakech,E,T001051,C1247,F,39,Alimentation,Cafe,213.48,2,0,Especes
2024-11-01,Marrakech,A,T001052,C1100,M,30,Beaute,Serum,692.87,1,0,Especes
2024-06-18,Marrakech,D,T001053,C1082,M,20,Maison,Table,476.77,1,0,Carte
2024-12-04,Agadir,E,T001054,C1090,F,34,Vetements,Jean,728.28,1,0,Especes
2024-10-26,Casablanca,B,T001055,C1426,M,42,Beaute,Serum,120.67,2,0,En ligne
2024-03-17,Marrakech,D,T001056,C1329,F,41,Alimentation,Cafe,121.03,2,0,Carte
2024-09-07,Tanger,A,T001057,C1080,F,43,Alimentation,Cafe,38.16,1,5,En ligne
2024-03-03,Casablanca,D,T001058,C1237,M,55,Vetements,Jean,328.48,2,15,Carte
2024-01-11,Marrakech,D,T001059,C1306,F,39,Electronique,Souris,1763.62,1,5,Carte
2024-08-01,Rabat,B,T001060,C1270,F,53,Alimentation,Riz,143.15,1,0,Carte
2024-12-22,Fes,C,T001061,C1443,M,34,Sports,Ballon,1374.23,1,0,Especes
2024-06-11,Tanger,C,T001062,C1468,M,58,Vetements,Veste,514.59,1,0,Especes
2024-12-21,Fes,B,T001063,C1628,M,41,Maison,Table,283.43,1,0,Carte
2024-11-15,Casablanca,E,T001064,C1156,M,24,Vetements,Sweat,249,1,0,Carte
2024-05-08,Tanger,A,T001065,C1103,F,26,Maison,Tapis,538.54,2,0,Carte
2024-11-24,Casablanca,C,T001066,C1683,M,27,Maison,Table,433.31,1,0,Carte
2024-05-31,Rabat,B,T001067,C1012,F,36,Beaute,Savon,225.01,1,0,En ligne
2024-02-20,Rabat,E,T001068,C1172,F,40,Maison,Lampe,1109.02,1,5,Carte
2024-03-12,Tanger,D,T001069,C1043,M,47,Alimentation,Pates,40.56,2,0,Especes
2024-10-23,Tanger,B,T001070,C1313,M,40,Electronique,Tablette,3349.03,1,10,En ligne
2024-01-01,Casablanca,D,T001071,C1088,M,32,Alimentation,Pates,218.93,1,10,Carte
2024-12-01,Marrakech,B,T001072,C1611,M,28,Alimentation,Riz,195.64,1,15,Carte
2024-11-13,Tanger,C,T001073,C1020,F,41,Beaute,Savon,649.11,1,5,En ligne
2024-01-16,Tanger,B,T001074,C1205,F,40,Electronique,Ecouteurs,803.98,1,0,En ligne
2024-11-02,Marrakech,D,T001075,C1123,F,54,Electronique,Ecouteurs,2639.61,2,0,Carte
2024-08-31,Fes,C,T001076,C1130,F,22,Alimentation,Huile,172.68,2,5,En ligne
2024-05-05,Agadir,D,T001077,C1221,M,34,Electronique,Tablette,2869.71,2,10,Especes
2024-11-05,Marrakech,A,T001078,C1446,M,17,Sports,Chaussures Running,512.36,2,15,Especes
2024-11-26,Casablanca,C,T001079,C1345,M,32,Vetements,Jean,238.64,2,15,En ligne
2024-05-03,Tanger,E,T001080,C1359,F,30,Beaute,Serum,50.48,3,0,Especes
2024-07-17,Fes,B,T001081,C1660,M,22,Beaute,Maquillage,633.41,1,0,Carte
2024-02-22,Agadir,D,T001082,C1028,F,29,Alimentation,Riz,165.61,1,0,Carte
2024-07-18,Agadir,D,T001083,C1328,M,37,Electronique,Souris,593.5,3,0,Especes
2024-03-15,Marrakech,E,T001084,C1609,F,38,Sports,Ballon,1444.44,1,10,Carte
2024-03-24,Marrakech,C,T001085,C1300,F,46,Vetements,Veste,145.62,1,0,Especes
2024-08-23,Tanger,C,T001086,C1635,M,35,Sports,Ballon,848.11,2,0,Especes
2024-10-23,Agadir,E,T001087,C1375,F,27,Sports,Velo appartement,447.41,2,0,En ligne
2024-06-03,Casablanca,E,T001088,C1220,F,31,Electronique,Smartphone,3461.9,4,0,Carte
2024-06-27,Casablanca,C,T001089,C1042,F,23,Maison,Lampe,814.36,3,0,Carte
2024-01-14,Tanger,D,T001090,C1043,F,41,Beaute,Shampooing,136.91,1,10,Carte
2024-04-28,Fes,D,T001091,C1587,F,44,Beaute,Parfum,356.68,3,,Especes
2024-07-26,Marrakech,E,T001092,C1530,M,36,Beaute,Savon,285.99,1,0,En ligne
2024-03-31,Agadir,D,T001093,C1416,F,28,Alimentation,Cereales,46.61,3,0,Carte
2024-12-21,Marrakech,B,T001094,C1417,M,41,Beaute,Shampooing,269.28,1,15,Especes
2024-05-05,Rabat,E,T001095,C1205,M,30,Electronique,Souris,538.3,3,15,Especes
2024-08-12,Agadir,C,T001096,C1084,F,,Beaute,Maquillage,508.81,1,10,En ligne
2024-10-13,Fes,C,T001097,C1696,F,51,Vetements,Jean,702.31,2,0,Carte
2024-03-19,Rabat,A,T001098,C1179,F,42,Alimentation,Cereales,51.48,1,5,Especes
2024-11-22,Fes,B,T001099,C1603,F,28,Electronique,Clavier,1951.35,3,0,Carte
2024-03-06,Casablanca,A,T001100,C1487,F,40,Alimentation,Riz,155.97,1,10,Carte
2024-10-12,Casablanca,E,T001101,C1117,F,19,Sports,Ballon,442.62,2,0,Especes
2024-06-21,Marrakech,A,T001102,C1494,F,28,Alimentation,Cereales,135.26,1,5,Carte
2024-06-21,Tanger,A,T001103,C1349,M,36,Maison,Miroir,535.75,2,10,En ligne
2024-04-11,Casablanca,B,T001104,C1098,M,19,Vetements,Veste,582.37,2,0,Carte
2024-09-02,Tanger,B,T001105,C1252,M,28,Alimentation,Huile,25.97,1,0,Carte
2024-02-05,Casablanca,E,T001106,C1178,M,42,Beaute,Creme,304.43,1,0,En ligne
2024-07-30,Rabat,E,T001107,C1348,F,16,Beaute,Creme,305.69,1,0,En ligne
2024-11-18,Marrakech,A,T001108,C1404,M,16,Alimentation,Pates,122.83,1,0,Especes
2024-10-03,Tanger,E,T001109,C1142,M,38,Alimentation,Cereales,168.23,3,,CB
2024-10-29,Casablanca,E,T001110,C1604,M,37,Electronique,Casque,2022.64,1,,Carte
2024-12-03,Rabat,B,T001111,C1210,F,35,Vetements,Veste,599.44,1,10,En ligne
2024-03-25,Agadir,D,T001112,C1550,F,26,Sports,Chaussures Running,437.18,2,0,En ligne
2024-12-28,Fes,D,T001113,C1067,M,34,Sports,Chaussures Running,822.27,3,0,En ligne
2024-03-15,Rabat,B,T001114,C1432,F,40,Electronique,Clavier,1906.1,1,0,En ligne
2024-09-26,Agadir,C,T001115,C1177,F,16,Maison,Table,1021.79,1,0,Carte
2024-09-27,Casablanca,B,T001116,C1366,M,32,Alimentation,Cereales,120.11,1,0,Carte
2024-12-21,Fes,A,T001117,C1116,,26,Vetements,Veste,239.39,1,0,Especes
2024-04-26,Tanger,A,T001118,C1369,M,42,Beaute,Parfum,556.89,2,0,En ligne
2024-02-11,Rabat,C,T001119,C1581,M,16,Maison,Table,395.87,1,5,En ligne
2024-06-26,Rabat,C,T001120,C1085,M,44,Beaute,Maquillage,480.05,2,15,carte
2024-03-03,Marrakech,B,T001121,C1031,F,40,Electronique,Souris,2053.75,1,10,Carte
2024-03-09,Marrakech,A,T001122,C1119,,27,Alimentation,Riz,165.55,1,5,En ligne
2024-10-01,Rabat,C,T001123,C1451,M,41,Electronique,Tablette,633.95,1,0,Especes
2024-03-28,Marrakech,B,T001124,C1299,M,33,Beaute,Shampooing,77.48,1,0,Especes
2024-08-16,Marrakech,C,T001125,C1417,F,31,Maison,Coussin,127.74,1,5,Especes
2024-10-28,Marrakech,E,T001126,C1568,F,35,Sports,Ballon,1476.27,2,0,Especes
2024-06-29,Tanger,B,T001127,C1608,F,33,Sports,Velo appartement,82.41,1,0,Carte
2024-12-05,Rabat,B,T001128,C1035,M,29,Maison,Miroir,1004.5,2,0,En ligne
2024-09-17,Casablanca,A,T001129,C1277,F,23,Alimentation,The,145.44,1,0,En ligne
2024-10-02,Fes,D,T001130,C1644,F,29,Maison,Miroir,887.59,1,5,En ligne
2024-05-01,Rabat,C,T001131,C1116,F,39,Vetements,Sweat,199.69,2,0,En ligne
2024-04-09,Rabat,C,T001132,C1367,F,30,Vetements,Veste,599.08,1,0,Especes
2024-02-10,Agadir,E,T001133,C1216,M,38,Vetements,Veste,767.27,1,0,Especes
2024-04-16,Marrakech,B,T001134,C1217,M,40,Electronique,Souris,573.69,1,,Especes
2024-01-31,Marrakech,A,T001135,C1273,M,38,Electronique,Tablette,2224.06,1,10,Carte
2024-04-05,Agadir,B,T001136,C1487,F,45,Maison,Lampe,765.1,2,0,En ligne
2024-04-14,Tanger,A,T001137,C1041,F,19,Alimentation,Huile,111.22,1,10,Especes
2024-12-12,Casablanca,D,T001138,C1512,M,41,Alimentation,Huile,129.4,3,0,Carte
2024-01-27,Marrakech,B,T001139,C1109,F,47,Sports,Raquette,752.05,1,5,Especes
2024-10-23,Marrakech,D,T001140,C1299,M,21,Electronique,Ecouteurs,2273.63,1,0,En ligne
2024-09-19,Tanger,A,T001141,C1568,F,27,Maison,Table,1017.52,2,5,carte
2024-03-17,Agadir,E,T001142,C1556,F,40,Electronique,Ecouteurs,985.8,3,0,En ligne
2024-11-23,Tanger,A,T001143,C1506,F,36,Vetements,T-shirt,793.56,1,0,Especes
2024-11-18,Tanger,B,T001144,C1516,F,16,Vetements,T-shirt,154.39,2,5,Especes
2024-05-12,Agadir,C,T001145,C1673,M,28,Electronique,Casque,2458.11,1,0,Especes
2024-07-24,Fes,B,T001146,C1495,M,26,Beaute,Parfum,258.81,2,0,Especes
2024-06-16,Fes,C,T001147,C1638,M,28,Alimentation,Pates,171,2,5,Carte
2024-07-24,Tanger,D,T001148,C1442,F,48,Electronique,Smartphone,2357.4,1,0,Carte
2024-07-28,Fes,E,T001149,C1238,F,,Maison,Table,663.13,3,5,Carte
2024-06-20,Casablanca,C,T001150,C1107,M,41,Electronique,Casque,2185.67,1,10,En-ligne
2024-03-23,Rabat,A,T001151,C1583,M,39,Beaute,Creme,251.47,2,10,Especes
2024-05-27,Marrakech,C,T001152,C1119,F,27,Sports,Tapis Yoga,510.72,1,5,Carte
2024-04-25,Agadir,D,T001153,C1119,F,47,Electronique,Clavier,2079.03,3,15,Carte
2024-11-10,Marrakech,D,T001154,C1370,F,45,Alimentation,Cafe,204.3,2,0,En ligne
2024-05-09,Marrakech,D,T001155,C1101,M,29,Electronique,Souris,2676.06,1,0,Carte
2024-12-19,Casablanca,B,T001156,C1094,F,35,Alimentation,Riz,157.03,1,0,En-ligne
2024-05-09,Rabat,E,T001157,C1566,F,36,Maison,Chaise,545.05,1,15,Especes
2024-12-11,Casablanca,B,T001158,C1161,F,21,Electronique,Souris,2742.93,3,0,En ligne
2024-03-31,Casablanca,C,T001159,C1053,M,47,Alimentation,The,134.93,1,5,En ligne
2024-09-28,Fes,C,T001160,C1445,F,40,Electronique,Ecouteurs,3254.18,1,0,Especes
2024-04-14,Rabat,E,T001161,C1011,F,39,Sports,Velo appartement,478.72,1,0,CB
2024-04-29,Rabat,E,T001162,C1062,M,39,Beaute,Shampooing,270.29,2,0,En ligne
2024-05-24,Tanger,C,T001163,C1297,F,37,Alimentation,Cereales,92.44,1,0,Especes
2024-06-03,Rabat,C,T001164,C1383,,55,Sports,Tapis Yoga,734.37,1,0,Especes
2024-05-29,Tanger,E,T001165,C1203,M,48,Maison,Coussin,1360.89,1,5,En ligne
2024-10-07,Casablanca,B,T001166,C1246,M,32,Alimentation,The,51.7,1,0,En-ligne
2024-03-17,Tanger,A,T001167,C1220,M,32,Alimentation,Huile,32.82,1,0,Especes
2024-04-27,Fes,E,T001168,C1606,,34,Sports,Ballon,1568.16,1,10,En ligne
2024-02-13,Fes,C,T001169,C1347,F,,Electronique,Casque,2234.97,2,0,Carte
2024-08-10,Fes,B,T001170,C1030,F,34,Alimentation,Cereales,149.67,3,5,Especes
2024-12-30,Rabat,B,T001171,C1136,M,38,Beaute,Creme,178.38,1,,Carte
2024-05-26,Casablanca,E,T001172,C1516,M,19,Maison,Chaise,1169.76,2,0,En-ligne
2024-07-12,Agadir,A,T001173,C1300,F,22,Vetements,Veste,352.39,1,0,Carte
2024-09-19,Marrakech,B,T001174,C1025,F,49,Sports,Ballon,651.27,1,0,En ligne
2024-03-31,Marrakech,A,T001175,C1342,F,25,Sports,Raquette,846.52,2,0,En ligne
2024-01-19,Agadir,B,T001176,C1089,M,16,Alimentation,Cafe,123.1,1,0,Especes
2024-12-16,Rabat,B,T001177,C1075,M,24,Electronique,Ecouteurs,1052.93,2,15,Especes
2024-10-12,Casablanca,A,T001178,C1556,M,48,Sports,Raquette,1029.88,1,0,Especes
2024-05-31,Casablanca,D,T001179,C1577,M,32,Alimentation,The,65.29,1,0,Especes
2024-06-24,Tanger,C,T001180,C1663,M,36,Vetements,Sweat,688.19,1,0,En ligne
2024-11-20,Agadir,C,T001181,C1089,F,28,Vetements,Sweat,180.81,3,5,En ligne
2024-04-23,Casablanca,E,T001182,C1021,F,,Beaute,Serum,258.6,2,15,Carte
2024-03-12,Agadir,D,T001183,C1136,M,,Alimentation,Pates,175.45,2,0,Carte
2024-11-24,Rabat,A,T001184,C1400,F,26,Vetements,Jean,709.3,3,5,En ligne
2024-10-26,Fes,B,T001185,C1138,M,33,Alimentation,Cafe,40.56,1,0,Carte
2024-02-21,Rabat,E,T001186,C1494,M,27,Vetements,Jean,852.22,1,0,Carte
2024-12-10,Fes,A,T001187,C1348,F,24,Electronique,Ecouteurs,2623.67,3,0,Especes
2024-04-14,Fes,D,T001188,C1527,F,34,Vetements,Sweat,453.22,1,0,Carte
2024-08-12,Tanger,E,T001189,C1549,F,39,Electronique,Casque,593.63,2,15,Carte
2024-08-28,Agadir,A,T001190,C1462,F,35,Beaute,Savon,587.47,2,0,Especes
2024-09-27,Fes,E,T001191,C1484,M,30,Electronique,Tablette,1183.43,2,0,En ligne
2024-05-21,Fes,D,T001192,C1303,F,23,Sports,Raquette,1030.94,2,5,En ligne
2024-02-14,Marrakech,A,T001193,C1191,M,20,Maison,Tapis,920.5,1,10,En ligne
2024-03-24,Rabat,C,T001194,C1037,M,41,Alimentation,The,81.19,1,5,Carte
2024-06-10,Agadir,A,T001195,C1628,F,41,Electronique,Smartphone,310.9,2,10,CB
2024-01-30,Casablanca,C,T001196,C1588,F,30,Beaute,Parfum,512.14,1,0,Especes
2024-05-04,Fes,C,T001197,C1219,M,36,Electronique,Souris,1615.89,2,0,Especes
2024-03-17,Rabat,C,T001198,C1202,M,20,Maison,Miroir,557.78,2,0,Carte
2024-05-16,Agadir,E,T001199,C1143,,38,Alimentation,Cereales,185.51,2,0,En ligne
2024-05-11,Tanger,C,T001200,C1617,F,49,Electronique,Ecouteurs,2092.57,1,5,Carte
2024-05-26,Casablanca,B,T001201,C1163,F,37,Beaute,Creme,298.07,2,5,En ligne
2024-09-10,Fes,C,T001202,C1225,M,49,Sports,Raquette,327.17,3,0,En ligne
2024-03-05,Fes,A,T001203,C1201,M,46,Vetements,Jean,269.78,1,5,Carte
2024-06-14,Fes,B,T001204,C1678,F,34,Alimentation,Pates,139.44,1,10,Especes
2024-08-25,Casablanca,C,T001205,C1176,F,24,Maison,Lampe,398.81,2,0,En ligne
2024-09-18,Rabat,D,T001206,C1312,,44,Beaute,Savon,608.95,1,5,Carte
2024-02-28,Agadir,A,T001207,C1521,F,45,Sports,Raquette,351.42,1,5,En ligne
2024-10-20,Agadir,D,T001208,C1645,M,23,Alimentation,Cafe,24.6,2,0,Carte
2024-01-17,Fes,E,T001209,C1468,M,31,Alimentation,Pates,120.24,2,0,Especes
2024-06-25,Casablanca,D,T001210,C1265,F,32,Sports,Chaussures Running,1204.81,2,0,En ligne
2024-02-07,Marrakech,D,T001211,C1069,F,43,Alimentation,The,91.94,2,0,En ligne
2024-10-13,Agadir,D,T001212,C1103,F,26,Maison,Tapis,599.71,2,5,En ligne
2024-08-18,Tanger,C,T001213,C1592,F,49,Beaute,Parfum,682.73,1,10,Carte
2024-06-19,Agadir,E,T001214,C1215,F,42,Alimentation,Huile,95.74,2,0,Carte
2024-02-06,Marrakech,B,T001215,C1275,M,49,Beaute,Maquillage,50.38,1,0,Carte
2024-03-31,Marrakech,B,T001216,C1675,F,33,Electronique,Smartphone,2608.13,3,10,Especes
2024-10-12,Rabat,E,T001217,C1468,F,51,Maison,Lampe,111.11,2,0,Especes
2024-08-21,Marrakech,A,T001218,C1397,M,36,Vetements,T-shirt,110.68,1,0,Especes
2024-03-09,Agadir,C,T001219,C1433,F,23,Vetements,Sweat,585.72,1,0,En ligne
2024-07-21,Rabat,E,T001220,C1505,M,38,Maison,Miroir,1390.55,3,0,En ligne
2024-08-31,Rabat,A,T001221,C1199,F,34,Alimentation,The,107.14,2,10,En ligne
2024-04-21,Fes,C,T001222,C1045,M,36,Alimentation,Pates,108.42,1,5,En ligne
2024-11-20,Marrakech,B,T001223,C1445,M,39,Vetements,T-shirt,132.31,1,0,En-ligne
2024-11-09,Fes,C,T001224,C1151,F,29,Vetements,Veste,569.51,1,10,CB
2024-07-09,Rabat,D,T001225,C1081,M,30,Electronique,Clavier,931.81,1,0,Carte
2024-04-26,Agadir,D,T001226,C1473,F,51,Electronique,Souris,2695.33,1,0,Especes
2024-12-23,Rabat,C,T001227,C1451,M,44,Electronique,Tablette,2558.54,2,10,Carte
2024-04-02,Tanger,E,T001228,C1186,M,32,Alimentation,Pates,75.31,1,5,En ligne
2024-05-03,Agadir,D,T001229,C1532,M,42,Alimentation,Cereales,95.12,2,5,En ligne
2024-10-21,Tanger,C,T001230,C1453,M,47,Alimentation,Riz,208.22,1,15,Especes
2024-01-08,Casablanca,D,T001231,C1393,F,34,Vetements,Chaussures,666.19,4,5,En ligne
2024-01-18,Fes,B,T001232,C1365,M,39,Sports,Tapis Yoga,393.63,2,0,Carte
2024-05-17,Marrakech,A,T001233,C1281,F,24,Maison,Miroir,181.06,2,0,En ligne
2024-08-04,Marrakech,E,T001234,C1680,F,28,Alimentation,Cafe,138.71,1,0,Especes
2024-10-07,Marrakech,A,T001235,C1349,F,40,Electronique,Casque,2171.22,1,0,En ligne
2024-04-01,Tanger,B,T001236,C1444,F,40,Electronique,Tablette,1041.51,1,15,En ligne
2024-06-08,Tanger,E,T001237,C1523,F,40,Sports,Chaussures Running,659.6,1,5,En ligne
2024-04-19,Tanger,D,T001238,C1250,M,17,Electronique,Tablette,3335.99,1,15,Especes
2024-01-29,Rabat,A,T001239,C1030,F,17,Alimentation,Cafe,91.88,2,0,Carte
2024-02-19,Marrakech,E,T001240,C1295,F,21,Electronique,Clavier,3043.69,2,0,Carte
2024-06-13,Rabat,E,T001241,C1514,F,47,Sports,Halteres,105.42,2,5,Especes
2024-05-19,Agadir,E,T001242,C1125,F,26,Electronique,Smartphone,2678.44,1,0,En ligne
2024-01-31,Agadir,D,T001243,C1480,F,36,Maison,Miroir,684.45,1,5,CB
2024-06-25,Marrakech,D,T001244,C1651,M,45,Maison,Miroir,458.1,2,0,En ligne
2024-01-01,Fes,A,T001245,C1405,F,16,Alimentation,Huile,37.24,1,0,Carte
2024-05-26,Marrakech,A,T001246,C1573,M,39,Maison,Coussin,1062.17,2,10,Carte
2024-08-25,Tanger,D,T001247,C1079,M,,Maison,Miroir,608.11,4,0,En ligne
2024-03-29,Agadir,C,T001248,C1472,M,32,Beaute,Parfum,227.01,1,0,Especes
2024-04-22,Agadir,B,T001249,C1615,F,26,Alimentation,Riz,25.43,3,5,Carte
2024-02-10,Fes,C,T001250,C1670,M,35,Alimentation,The,62.19,2,0,Especes
2024-11-14,Casablanca,E,T001251,C1442,F,24,Maison,Tapis,385.03,1,0,Carte
2024-09-15,Casablanca,E,T001252,C1196,F,25,Alimentation,Riz,143.22,1,15,En ligne
2024-04-24,Casablanca,B,T001253,C1220,F,33,Maison,Lampe,200.81,1,0,Especes
2024-08-24,Rabat,E,T001254,C1023,M,,Alimentation,Cereales,197.87,1,15,En ligne
2024-06-08,Agadir,D,T001255,C1612,M,34,Sports,Chaussures Running,177.35,2,0,Carte
2024-08-24,Rabat,B,T001256,C1113,F,39,Alimentation,Cafe,100.7,1,0,Carte
2024-10-16,Casablanca,A,T001257,C1143,F,23,Alimentation,Cafe,140.89,1,10,Carte
2024-06-06,Tanger,C,T001258,C1404,F,44,Alimentation,Riz,115.47,2,10,Carte
2024-10-13,Marrakech,A,T001259,C1093,M,40,Beaute,Shampooing,145.62,2,0,Especes
2024-11-02,Tanger,A,T001260,C1035,M,26,Vetements,Sweat,665.08,2,0,carte
2024-09-23,Fes,C,T001261,C1618,F,36,Maison,Lampe,248.72,1,15,Carte
2024-06-23,Agadir,B,T001262,C1512,F,16,Vetements,T-shirt,657.55,2,0,En ligne
2024-08-27,Rabat,C,T001263,C1458,F,40,Electronique,Souris,1058.2,1,0,Especes
2024-01-05,Tanger,E,T001264,C1431,F,39,Beaute,Maquillage,537.15,1,5,carte
2024-11-17,Tanger,E,T001265,C1343,F,39,Maison,Tapis,116.29,2,0,CB
2024-08-17,Agadir,E,T001266,C1673,F,26,Alimentation,Cafe,208.95,2,15,carte
2024-06-29,Agadir,D,T001267,C1134,M,24,Vetements,T-shirt,368.8,2,10,Carte
2024-05-24,Casablanca,D,T001268,C1261,M,36,Maison,Table,196.21,2,0,Carte
2024-10-23,Fes,A,T001269,C1192,F,,Alimentation,Pates,94.19,2,0,Especes
2024-09-16,Casablanca,D,T001270,C1333,M,39,Beaute,Parfum,292.37,2,0,En ligne
2024-04-18,Tanger,C,T001271,C1088,M,36,Sports,Chaussures Running,1178.39,1,10,Especes
2024-05-26,Marrakech,C,T001272,C1233,M,27,Alimentation,Pates,189.22,1,5,Carte
2024-09-13,Tanger,E,T001273,C1537,F,23,Beaute,Serum,688.47,1,0,Carte
2024-04-11,Agadir,D,T001274,C1110,F,26,Alimentation,Huile,211.58,2,0,Especes
2024-07-08,Tanger,A,T001275,C1015,M,32,Electronique,Smartphone,794.37,1,10,Especes
2024-03-02,Fes,E,T001276,C1288,F,22,Alimentation,Pates,58.56,1,5,Carte
2024-03-08,Fes,E,T001277,C1011,F,43,Electronique,Tablette,1387.92,1,0,Carte
2024-03-14,Fes,A,T001278,C1368,M,16,Beaute,Shampooing,172.63,2,10,Especes
2024-12-05,Agadir,A,T001279,C1072,F,31,Sports,Ballon,443.83,1,0,Carte
2024-06-17,Marrakech,D,T001280,C1562,M,42,Sports,Ballon,1612.7,1,0,En ligne
2024-06-03,Fes,C,T001281,C1014,F,39,Alimentation,Huile,55.98,2,5,Especes
2024-12-28,Rabat,B,T001282,C1266,F,48,Beaute,Creme,415.41,2,10,En ligne
2024-12-09,Rabat,A,T001283,C1623,M,45,Alimentation,Riz,152.48,3,0,CB
2024-07-04,Casablanca,D,T001284,C1093,F,36,Beaute,Maquillage,127.35,1,0,Especes
2024-10-31,Casablanca,C,T001285,C1169,M,34,Alimentation,Cafe,164.97,2,0,Carte
2024-07-12,Rabat,E,T001286,C1179,F,30,Alimentation,Riz,169.07,1,5,En-ligne
2024-11-11,Fes,C,T001287,C1381,F,30,Beaute,Maquillage,146.34,1,0,Carte
2024-11-15,Rabat,C,T001288,C1332,M,37,Alimentation,Cafe,36.19,1,0,Carte
2024-09-08,Rabat,A,T001289,C1494,F,37,Alimentation,Huile,90.68,2,10,Especes
2024-09-18,Agadir,C,T001290,C1367,F,56,Alimentation,Riz,25.45,1,5,CB
2024-05-29,Marrakech,A,T001291,C1586,F,46,Alimentation,Cereales,65.19,1,10,Especes
2024-04-23,Fes,E,T001292,C1611,M,16,Beaute,Savon,72.85,2,0,En ligne
2024-11-14,Marrakech,D,T001293,C1614,F,36,Alimentation,Cereales,65.93,1,0,Especes
2024-07-30,Rabat,A,T001294,C1060,F,33,Vetements,Sweat,593.32,1,10,En ligne
2024-09-09,Agadir,B,T001295,C1447,M,50,Beaute,Maquillage,406.53,1,0,Carte
2024-04-15,Agadir,D,T001296,C1557,F,27,Electronique,Tablette,1064.92,2,0,Especes
2024-02-20,Agadir,D,T001297,C1003,F,44,Electronique,Souris,538.67,1,10,Especes
2024-11-17,Fes,C,T001298,C1656,F,41,Sports,Ballon,1466.72,1,0,Especes
2024-01-15,Fes,A,T001299,C1286,F,35,Alimentation,Cereales,215.93,2,5,En ligne
2024-08-04,Casablanca,A,T001300,C1634,F,23,Alimentation,Cereales,148.6,1,0,Carte
2024-02-08,Marrakech,B,T001301,C1225,F,34,Maison,Lampe,1060.43,1,0,En ligne
2024-05-06,Marrakech,A,T001302,C1280,F,27,Maison,Lampe,1269.31,3,0,En ligne
2024-12-03,Tanger,D,T001303,C1052,M,16,Sports,Halteres,825.68,1,10,En ligne
2024-05-30,Rabat,D,T001304,C1654,F,28,Maison,Table,631.62,1,0,En ligne
2024-11-25,Casablanca,D,T001305,C1117,M,31,Vetements,Chaussures,474.81,1,15,Carte
2024-05-13,Rabat,D,T001306,C1672,F,44,Vetements,Jean,342.95,1,0,En ligne
2024-11-05,Agadir,A,T001307,C1045,M,33,Alimentation,Riz,180.47,1,0,Carte
2024-06-25,Marrakech,A,T001308,C1442,F,45,Electronique,Souris,685.39,2,0,Carte
2024-03-26,Rabat,A,T001309,C1431,F,61,Alimentation,Riz,178.43,1,0,En ligne
2024-01-28,Casablanca,A,T001310,C1585,F,35,Maison,Miroir,280.85,3,15,Especes
2024-12-24,Marrakech,C,T001311,C1315,F,28,Sports,Chaussures Running,525.5,1,15,En ligne
2024-04-17,Casablanca,A,T001312,C1097,F,35,Vetements,Robe,865.16,1,15,En ligne
2024-01-25,Tanger,A,T001313,C1548,M,19,Alimentation,Cafe,60.09,2,0,Especes
2024-08-29,Tanger,C,T001314,C1499,F,44,Sports,Tapis Yoga,1798.59,1,0,Especes
2024-01-11,Marrakech,C,T001315,C1049,F,29,Electronique,Ecouteurs,3170.75,1,5,Carte
2024-06-09,Agadir,C,T001316,C1635,F,41,Maison,Lampe,1114.77,1,0,En ligne
2024-06-25,Casablanca,B,T001317,C1082,F,16,Electronique,Tablette,1044.45,1,0,Especes
2024-11-14,Casablanca,D,T001318,C1212,F,33,Sports,Raquette,215.21,1,10,En ligne
2024-08-24,Casablanca,A,T001319,C1639,F,39,Vetements,Robe,297.53,1,0,En ligne
2024-06-17,Casablanca,B,T001320,C1385,M,39,Beaute,Savon,522.32,1,0,En ligne
2024-01-08,Casablanca,C,T001321,C1299,M,35,Alimentation,Cereales,182.01,3,0,Carte
2024-08-06,Fes,C,T001322,C1465,M,32,Maison,Coussin,102.89,1,0,Especes
2024-03-13,Casablanca,C,T001323,C1462,M,39,Alimentation,Huile,87.41,3,10,En ligne
2024-11-02,Casablanca,B,T001324,C1306,F,16,Electronique,Smartphone,1714.21,2,15,En ligne
2024-05-30,Rabat,E,T001325,C1108,M,36,Vetements,Veste,864.64,1,5,En ligne
2024-12-25,Fes,A,T001326,C1204,,35,Maison,Tapis,1370.8,3,10,Carte
2024-10-04,Fes,D,T001327,C1234,M,45,Beaute,Creme,68.84,2,0,Carte
2024-02-22,Fes,E,T001328,C1497,F,27,Alimentation,Cafe,134.22,1,15,Especes
2024-10-15,Fes,E,T001329,C1128,F,23,Maison,Miroir,488.1,1,10,En ligne
2024-10-20,Tanger,E,T001330,C1182,F,27,Beaute,Shampooing,621.27,3,5,Carte
2024-02-25,Fes,B,T001331,C1076,M,39,Vetements,T-shirt,389.49,1,10,En ligne
2024-02-14,Marrakech,C,T001332,C1472,M,,Beaute,Serum,103.13,2,0,Especes
2024-09-10,Marrakech,E,T001333,C1034,M,45,Alimentation,The,22.81,1,0,Carte
2024-10-18,Agadir,E,T001334,C1500,F,33,Alimentation,Cafe,101.1,4,10,Especes
2024-03-11,Tanger,C,T001335,C1564,F,26,Alimentation,Cafe,82.19,1,0,Carte
2024-03-08,Rabat,A,T001336,C1086,F,27,Alimentation,Pates,80.11,1,0,En ligne
2024-02-26,Agadir,A,T001337,C1160,F,25,Vetements,Veste,253.79,2,0,En-ligne
2024-12-30,Fes,E,T001338,C1068,M,30,Vetements,Jean,500.25,1,5,En ligne
2024-10-15,Fes,D,T001339,C1180,M,53,Sports,Velo appartement,1089.32,2,10,Especes
2024-06-10,Tanger,C,T001340,C1037,M,41,Vetements,Sweat,137.98,2,10,Carte
2024-10-28,Fes,C,T001341,C1597,F,27,Electronique,Ecouteurs,2035.82,1,0,carte
2024-11-18,Fes,E,T001342,C1049,M,32,Alimentation,Cereales,74.58,1,5,Especes
2024-09-17,Fes,B,T001343,C1503,M,32,Maison,Tapis,494.09,1,0,Carte
2024-09-11,Marrakech,A,T001344,C1043,M,43,Maison,Table,1180.98,1,0,CB
2024-03-13,Fes,D,T001345,C1573,M,19,Beaute,Parfum,479.98,1,0,En ligne
2024-11-17,Marrakech,D,T001346,C1159,F,35,Alimentation,Cafe,58.06,2,0,Carte
2024-11-30,Tanger,B,T001347,C1364,F,40,Alimentation,Cafe,138.46,2,10,CB
2024-05-22,Fes,C,T001348,C1619,M,,Alimentation,Riz,118.78,1,5,Carte
2024-02-14,Tanger,C,T001349,C1147,F,49,Sports,Velo appartement,1485.67,1,,Carte
2024-01-28,Fes,E,T001350,C1688,M,33,Alimentation,Pates,123.48,2,15,Carte
2024-04-28,Fes,C,T001351,C1555,F,33,Sports,Ballon,988.83,2,5,CB
2024-02-11,Agadir,D,T001352,C1340,F,23,Beaute,Maquillage,236.14,2,0,Especes
2024-11-14,Marrakech,B,T001353,C1081,,52,Alimentation,Pates,154.67,1,10,En ligne
2024-06-14,Marrakech,D,T001354,C1556,M,25,Alimentation,Cereales,66.5,2,15,Carte
2024-05-27,Tanger,C,T001355,C1450,M,23,Maison,Coussin,466.39,1,10,Especes
2024-06-16,Tanger,E,T001356,C1029,,44,Maison,Coussin,593.27,1,10,Carte
2024-10-14,Rabat,C,T001357,C1048,,29,Beaute,Parfum,162.47,1,0,Especes
2024-01-03,Fes,A,T001358,C1559,M,26,Sports,Raquette,204.25,1,0,En-ligne
2024-07-24,Rabat,E,T001359,C1531,F,28,Electronique,Smartphone,246.66,1,0,Carte
2024-05-16,Marrakech,D,T001360,C1680,M,40,Maison,Tapis,623.11,2,10,CB
2024-08-11,Tanger,B,T001361,C1360,M,32,Maison,Miroir,781.81,1,0,Especes
2024-08-15,Fes,A,T001362,C1476,F,24,Electronique,Tablette,1220.16,1,5,Especes
2024-04-21,Fes,B,T001363,C1574,F,24,Vetements,Veste,620.82,1,10,Especes
2024-07-23,Tanger,B,T001364,C1097,F,42,Alimentation,Cereales,107.68,1,10,Carte
2024-06-27,Marrakech,E,T001365,C1030,F,34,Vetements,Chaussures,858.52,2,10,Especes
2024-08-23,Agadir,B,T001366,C1395,M,32,Maison,Tapis,718.06,3,0,En ligne
2024-10-02,Agadir,D,T001367,C1107,M,44,Alimentation,The,167.34,1,0,En-ligne
2024-10-08,Fes,C,T001368,C1457,M,25,Electronique,Ecouteurs,792.04,1,5,En ligne
2024-12-16,Marrakech,E,T001369,C1026,M,29,Electronique,Casque,3079.82,1,5,Especes
2024-01-04,Agadir,E,T001370,C1425,F,37,Alimentation,Cafe,50.64,2,5,Especes
2024-03-28,Rabat,D,T001371,C1021,M,27,Beaute,Shampooing,89.2,1,0,En-ligne
2024-06-23,Tanger,A,T001372,C1134,M,,Maison,Miroir,1213.86,3,0,Carte
2024-03-29,Agadir,C,T001373,C1254,M,24,Beaute,Shampooing,72.78,2,0,Carte
2024-08-19,Fes,B,T001374,C1265,M,27,Vetements,Sweat,312.99,2,5,En-ligne
2024-05-25,Rabat,A,T001375,C1156,F,20,Sports,Halteres,1750.28,2,5,En ligne
2024-01-23,Tanger,E,T001376,C1499,F,33,Alimentation,The,45.35,1,0,En ligne
2024-10-11,Fes,A,T001377,C1534,M,31,Sports,Tapis Yoga,1771.33,2,15,Especes
2024-07-18,Tanger,D,T001378,C1444,F,41,Maison,Table,997.32,1,0,Especes
2024-08-13,Marrakech,C,T001379,C1321,F,24,Maison,Chaise,230.7,2,0,Especes
2024-12-14,Casablanca,D,T001380,C1402,F,42,Alimentation,Cafe,159.03,2,0,Carte
2024-08-19,Rabat,A,T001381,C1141,F,45,Beaute,Serum,171.48,1,10,En ligne
2024-12-31,Agadir,D,T001382,C1131,F,36,Maison,Miroir,1007.44,2,0,En ligne
2024-05-04,Marrakech,C,T001383,C1513,M,37,Sports,Ballon,665.19,1,0,Especes
2024-06-30,Casablanca,E,T001384,C1309,M,35,Alimentation,Riz,18.54,2,5,carte
2024-12-17,Rabat,B,T001385,C1539,,35,Alimentation,Cafe,123.67,4,10,CB
2024-10-29,Marrakech,E,T001386,C1308,F,37,Alimentation,Cereales,74.31,1,10,Especes
2024-06-10,Agadir,B,T001387,C1098,M,24,Sports,Velo appartement,1268.68,2,10,En ligne
2024-08-06,Rabat,A,T001388,C1173,M,34,Beaute,Parfum,199.84,3,0,CB
2024-11-03,Marrakech,D,T001389,C1268,F,31,Alimentation,Riz,72.51,2,0,En ligne
2024-08-22,Marrakech,A,T001390,C1538,M,16,Beaute,Maquillage,116.58,1,5,Carte
2024-02-29,Agadir,C,T001391,C1600,F,19,Electronique,Casque,2433.82,1,10,Carte
2024-12-20,Fes,B,T001392,C1449,F,16,Electronique,Tablette,1786.25,2,10,En ligne
2024-03-11,Tanger,C,T001393,C1365,F,28,Beaute,Creme,648.86,2,0,Carte
2024-10-20,Agadir,C,T001394,C1242,F,41,Maison,Coussin,1302.17,2,0,Especes
2024-11-12,Rabat,E,T001395,C1373,M,16,Vetements,T-shirt,599.76,2,0,En ligne
2024-01-08,Rabat,D,T001396,C1686,M,52,Sports,Ballon,172.33,1,0,Carte
2024-11-04,Fes,C,T001397,C1410,F,33,Alimentation,Pates,70.84,1,0,Especes
2024-12-12,Casablanca,C,T001398,C1245,F,28,Maison,Chaise,722.41,1,0,En ligne
2024-08-14,Rabat,E,T001399,C1456,M,33,Vetements,T-shirt,597.2,1,10,En ligne
2024-01-10,Fes,A,T001400,C1689,M,20,Alimentation,Cereales,113.04,4,10,carte
2024-04-28,Rabat,E,T001401,C1388,M,36,Sports,Raquette,1600.6,1,0,En ligne
2024-07-09,Marrakech,A,T001402,C1132,F,37,Alimentation,Huile,64.12,1,0,Especes
2024-05-08,Fes,D,T001403,C1486,M,18,Alimentation,Riz,171.84,2,0,En ligne
2024-07-03,Tanger,B,T001404,C1598,M,34,Alimentation,Riz,23.39,1,10,CB
2024-05-26,Marrakech,D,T001405,C1279,F,38,Alimentation,Cereales,166.38,1,5,Carte
2024-11-28,Fes,E,T001406,C1637,M,30,Sports,Chaussures Running,640.09,1,10,En ligne
2024-04-24,Rabat,B,T001407,C1427,F,24,Beaute,Savon,232.05,2,0,Especes
2024-10-17,Rabat,B,T001408,C1582,F,32,Beaute,Maquillage,517.27,1,15,Especes
2024-07-24,Marrakech,E,T001409,C1226,M,38,Alimentation,The,202.7,1,0,En ligne
2024-07-26,Fes,D,T001410,C1694,F,39,Vetements,T-shirt,851.99,1,0,En ligne
2024-09-02,Agadir,B,T001411,C1297,M,45,Maison,Table,971.05,1,5,En ligne
2024-04-14,Rabat,A,T001412,C1461,F,38,Electronique,Smartphone,3478.34,2,0,carte
2024-08-04,Marrakech,C,T001413,C1001,F,34,Vetements,Veste,609.59,2,5,Especes
2024-06-13,Marrakech,E,T001414,C1379,F,39,Vetements,Chaussures,351.95,1,5,En ligne
2024-06-12,Agadir,D,T001415,C1382,M,35,Electronique,Casque,2637.64,1,10,carte
2024-07-19,Marrakech,B,T001416,C1026,F,17,Electronique,Smartphone,3398.55,2,0,Carte
2024-03-15,Rabat,C,T001417,C1564,F,35,Vetements,T-shirt,612.27,1,0,Especes
2024-04-08,Fes,D,T001418,C1270,M,38,Maison,Lampe,716.24,1,10,Carte
2024-02-02,Rabat,B,T001419,C1012,F,26,Alimentation,Pates,150.17,2,10,En ligne
2024-10-12,Agadir,C,T001420,C1439,F,31,Vetements,Robe,760.34,1,5,Carte
2024-07-28,Marrakech,A,T001421,C1350,F,33,Alimentation,The,143.16,1,10,carte
2024-10-04,Fes,B,T001422,C1648,M,34,Electronique,Clavier,1313.48,1,0,Carte
2024-02-03,Casablanca,A,T001423,C1504,M,38,Electronique,Ecouteurs,880.36,2,0,Carte
2024-07-26,Marrakech,E,T001424,C1477,M,,Electronique,Ecouteurs,975.27,1,0,Especes
2024-07-23,Agadir,D,T001425,C1334,M,54,Electronique,Casque,2445.04,2,0,En ligne
2024-10-30,Tanger,B,T001426,C1308,M,50,Alimentation,The,32.33,1,10,En ligne
2024-02-23,Agadir,E,T001427,C1638,F,41,Sports,Tapis Yoga,1266.69,1,0,Especes
2024-08-27,Rabat,D,T001428,C1606,M,32,Beaute,Creme,627.96,1,0,Especes
2024-11-19,Casablanca,C,T001429,C1013,M,45,Alimentation,Cafe,69.8,3,0,Carte
2024-12-07,Rabat,D,T001430,C1286,F,42,Beaute,Serum,386.71,2,0,Carte
2024-03-23,Tanger,E,T001431,C1093,M,16,Beaute,Serum,594.89,2,0,Especes
2024-04-19,Rabat,A,T001432,C1094,F,25,Maison,Lampe,572.01,1,10,Carte
2024-07-17,Rabat,A,T001433,C1619,F,,Maison,Lampe,520.02,1,15,Especes
2024-01-28,Agadir,E,T001434,C1520,F,31,Electronique,Souris,1065.53,4,0,Carte
2024-04-14,Marrakech,E,T001435,C1667,F,28,Beaute,Savon,567.62,2,5,Carte
2024-03-03,Agadir,B,T001436,C1415,M,35,Maison,Lampe,425.67,1,10,Carte
2024-03-07,Casablanca,C,T001437,C1307,F,40,Beaute,Parfum,571.42,1,10,En ligne
2024-08-14,Rabat,D,T001438,C1108,M,31,Vetements,Jean,458.76,1,0,En ligne
2024-05-31,Marrakech,A,T001439,C1583,F,40,Maison,Coussin,501.76,1,0,Carte
2024-05-10,Marrakech,B,T001440,C1149,M,35,Sports,Tapis Yoga,224.53,1,0,Especes
2024-10-01,Tanger,E,T001441,C1203,F,40,Sports,Ballon,356.63,1,0,Carte
2024-02-17,Casablanca,C,T001442,C1324,F,36,Sports,Raquette,1135.66,1,0,En ligne
2024-10-10,Marrakech,E,T001443,C1219,M,38,Sports,Ballon,1789.25,1,10,Carte
2024-10-11,Marrakech,B,T001444,C1551,M,54,Vetements,Veste,464.47,1,15,Carte
2024-11-26,Tanger,E,T001445,C1076,F,16,Vetements,Chaussures,822.75,2,0,En ligne
2024-07-06,Fes,A,T001446,C1552,F,45,Beaute,Serum,640.93,2,0,Especes
2024-10-10,Fes,E,T001447,C1111,F,26,Electronique,Souris,911.16,1,10,En ligne
2024-10-29,Casablanca,E,T001448,C1383,F,34,Electronique,Tablette,2379.12,1,5,En ligne
2024-04-17,Casablanca,D,T001449,C1172,M,31,Alimentation,Riz,166.26,2,0,En ligne
2024-11-02,Marrakech,B,T001450,C1207,M,23,Alimentation,Cafe,168.31,2,10,Carte
2024-06-28,Marrakech,C,T001451,C1547,F,19,Alimentation,Pates,123.48,1,0,En ligne
2024-10-29,Tanger,E,T001452,C1633,M,36,Sports,Halteres,431.67,1,0,Especes
2024-01-20,Agadir,D,T001453,C1594,F,22,Vetements,Robe,763.36,1,5,En ligne
2024-04-09,Casablanca,C,T001454,C1229,F,36,Beaute,Creme,252.57,2,0,En ligne
2024-12-23,Rabat,A,T001455,C1282,F,43,Sports,Chaussures Running,662.75,2,0,Carte
2024-02-17,Tanger,E,T001456,C1047,M,27,Maison,Coussin,210.09,1,0,carte
2024-02-10,Fes,D,T001457,C1211,F,40,Electronique,Clavier,2356.99,2,5,Especes
2024-10-24,Tanger,B,T001458,C1142,F,29,Alimentation,Cereales,123.9,1,0,Carte
2024-05-20,Casablanca,E,T001459,C1397,F,26,Alimentation,Huile,112.64,1,5,En ligne
2024-05-22,Agadir,A,T001460,C1091,F,50,Maison,Lampe,871.36,1,0,Carte
2024-11-05,Rabat,C,T001461,C1548,M,37,Alimentation,Cereales,26.38,1,0,Carte
2024-03-28,Fes,B,T001462,C1643,M,40,Vetements,Veste,186.83,1,5,carte
2024-12-01,Fes,B,T001463,C1083,M,27,Alimentation,Pates,184.58,3,10,Especes
2024-07-01,Marrakech,C,T001464,C1450,,33,Maison,Miroir,236.2,3,5,Carte
2024-02-25,Marrakech,D,T001465,C1426,F,32,Maison,Coussin,592.52,1,0,Carte
2024-10-08,Fes,C,T001466,C1437,M,31,Maison,Coussin,625.47,1,10,En ligne
2024-05-26,Casablanca,A,T001467,C1165,M,16,Vetements,Chaussures,529.43,1,15,Especes
2024-03-31,Casablanca,A,T001468,C1195,M,27,Electronique,Clavier,761.88,1,10,Carte
2024-05-11,Fes,B,T001469,C1564,M,45,Maison,Table,1268.4,2,0,Carte
2024-09-05,Fes,B,T001470,C1574,F,35,Sports,Raquette,1078.48,3,10,En ligne
2024-07-19,Fes,E,T001471,C1385,F,45,Vetements,T-shirt,628.07,4,0,En ligne
2024-05-29,Casablanca,B,T001472,C1578,M,35,Alimentation,Huile,141.79,2,0,Especes
2024-01-31,Marrakech,E,T001473,C1196,F,36,Maison,Tapis,610.76,1,0,Especes
2024-06-18,Rabat,B,T001474,C1052,F,37,Sports,Halteres,980.77,1,0,Especes
2024-04-14,Agadir,A,T001475,C1391,M,25,Alimentation,Cafe,174.91,2,0,En ligne
2024-05-31,Agadir,D,T001476,C1509,M,52,Maison,Chaise,424.91,1,5,En ligne
2024-07-07,Fes,C,T001477,C1473,F,37,Electronique,Casque,2278.01,1,,En-ligne
2024-03-10,Tanger,C,T001478,C1187,M,44,Vetements,Sweat,726.76,1,10,Carte
2024-07-19,Tanger,C,T001479,C1266,F,41,Maison,Coussin,519.48,1,0,Especes
2024-03-01,Marrakech,B,T001480,C1327,M,23,Alimentation,Riz,44.88,2,10,Carte
2024-11-01,Rabat,E,T001481,C1332,M,40,Beaute,Savon,390.92,2,0,Carte
2024-02-27,Tanger,E,T001482,C1275,M,47,Sports,Halteres,542.51,1,0,Especes
2024-07-26,Fes,E,T001483,C1684,F,35,Electronique,Casque,1334.77,3,0,En ligne
2024-01-08,Casablanca,B,T001484,C1576,F,57,Maison,Coussin,812.72,1,,Especes
2024-06-19,Tanger,E,T001485,C1530,M,45,Sports,Raquette,325.18,2,0,En-ligne
2024-10-14,Rabat,A,T001486,C1668,F,25,Vetements,Robe,314.72,4,0,Especes
2024-01-31,Marrakech,D,T001487,C1682,M,20,Alimentation,Riz,73.79,1,5,En ligne
2024-09-01,Casablanca,B,T001488,C1320,F,28,Sports,Halteres,911.33,1,10,Carte
2024-10-30,Tanger,B,T001489,C1593,M,35,Alimentation,Huile,109.56,1,5,Carte
2024-03-22,Casablanca,D,T001490,C1686,M,28,Beaute,Serum,592.45,2,0,En ligne
2024-07-16,Agadir,A,T001491,C1601,F,44,Vetements,Veste,896.44,1,15,En ligne
2024-01-26,Casablanca,E,T001492,C1533,F,31,Maison,Tapis,954.89,3,10,En ligne
2024-02-13,Fes,A,T001493,C1367,F,50,Vetements,Veste,498.37,2,0,Especes
2024-10-17,Marrakech,B,T001494,C1001,,28,Alimentation,Cafe,199.88,1,0,En ligne
2024-05-18,Casablanca,E,T001495,C1405,M,22,Electronique,Smartphone,1219.55,1,15,Especes
2024-04-05,Rabat,B,T001496,C1595,F,27,Beaute,Creme,605.15,1,0,En-ligne
2024-05-04,Fes,B,T001497,C1203,M,39,Beaute,Serum,190.8,2,0,En-ligne
2024-07-20,Tanger,A,T001498,C1618,F,25,Electronique,Tablette,351.59,1,0,En ligne
2024-01-05,Casablanca,A,T001499,C1596,M,27,Electronique,Souris,3358.28,1,0,Especes
2024-03-20,Tanger,E,T001500,C1313,M,32,Alimentation,Cafe,213.49,1,0,Carte
2024-09-13,Tanger,B,T001501,C1278,M,32,Electronique,Clavier,2109.26,2,10,En ligne
2024-10-12,Agadir,E,T001502,C1460,M,31,Maison,Lampe,773.19,1,5,Carte
2024-12-16,Rabat,B,T001503,C1523,F,34,Electronique,Smartphone,3477.87,1,0,Carte
2024-06-05,Tanger,D,T001504,C1477,M,33,Vetements,Chaussures,142.67,1,0,Carte
2024-09-15,Marrakech,D,T001505,C1511,F,35,Alimentation,Pates,81.15,3,,Especes
2024-07-23,Agadir,B,T001506,C1373,F,35,Electronique,Tablette,2144.47,1,0,Especes
2024-07-24,Tanger,D,T001507,C1238,M,,Sports,Raquette,1483.51,1,10,carte
2024-07-28,Fes,C,T001508,C1663,F,52,Electronique,Souris,1241.82,2,5,En ligne
2024-05-12,Casablanca,C,T001509,C1593,F,23,Vetements,Sweat,383.77,1,0,Especes
2024-11-27,Fes,E,T001510,C1652,M,16,Sports,Chaussures Running,501.25,3,10,En ligne
2024-10-13,Casablanca,B,T001511,C1670,F,48,Maison,Miroir,260.53,1,5,Carte
2024-10-31,Fes,A,T001512,C1071,M,32,Alimentation,Cafe,197.71,2,,En ligne
2024-03-04,Tanger,B,T001513,C1043,F,21,Maison,Coussin,275.57,1,0,Carte
2024-11-16,Agadir,E,T001514,C1294,,32,Vetements,Jean,402.25,2,0,En ligne
2024-07-07,Casablanca,B,T001515,C1147,F,38,Alimentation,Pates,55.78,1,0,Especes
2024-04-04,Agadir,C,T001516,C1031,F,42,Electronique,Souris,258.92,2,0,En-ligne
2024-06-29,Casablanca,E,T001517,C1420,M,32,Sports,Chaussures Running,1296.03,2,5,Carte
2024-02-26,Agadir,A,T001518,C1201,M,40,Vetements,Veste,408.92,1,0,Especes
2024-09-28,Marrakech,B,T001519,C1479,M,31,Alimentation,The,59.07,1,0,En ligne
2024-08-23,Rabat,B,T001520,C1521,F,38,Electronique,Ecouteurs,2305.44,1,5,Carte
2024-04-30,Fes,B,T001521,C1216,F,39,Electronique,Clavier,2877.64,1,15,En ligne
2024-08-31,Rabat,C,T001522,C1212,F,29,Beaute,Creme,638.58,1,0,Especes
2024-01-18,Rabat,B,T001523,C1509,F,41,Maison,Lampe,1135.46,2,0,En ligne
2024-01-09,Tanger,B,T001524,C1624,F,45,Electronique,Casque,2874.33,1,10,En ligne
2024-01-02,Tanger,B,T001525,C1283,M,38,Alimentation,Riz,155.54,1,10,Carte
2024-05-06,Rabat,E,T001526,C1599,,37,Electronique,Tablette,3408.74,1,0,En-ligne
2024-12-01,Fes,E,T001527,C1356,,43,Beaute,Maquillage,55.87,1,0,En ligne
2024-12-28,Agadir,C,T001528,C1026,M,54,Vetements,T-shirt,629.91,1,0,En ligne
2024-08-08,Fes,A,T001529,C1270,M,,Sports,Raquette,1269.68,1,0,Especes
2024-06-11,Marrakech,E,T001530,C1140,F,57,Beaute,Serum,404.67,1,0,Carte
2024-07-06,Marrakech,E,T001531,C1216,M,47,Beaute,Maquillage,304.05,2,0,Especes
2024-06-03,Marrakech,A,T001532,C1456,F,,Alimentation,Pates,43.71,2,5,Carte
2024-07-20,Agadir,E,T001533,C1027,F,28,Electronique,Smartphone,1665.58,2,10,Carte
2024-11-10,Agadir,A,T001534,C1470,M,34,Beaute,Savon,332,3,0,Carte
2024-05-23,Marrakech,E,T001535,C1162,F,40,Alimentation,Huile,213.02,1,5,En ligne
2024-01-15,Casablanca,B,T001536,C1243,F,36,Electronique,Clavier,1535.24,1,10,Carte
2024-07-03,Marrakech,B,T001537,C1152,M,44,Maison,Chaise,213.99,1,10,En ligne
2024-11-10,Casablanca,B,T001538,C1165,M,39,Alimentation,Pates,59.05,4,5,Carte
2024-08-08,Marrakech,D,T001539,C1614,M,30,Electronique,Ecouteurs,605.82,1,0,Carte
2024-12-08,Tanger,B,T001540,C1518,M,19,Sports,Velo appartement,738.37,2,,Carte
2024-10-15,Casablanca,A,T001541,C1243,F,24,Vetements,Chaussures,434.34,1,0,Carte
2024-08-22,Rabat,B,T001542,C1304,F,41,Electronique,Smartphone,1747.29,1,0,Carte
2024-04-14,Casablanca,B,T001543,C1392,M,16,Maison,Table,1305.34,2,10,En ligne
2024-06-29,Marrakech,D,T001544,C1655,M,29,Alimentation,Huile,107.15,2,0,Carte
2024-05-04,Fes,B,T001545,C1421,F,51,Alimentation,The,59.03,1,,Especes
2024-09-14,Marrakech,A,T001546,C1160,F,28,Maison,Coussin,258.36,1,0,Carte
2024-09-06,Fes,E,T001547,C1134,F,32,Sports,Velo appartement,1184.47,2,0,Especes
2024-11-11,Rabat,B,T001548,C1608,M,17,Beaute,Serum,660.65,1,0,Carte
2024-05-04,Fes,C,T001549,C1603,M,30,Maison,Miroir,1367.82,1,0,En ligne
2024-04-20,Rabat,E,T001550,C1627,M,43,Alimentation,Cereales,22.54,1,0,Carte
2024-01-19,Rabat,D,T001551,C1122,F,30,Sports,Ballon,1201.88,1,5,Especes
2024-11-09,Casablanca,B,T001552,C1214,F,16,Electronique,Clavier,3133.11,1,0,Carte
2024-03-01,Agadir,C,T001553,C1079,M,48,Electronique,Smartphone,2888.12,3,10,Especes
2024-03-13,Rabat,D,T001554,C1289,M,46,Alimentation,Cereales,68.09,2,0,Especes
2024-11-05,Rabat,A,T001555,C1599,M,32,Electronique,Ecouteurs,616.3,3,0,Carte
2024-02-29,Rabat,D,T001556,C1108,M,36,Maison,Miroir,1234.84,1,0,Especes
2024-03-13,Rabat,A,T001557,C1118,M,42,Electronique,Tablette,1807.46,1,0,Especes
2024-03-13,Tanger,B,T001558,C1697,M,,Alimentation,Cafe,187.4,2,5,Carte
2024-12-12,Fes,A,T001559,C1530,F,20,Maison,Coussin,1200.87,1,0,Carte
2024-07-20,Agadir,D,T001560,C1136,F,21,Alimentation,Huile,146.73,1,5,Especes
2024-07-17,Agadir,C,T001561,C1264,M,16,Alimentation,Pates,57.09,1,0,Carte
2024-12-25,Marrakech,A,T001562,C1566,F,29,Alimentation,Huile,215.53,1,0,Carte
2024-03-19,Tanger,C,T001563,C1123,F,46,Alimentation,Cafe,142.14,4,0,Carte
2024-08-21,Casablanca,C,T001564,C1685,M,28,Vetements,Chaussures,283.71,1,5,Especes
2024-12-04,Marrakech,A,T001565,C1639,M,48,Alimentation,Huile,79.69,1,0,Especes
2024-02-02,Rabat,C,T001566,C1317,F,40,Sports,Chaussures Running,1749.12,2,,Especes
2024-02-24,Tanger,C,T001567,C1313,M,39,Alimentation,Cafe,131.69,2,0,Carte
2024-06-25,Agadir,B,T001568,C1307,M,20,Alimentation,Huile,22.69,1,0,Especes
2024-03-13,Marrakech,E,T001569,C1605,M,44,Alimentation,Pates,32.21,1,5,En ligne
2024-09-06,Agadir,E,T001570,C1238,F,53,Beaute,Parfum,254.03,1,0,Carte
2024-07-23,Rabat,D,T001571,C1030,M,39,Electronique,Smartphone,582.52,1,0,Especes
2024-10-31,Rabat,A,T001572,C1606,M,40,Sports,Halteres,825.43,2,0,Carte
2024-03-05,Marrakech,B,T001573,C1627,F,33,Alimentation,Riz,102.99,1,0,En ligne
2024-11-17,Casablanca,C,T001574,C1469,M,29,Sports,Tapis Yoga,244.92,1,5,Especes
2024-05-06,Marrakech,A,T001575,C1311,F,34,Sports,Velo appartement,1709.1,1,0,Especes
2024-09-15,Marrakech,C,T001576,C1183,F,16,Alimentation,Cereales,143.31,1,10,Carte
2024-10-30,Fes,C,T001577,C1418,F,38,Maison,Table,93.3,4,0,En ligne
2024-06-16,Casablanca,E,T001578,C1438,M,,Vetements,T-shirt,818.29,2,15,Especes
2024-08-13,Casablanca,E,T001579,C1673,F,47,Beaute,Savon,392.13,1,0,Carte
2024-06-19,Marrakech,B,T001580,C1411,M,37,Sports,Tapis Yoga,424.27,1,0,Carte
2024-07-14,Fes,A,T001581,C1361,M,16,Electronique,Smartphone,3431.77,1,15,En ligne
2024-08-12,Casablanca,A,T001582,C1090,M,36,Vetements,Jean,867.72,2,0,Carte
2024-10-14,Agadir,A,T001583,C1658,M,21,Maison,Table,1064.97,2,0,En ligne
2024-01-20,Rabat,E,T001584,C1533,F,25,Vetements,Sweat,471.12,1,10,En ligne
2024-02-19,Rabat,B,T001585,C1494,M,16,Alimentation,Cafe,216.92,2,0,CB
2024-08-05,Fes,A,T001586,C1443,M,22,Electronique,Tablette,210.23,1,10,Especes
2024-11-16,Fes,A,T001587,C1142,M,28,Maison,Coussin,492.01,1,5,Especes
2024-05-21,Fes,C,T001588,C1452,M,28,Beaute,Creme,380.38,1,10,Especes
2024-12-14,Marrakech,D,T001589,C1003,F,29,Vetements,Sweat,633.71,2,0,En ligne
2024-03-30,Tanger,B,T001590,C1039,F,41,Beaute,Creme,47.1,1,10,Especes
2024-01-20,Tanger,B,T001591,C1647,M,26,Sports,Velo appartement,217.29,2,5,Especes
2024-09-06,Casablanca,A,T001592,C1488,M,34,Maison,Tapis,909.9,4,0,Carte
2024-09-28,Marrakech,C,T001593,C1230,F,35,Beaute,Maquillage,564.64,1,,Especes
2024-06-09,Tanger,A,T001594,C1468,F,52,Electronique,Ecouteurs,3452.68,1,0,Especes
2024-01-22,Tanger,A,T001595,C1505,F,37,Beaute,Savon,165.53,1,0,Especes
2024-06-28,Agadir,A,T001596,C1693,M,43,Vetements,Sweat,430.85,1,5,En ligne
2024-05-24,Casablanca,A,T001597,C1602,F,,Electronique,Ecouteurs,2509.05,2,0,Especes
2024-10-05,Tanger,C,T001598,C1175,F,16,Maison,Tapis,795.14,2,0,Carte
2024-03-04,Tanger,E,T001599,C1550,F,54,Electronique,Smartphone,3054.07,1,5,En ligne
2024-11-19,Rabat,A,T001600,C1213,M,36,Alimentation,Cereales,41.5,1,0,En ligne
2024-04-11,Rabat,B,T001601,C1405,F,37,Sports,Velo appartement,1583.85,1,0,En ligne
2024-12-13,Tanger,C,T001602,C1206,M,44,Vetements,Robe,588.96,1,,En ligne
2024-02-12,Agadir,D,T001603,C1581,F,32,Alimentation,Huile,165.28,3,10,Carte
2024-04-17,Casablanca,E,T001604,C1645,M,30,Alimentation,Cereales,33.24,1,0,Especes
2024-06-29,Agadir,D,T001605,C1302,F,44,Sports,Tapis Yoga,1445.61,2,0,Carte
2024-10-08,Rabat,C,T001606,C1552,F,33,Electronique,Tablette,310.51,1,5,Especes
2024-11-30,Fes,C,T001607,C1169,F,37,Electronique,Souris,2149.96,1,0,En ligne
2024-12-22,Agadir,A,T001608,C1330,F,23,Alimentation,Cafe,32.57,3,0,Carte
2024-08-29,Fes,A,T001609,C1498,M,34,Alimentation,The,55.06,1,5,Especes
2024-03-30,Agadir,C,T001610,C1659,F,29,Sports,Ballon,622.43,1,10,En ligne
2024-06-16,Fes,C,T001611,C1018,M,34,Sports,Velo appartement,352.5,1,5,Carte
2024-12-14,Fes,A,T001612,C1014,F,,Electronique,Clavier,1105.69,2,5,En ligne
2024-06-27,Agadir,E,T001613,C1604,F,54,Vetements,Sweat,490.25,2,15,Carte
2024-05-29,Agadir,C,T001614,C1621,F,25,Vetements,T-shirt,128.26,2,0,Carte
2024-06-24,Agadir,E,T001615,C1099,M,23,Vetements,Jean,148.98,1,15,En ligne
2024-11-28,Tanger,D,T001616,C1682,F,20,Sports,Halteres,1717.91,2,0,Carte
2024-01-24,Tanger,C,T001617,C1072,M,19,Alimentation,Riz,213.62,1,5,Especes
2024-04-28,Agadir,A,T001618,C1116,F,46,Alimentation,Cafe,47.6,2,0,En ligne
2024-12-24,Marrakech,C,T001619,C1136,M,41,Maison,Lampe,267.47,1,0,Carte
2024-10-20,Agadir,C,T001620,C1182,F,37,Beaute,Serum,114.99,1,5,Especes
2024-02-23,Rabat,B,T001621,C1040,M,42,Sports,Ballon,1294.68,3,0,En ligne
2024-09-30,Tanger,B,T001622,C1153,M,32,Beaute,Maquillage,322.85,2,0,En ligne
2024-08-17,Rabat,C,T001623,C1689,M,27,Alimentation,Pates,51.32,1,0,En ligne
2024-05-05,Agadir,A,T001624,C1164,F,45,Vetements,Chaussures,831.3,1,5,Carte
2024-04-12,Agadir,C,T001625,C1422,M,,Beaute,Parfum,190.75,2,10,En ligne
2024-06-24,Agadir,D,T001626,C1154,M,38,Beaute,Creme,330.69,2,0,En ligne
2024-02-20,Fes,D,T001627,C1046,M,42,Electronique,Ecouteurs,2424.5,3,10,En ligne
2024-08-24,Casablanca,B,T001628,C1169,M,39,Alimentation,Cafe,212.07,1,0,En ligne
2024-11-30,Casablanca,D,T001629,C1697,M,47,Alimentation,Pates,217.5,1,5,Especes
2024-04-30,Marrakech,A,T001630,C1153,M,44,Electronique,Tablette,750.2,1,0,CB
2024-01-30,Marrakech,D,T001631,C1118,F,,Alimentation,Huile,63.02,3,0,Carte
2024-05-06,Fes,E,T001632,C1551,M,55,Sports,Velo appartement,1384.23,1,10,En ligne
2024-01-03,Agadir,D,T001633,C1518,M,35,Vetements,Jean,487.42,2,5,En ligne
2024-07-10,Agadir,C,T001634,C1343,F,27,Maison,Chaise,408.34,1,10,En-ligne
2024-05-10,Agadir,E,T001635,C1340,F,53,Vetements,Jean,320.44,2,10,Carte
2024-11-28,Casablanca,E,T001636,C1329,F,17,Electronique,Tablette,1481.04,1,15,Especes
2024-02-22,Marrakech,B,T001637,C1021,F,42,Electronique,Ecouteurs,201.29,4,0,En ligne
2024-10-08,Agadir,E,T001638,C1178,F,38,Alimentation,Cereales,173.42,2,0,En ligne
2024-07-31,Tanger,B,T001639,C1660,M,33,Beaute,Savon,512.09,2,10,En-ligne
2024-10-04,Fes,C,T001640,C1419,F,35,Electronique,Clavier,1052.1,1,5,Carte
2024-08-14,Tanger,D,T001641,C1279,F,54,Vetements,Jean,444.72,2,0,Especes
2024-11-13,Rabat,E,T001642,C1504,F,19,Alimentation,Riz,85.4,1,0,En ligne
2024-12-02,Fes,C,T001643,C1637,F,37,Alimentation,Pates,74.15,1,10,Carte
2024-07-25,Casablanca,E,T001644,C1369,M,39,Maison,Tapis,921.36,1,0,En ligne
2024-06-11,Tanger,E,T001645,C1520,F,27,Vetements,Chaussures,128.08,1,10,Especes
2024-05-25,Fes,B,T001646,C1656,M,16,Sports,Tapis Yoga,1553.97,1,,En ligne
2024-11-25,Casablanca,E,T001647,C1216,M,34,Beaute,Maquillage,397.27,2,0,En ligne
2024-10-25,Casablanca,E,T001648,C1185,M,28,Vetements,Sweat,285.35,1,5,Carte
2024-10-15,Rabat,B,T001649,C1588,M,22,Beaute,Maquillage,332.46,1,10,Especes
2024-01-22,Fes,B,T001650,C1398,M,18,Vetements,Jean,541.94,1,10,Especes
2024-09-18,Agadir,B,T001651,C1292,M,33,Vetements,Robe,609.5,1,0,En ligne
2024-01-07,Agadir,E,T001652,C1689,F,44,Beaute,Shampooing,300.09,2,0,En ligne
2024-06-27,Rabat,A,T001653,C1520,M,35,Beaute,Maquillage,699.61,2,0,Especes
2024-08-06,Marrakech,B,T001654,C1613,F,16,Maison,Table,545.17,2,10,Especes
2024-11-03,Casablanca,A,T001655,C1096,M,,Electronique,Souris,1517.34,2,0,Carte
2024-08-08,Tanger,A,T001656,C1579,F,38,Beaute,Serum,447.62,2,0,Especes
2024-05-03,Agadir,E,T001657,C1444,F,40,Alimentation,The,121.12,1,0,Carte
2024-06-18,Marrakech,A,T001658,C1106,F,30,Beaute,Creme,600.79,1,0,En ligne
2024-04-27,Tanger,D,T001659,C1607,M,43,Electronique,Tablette,2978.56,1,10,Especes
2024-03-04,Casablanca,B,T001660,C1524,M,29,Vetements,T-shirt,690.38,3,10,En ligne
2024-06-27,Agadir,A,T001661,C1055,M,46,Beaute,Parfum,136.15,3,5,En-ligne
2024-02-08,Tanger,A,T001662,C1501,F,33,Electronique,Clavier,754.5,2,0,Especes
2024-04-15,Casablanca,E,T001663,C1146,,32,Vetements,Robe,632.15,2,10,En ligne
2024-01-19,Agadir,C,T001664,C1022,F,41,Electronique,Souris,2281.32,2,0,Carte
2024-10-13,Fes,D,T001665,C1589,M,42,Alimentation,The,138.99,2,0,En ligne
2024-09-19,Casablanca,B,T001666,C1128,M,34,Vetements,Sweat,630.77,1,0,En ligne
2024-07-27,Casablanca,A,T001667,C1401,M,39,Electronique,Souris,215.24,1,0,Carte
2024-08-26,Fes,B,T001668,C1405,F,31,Alimentation,The,112.24,1,15,Carte
2024-11-30,Tanger,D,T001669,C1263,F,22,Electronique,Souris,677.13,1,15,Especes
2024-09-27,Rabat,C,T001670,C1312,F,24,Alimentation,Cereales,45.19,1,,Carte
2024-01-06,Rabat,C,T001671,C1541,M,36,Vetements,Jean,404,1,10,En ligne
2024-02-26,Agadir,C,T001672,C1315,M,16,Maison,Tapis,911.73,2,10,Especes
2024-01-03,Rabat,E,T001673,C1322,F,36,Vetements,Jean,531.29,2,0,Carte
2024-07-14,Agadir,A,T001674,C1442,M,33,Maison,Coussin,757.46,2,5,En-ligne
2024-09-25,Tanger,D,T001675,C1658,F,,Sports,Halteres,1792.86,3,5,Especes
2024-03-23,Tanger,C,T001676,C1546,F,36,Beaute,Maquillage,139.41,1,15,Especes
2024-08-25,Fes,A,T001677,C1136,M,16,Vetements,Chaussures,410.98,2,10,Especes
2024-05-23,Marrakech,D,T001678,C1414,F,23,Alimentation,Pates,54.73,2,10,En ligne
2024-07-15,Tanger,D,T001679,C1050,F,16,Maison,Table,1316.25,1,0,Carte
2024-03-01,Fes,A,T001680,C1041,M,30,Maison,Tapis,725.73,1,0,En ligne
2024-06-22,Agadir,C,T001681,C1294,M,29,Maison,Lampe,434.14,2,0,En ligne
2024-03-08,Tanger,C,T001682,C1121,F,37,Vetements,Chaussures,674.52,1,15,Carte
2024-05-08,Tanger,A,T001683,C1683,M,32,Electronique,Ecouteurs,1090.39,1,0,En ligne
2024-08-31,Tanger,E,T001684,C1183,F,16,Vetements,Sweat,456.43,2,5,En ligne
2024-09-10,Rabat,B,T001685,C1697,F,54,Sports,Ballon,1220.19,1,10,Especes
2024-04-22,Fes,A,T001686,C1077,F,33,Vetements,Robe,312.29,2,0,Especes
2024-06-21,Fes,B,T001687,C1623,M,35,Vetements,Veste,221.26,2,5,En-ligne
2024-05-21,Agadir,A,T001688,C1080,F,54,Beaute,Shampooing,532.1,1,5,Carte
2024-06-28,Agadir,B,T001689,C1460,M,22,Vetements,Jean,140.84,2,5,Carte
2024-09-19,Agadir,E,T001690,C1072,F,36,Beaute,Serum,585.95,1,0,Especes
2024-02-22,Tanger,D,T001691,C1016,F,46,Alimentation,Riz,25.21,1,0,En ligne
2024-12-03,Tanger,E,T001692,C1255,F,31,Beaute,Creme,576.28,1,0,carte
2024-01-15,Tanger,E,T001693,C1213,M,18,Alimentation,The,123,1,10,carte
2024-02-15,Fes,A,T001694,C1114,M,25,Vetements,Sweat,484.52,4,10,Carte
2024-07-04,Fes,A,T001695,C1345,M,46,Sports,Velo appartement,1030.35,2,0,En ligne
2024-02-14,Tanger,B,T001696,C1234,M,44,Vetements,Sweat,120.09,1,0,En ligne
2024-01-23,Marrakech,E,T001697,C1130,M,27,Vetements,Robe,286.13,1,0,En ligne
2024-04-25,Tanger,D,T001698,C1253,F,37,Alimentation,Huile,153.05,2,0,Especes
2024-04-11,Casablanca,E,T001699,C1166,F,46,Electronique,Smartphone,2585.6,1,0,Carte
2024-03-06,Fes,B,T001700,C1170,M,38,Maison,Coussin,445.53,2,5,Especes
2024-01-01,Rabat,E,T001701,C1569,F,17,Maison,Tapis,908.91,2,5,Carte
2024-06-21,Marrakech,B,T001702,C1073,F,24,Sports,Ballon,1631.92,2,5,Carte
2024-09-07,Agadir,E,T001703,C1650,M,35,Electronique,Ecouteurs,2483.21,1,0,Carte
2024-09-22,Agadir,C,T001704,C1170,F,36,Electronique,Ecouteurs,2584.71,1,15,En ligne
2024-07-11,Agadir,E,T001705,C1537,F,46,Maison,Coussin,114.05,1,0,En ligne
2024-04-25,Casablanca,A,T001706,C1263,M,16,Beaute,Maquillage,342.28,1,0,Carte
2024-04-07,Fes,E,T001707,C1047,M,44,Electronique,Clavier,2978.85,1,5,carte
2024-10-03,Rabat,B,T001708,C1003,F,38,Electronique,Tablette,1878.36,1,0,En ligne
2024-02-12,Fes,C,T001709,C1275,F,40,Vetements,Robe,734.42,1,0,Especes
2024-09-22,Tanger,A,T001710,C1474,F,41,Maison,Lampe,508.43,1,15,Carte
2024-08-10,Agadir,B,T001711,C1487,F,29,Beaute,Shampooing,230.76,2,0,Carte
2024-05-19,Rabat,D,T001712,C1105,M,44,Sports,Halteres,365.36,2,0,En ligne
2024-08-05,Marrakech,C,T001713,C1625,F,37,Alimentation,Pates,94.75,1,5,En ligne
2024-07-12,Tanger,E,T001714,C1293,M,41,Alimentation,Cafe,58.38,1,10,Especes
2024-09-24,Fes,B,T001715,C1154,M,42,Sports,Velo appartement,819.64,1,5,Especes
2024-01-17,Marrakech,B,T001716,C1467,M,30,Maison,Coussin,385.69,2,0,En ligne
2024-12-30,Rabat,B,T001717,C1029,F,37,Beaute,Shampooing,195.73,2,0,Especes
2024-01-22,Marrakech,D,T001718,C1069,M,33,Beaute,Creme,367.16,2,0,En ligne
2024-03-02,Tanger,A,T001719,C1294,M,46,Beaute,Serum,350.13,1,0,Especes
2024-11-01,Fes,B,T001720,C1269,F,25,Electronique,Clavier,1646.68,1,15,Carte
2024-03-02,Marrakech,A,T001721,C1189,M,31,Vetements,Chaussures,186.67,1,5,Especes
2024-08-21,Tanger,B,T001722,C1149,F,33,Vetements,Veste,255.6,1,0,Especes
2024-01-03,Tanger,C,T001723,C1105,F,48,Sports,Tapis Yoga,1663.09,1,5,Especes
2024-10-29,Fes,E,T001724,C1327,F,34,Alimentation,Riz,210.35,3,0,Carte
2024-09-08,Marrakech,B,T001725,C1520,F,30,Vetements,Jean,390.59,3,0,Especes
2024-09-02,Tanger,B,T001726,C1054,M,33,Sports,Halteres,457.52,2,10,En ligne
2024-08-11,Tanger,C,T001727,C1340,F,31,Vetements,Chaussures,696.05,2,0,carte
2024-03-09,Marrakech,E,T001728,C1066,M,32,Alimentation,Riz,216.44,2,15,Especes
2024-05-20,Marrakech,C,T001729,C1668,M,40,Electronique,Ecouteurs,1746.35,2,0,En-ligne
2024-10-28,Fes,B,T001730,C1553,F,41,Sports,Halteres,473.43,1,0,Carte
2024-01-29,Rabat,C,T001731,C1618,F,,Alimentation,The,131.77,2,,Especes
2024-07-18,Tanger,C,T001732,C1471,M,16,Alimentation,Pates,123.97,1,0,Especes
2024-07-19,Agadir,D,T001733,C1425,F,48,Vetements,Sweat,736.21,3,10,carte
2024-11-07,Agadir,C,T001734,C1243,F,29,Maison,Chaise,390.42,2,0,Especes
2024-11-01,Fes,B,T001735,C1221,F,29,Beaute,Parfum,97.11,1,0,En ligne
2024-12-14,Agadir,A,T001736,C1249,F,56,Electronique,Casque,1799.04,1,0,Carte
2024-09-23,Casablanca,A,T001737,C1693,F,47,Alimentation,The,191.58,1,5,carte
2024-03-16,Marrakech,B,T001738,C1340,F,42,Alimentation,The,105.71,2,0,Especes
2024-02-28,Tanger,E,T001739,C1670,M,40,Beaute,Shampooing,275.37,2,0,Carte
2024-01-04,Casablanca,B,T001740,C1517,M,16,Maison,Miroir,305.67,1,15,En ligne
2024-07-18,Fes,C,T001741,C1448,M,33,Alimentation,Riz,101.49,3,0,carte
2024-07-16,Fes,D,T001742,C1674,M,17,Vetements,Robe,792.9,2,0,Especes
2024-08-12,Fes,E,T001743,C1129,F,30,Electronique,Casque,389.46,1,0,Carte
2024-09-03,Casablanca,D,T001744,C1469,F,27,Maison,Coussin,1379.78,2,5,Carte
2024-05-30,Rabat,A,T001745,C1535,M,29,Electronique,Tablette,2954.07,2,10,Carte
2024-02-26,Marrakech,B,T001746,C1112,M,18,Sports,Halteres,1743.21,1,0,En ligne
2024-01-29,Fes,D,T001747,C1243,F,45,Alimentation,Riz,33.18,1,,Carte
2024-04-21,Tanger,A,T001748,C1596,M,37,Electronique,Smartphone,1198.59,2,0,En ligne
2024-04-16,Tanger,B,T001749,C1526,M,42,Beaute,Parfum,97.84,1,0,Carte
2024-02-04,Fes,D,T001750,C1558,,46,Maison,Coussin,315.07,1,15,Especes
2024-02-07,Fes,C,T001751,C1632,F,29,Beaute,Savon,654.78,1,10,En ligne
2024-02-04,Agadir,B,T001752,C1294,F,56,Alimentation,Huile,144.9,1,0,En ligne
2024-09-03,Rabat,C,T001753,C1252,M,37,Alimentation,The,87.13,2,0,En ligne
2024-09-22,Agadir,E,T001754,C1044,F,52,Maison,Chaise,557.04,1,10,Especes
2024-03-03,Agadir,C,T001755,C1390,M,33,Sports,Tapis Yoga,179.87,1,5,Carte
2024-09-26,Casablanca,E,T001756,C1226,F,31,Sports,Halteres,945.16,1,5,En-ligne
2024-12-30,Tanger,A,T001757,C1203,F,21,Alimentation,Cafe,30.29,1,0,Especes
2024-01-06,Fes,C,T001758,C1343,F,38,Sports,Ballon,878.75,2,10,Especes
2024-03-24,Agadir,D,T001759,C1325,M,19,Beaute,Savon,622.14,1,0,Especes
2024-07-23,Agadir,D,T001760,C1477,M,38,Maison,Miroir,1183,1,5,En ligne
2024-05-04,Tanger,C,T001761,C1006,F,41,Vetements,Veste,118.56,2,0,Carte
2024-03-08,Tanger,D,T001762,C1460,F,17,Alimentation,Cereales,175.21,1,15,En ligne
2024-01-05,Fes,E,T001763,C1486,F,24,Maison,Table,379.66,1,0,Especes
2024-01-11,Agadir,B,T001764,C1525,F,30,Electronique,Souris,1736.83,1,0,Especes
2024-12-26,Agadir,E,T001765,C1332,M,43,Vetements,T-shirt,827.33,2,5,CB
2024-07-07,Rabat,E,T001766,C1443,F,34,Alimentation,Riz,106.11,1,0,Especes
2024-02-08,Agadir,C,T001767,C1458,M,39,Alimentation,Pates,68.37,3,0,carte
2024-10-16,Tanger,C,T001768,C1286,F,16,Maison,Table,1008.54,2,0,Carte
2024-08-24,Tanger,E,T001769,C1123,F,25,Beaute,Shampooing,435.54,1,5,En-ligne
2024-12-03,Marrakech,A,T001770,C1123,M,27,Alimentation,Huile,76.04,1,5,Carte
2024-02-16,Rabat,E,T001771,C1352,F,35,Electronique,Souris,474.28,1,0,En ligne
2024-04-23,Tanger,A,T001772,C1140,M,38,Electronique,Casque,1773.13,1,5,En ligne
2024-08-14,Agadir,C,T001773,C1024,M,,Maison,Table,121.41,1,5,En ligne
2024-03-19,Tanger,A,T001774,C1271,M,48,Alimentation,Huile,131.87,3,10,Especes
2024-12-29,Tanger,C,T001775,C1467,F,25,Alimentation,Riz,143.39,1,10,Especes
2024-08-23,Agadir,C,T001776,C1418,F,43,Electronique,Clavier,948.01,1,0,Especes
2024-05-13,Agadir,B,T001777,C1106,M,32,Beaute,Maquillage,121.2,1,0,Carte
2024-04-07,Casablanca,D,T001778,C1375,M,46,Sports,Ballon,1736.37,2,0,Carte
2024-10-05,Agadir,E,T001779,C1657,M,37,Vetements,T-shirt,519.48,3,15,En ligne
2024-07-19,Agadir,A,T001780,C1051,M,30,Vetements,Robe,801.63,1,0,Carte
2024-09-16,Tanger,B,T001781,C1430,F,45,Sports,Velo appartement,1072.59,2,0,En ligne
2024-02-07,Tanger,B,T001782,C1017,F,22,Maison,Tapis,511.27,1,5,En ligne
2024-11-18,Casablanca,C,T001783,C1276,,46,Beaute,Serum,267.11,2,5,Especes
2024-04-18,Fes,A,T001784,C1594,F,33,Alimentation,Pates,187.68,2,0,Carte
2024-05-25,Marrakech,C,T001785,C1317,F,28,Sports,Halteres,184.65,2,,En ligne
2024-05-07,Casablanca,B,T001786,C1283,M,30,Alimentation,Huile,149.28,1,0,Especes
2024-07-30,Tanger,B,T001787,C1657,M,41,Vetements,Jean,308.51,1,10,En ligne
2024-11-05,Fes,B,T001788,C1283,M,25,Electronique,Clavier,2772.96,2,0,Especes
2024-04-22,Agadir,C,T001789,C1601,F,51,Vetements,Robe,794.33,1,5,Carte
2024-08-06,Casablanca,E,T001790,C1631,M,27,Electronique,Souris,1679.48,1,0,En ligne
2024-03-23,Rabat,A,T001791,C1692,F,22,Electronique,Clavier,3421.8,1,5,Carte
2024-12-01,Agadir,A,T001792,C1413,F,28,Sports,Halteres,879.34,1,0,En ligne
2024-12-01,Agadir,E,T001793,C1574,F,36,Alimentation,Cafe,29.1,2,0,Carte
2024-04-29,Rabat,B,T001794,C1143,M,,Electronique,Smartphone,1033.94,2,10,En ligne
2024-05-25,Tanger,E,T001795,C1108,M,44,Maison,Table,1375.68,1,0,En ligne
2024-11-24,Marrakech,C,T001796,C1664,F,42,Beaute,Creme,146.61,3,0,Especes
2024-06-11,Tanger,A,T001797,C1040,F,20,Electronique,Ecouteurs,229.31,3,0,Carte
2024-01-19,Tanger,D,T001798,C1329,M,34,Maison,Lampe,971.65,1,15,Carte
2024-04-16,Agadir,E,T001799,C1398,M,41,Electronique,Tablette,1647.95,1,0,En ligne
2024-08-12,Marrakech,C,T001800,C1053,M,26,Electronique,Casque,2586.73,1,0,Carte
2024-05-12,Fes,D,T001801,C1663,M,46,Alimentation,Cereales,76.97,2,0,Especes
2024-06-06,Fes,A,T001802,C1177,M,52,Maison,Chaise,624.1,1,0,En ligne
2024-07-18,Casablanca,C,T001803,C1063,F,33,Vetements,Chaussures,643.52,2,10,En-ligne
2024-05-27,Tanger,E,T001804,C1582,F,53,Alimentation,Cereales,86.38,1,5,En ligne
2024-12-18,Casablanca,E,T001805,C1266,M,40,Vetements,T-shirt,134.1,2,0,Carte
2024-08-16,Marrakech,A,T001806,C1332,M,54,Electronique,Clavier,2174.03,3,0,Especes
2024-09-29,Fes,B,T001807,C1375,M,45,Alimentation,Cafe,140,2,10,Carte
2024-02-16,Fes,A,T001808,C1185,,25,Sports,Halteres,1436.1,4,10,En ligne
2024-07-03,Agadir,D,T001809,C1642,M,37,Maison,Tapis,750.99,1,0,CB
2024-02-03,Marrakech,B,T001810,C1097,M,35,Sports,Tapis Yoga,1230.14,1,0,Especes
2024-10-17,Marrakech,D,T001811,C1276,M,33,Alimentation,Huile,196.8,2,,En ligne
2024-02-21,Casablanca,E,T001812,C1204,M,23,Vetements,Sweat,155.12,1,10,En ligne
2024-11-03,Agadir,A,T001813,C1683,F,33,Electronique,Tablette,236.18,2,0,Especes
2024-09-26,Marrakech,B,T001814,C1379,F,23,Electronique,Smartphone,444.32,2,5,En ligne
2024-10-10,Agadir,A,T001815,C1093,F,25,Maison,Tapis,1341.97,1,0,En ligne
2024-06-20,Marrakech,B,T001816,C1389,M,43,Alimentation,Huile,128.31,1,10,En ligne
2024-02-08,Marrakech,A,T001817,C1233,M,33,Vetements,Chaussures,543.17,1,0,Especes
2024-08-05,Marrakech,B,T001818,C1549,F,31,Electronique,Souris,3392.72,2,0,Especes
2024-01-18,Tanger,C,T001819,C1108,M,44,Beaute,Savon,277.18,3,0,Especes
2024-01-31,Agadir,C,T001820,C1645,M,31,Vetements,Chaussures,450.25,1,5,Carte
2024-12-06,Agadir,B,T001821,C1574,F,52,Beaute,Savon,81.58,1,5,Carte
2024-05-06,Agadir,B,T001822,C1018,F,16,Beaute,Savon,640.22,1,5,En ligne
2024-12-07,Rabat,B,T001823,C1042,M,41,Vetements,T-shirt,119.09,2,0,Carte
2024-12-25,Agadir,B,T001824,C1667,F,45,Maison,Coussin,1348.14,1,10,En ligne
2024-02-09,Marrakech,E,T001825,C1084,F,16,Maison,Coussin,1216.43,1,0,carte
2024-03-17,Casablanca,B,T001826,C1688,M,33,Sports,Ballon,464.42,2,5,En ligne
2024-01-15,Casablanca,C,T001827,C1500,F,25,Alimentation,Cafe,147.32,1,,carte
2024-11-16,Rabat,D,T001828,C1090,F,34,Sports,Tapis Yoga,468.77,1,0,Carte
2024-04-27,Tanger,E,T001829,C1177,M,38,Beaute,Shampooing,124.2,1,5,Especes
2024-01-27,Agadir,B,T001830,C1514,M,41,Vetements,Jean,883.34,1,0,Carte
2024-08-02,Agadir,D,T001831,C1499,F,16,Maison,Tapis,732.24,1,15,En ligne
2024-10-23,Fes,A,T001832,C1039,F,35,Alimentation,Cafe,215.15,1,15,Carte
2024-03-06,Casablanca,A,T001833,C1551,M,,Electronique,Ecouteurs,1426.58,1,5,Carte
2024-12-01,Casablanca,B,T001834,C1340,M,39,Alimentation,Huile,45.14,2,0,Especes
2024-01-24,Rabat,D,T001835,C1108,F,19,Maison,Coussin,374.05,2,0,Especes
2024-12-09,Agadir,B,T001836,C1196,F,44,Alimentation,Pates,33.61,1,0,Especes
2024-12-12,Tanger,B,T001837,C1287,M,27,Alimentation,Cereales,30.47,1,0,Carte
2024-08-13,Casablanca,D,T001838,C1233,F,35,Vetements,T-shirt,234.65,1,10,En ligne
2024-08-13,Fes,E,T001839,C1382,M,16,Sports,Tapis Yoga,263.46,1,0,Especes
2024-06-26,Rabat,A,T001840,C1338,F,46,Vetements,T-shirt,396.29,1,0,Especes
2024-04-20,Marrakech,E,T001841,C1246,M,41,Maison,Chaise,1032.57,1,0,Carte
2024-12-26,Fes,B,T001842,C1091,F,20,Maison,Lampe,815.03,1,0,En ligne
2024-07-24,Rabat,D,T001843,C1513,M,17,Sports,Halteres,561.11,1,0,Especes
2024-09-15,Tanger,D,T001844,C1244,M,38,Sports,Chaussures Running,876.76,3,0,Especes
2024-07-06,Rabat,C,T001845,C1491,M,56,Alimentation,Pates,153.88,2,0,Carte
2024-10-16,Casablanca,D,T001846,C1087,F,53,Alimentation,Pates,198.06,1,0,En ligne
2024-04-18,Tanger,E,T001847,C1673,M,38,Vetements,Sweat,269.34,1,10,En ligne
2024-09-08,Fes,A,T001848,C1110,,45,Alimentation,Cereales,217.3,1,10,En ligne
2024-03-23,Tanger,E,T001849,C1476,F,31,Electronique,Ecouteurs,1014.69,2,0,En-ligne
2024-08-05,Agadir,B,T001850,C1237,M,37,Beaute,Shampooing,67,2,5,En ligne
2024-01-19,Fes,D,T001851,C1306,F,22,Beaute,Creme,409.12,2,0,Especes
2024-07-14,Tanger,A,T001852,C1322,F,27,Vetements,Sweat,760.41,2,10,Carte
2024-01-03,Casablanca,E,T001853,C1225,M,17,Alimentation,Pates,106.63,1,0,Carte
2024-03-23,Casablanca,D,T001854,C1160,M,39,Electronique,Smartphone,760.59,2,0,En ligne
2024-04-26,Fes,D,T001855,C1652,F,35,Alimentation,Huile,78.16,2,10,Carte
2024-12-05,Casablanca,D,T001856,C1649,F,45,Beaute,Serum,596.31,1,0,Especes
2024-01-02,Fes,E,T001857,C1196,M,35,Maison,Miroir,715.85,1,10,Especes
2024-01-21,Fes,A,T001858,C1518,M,27,Electronique,Souris,1486.33,1,10,Especes
2024-10-09,Marrakech,C,T001859,C1657,M,38,Vetements,Sweat,656.78,2,,Carte
2024-04-13,Fes,D,T001860,C1596,M,33,Beaute,Serum,366.33,2,0,Especes
2024-03-10,Agadir,B,T001861,C1670,F,43,Beaute,Shampooing,699.74,3,10,Carte
2024-07-21,Tanger,E,T001862,C1426,M,43,Vetements,Sweat,882.27,2,0,Especes
2024-12-24,Casablanca,C,T001863,C1224,M,36,Alimentation,Cafe,78.71,1,10,En ligne
2024-04-01,Marrakech,A,T001864,C1406,F,18,Maison,Tapis,1099.55,2,0,Especes
2024-01-18,Tanger,C,T001865,C1540,M,42,Sports,Chaussures Running,530.81,1,0,Carte
2024-11-17,Agadir,D,T001866,C1289,F,,Vetements,Chaussures,646.55,2,0,En ligne
2024-02-09,Marrakech,D,T001867,C1625,F,44,Vetements,Sweat,530.59,2,0,En ligne
2024-10-31,Rabat,E,T001868,C1020,M,41,Alimentation,Pates,76.51,1,0,En ligne
2024-07-15,Marrakech,C,T001869,C1382,F,29,Alimentation,The,146.14,1,0,En ligne
2024-08-26,Casablanca,E,T001870,C1184,M,34,Maison,Table,1120.67,1,15,Especes
2024-04-12,Agadir,B,T001871,C1214,M,38,Electronique,Casque,840.6,1,0,En ligne
2024-06-19,Fes,B,T001872,C1614,M,41,Electronique,Tablette,890.84,1,0,carte
2024-12-21,Marrakech,D,T001873,C1679,M,36,Beaute,Shampooing,476.05,1,0,Carte
2024-12-27,Fes,A,T001874,C1602,F,19,Sports,Chaussures Running,1714.08,1,0,Carte
2024-01-01,Rabat,C,T001875,C1164,F,26,Vetements,Sweat,200.83,2,0,En ligne
2024-11-18,Fes,E,T001876,C1428,F,,Alimentation,Huile,159.9,2,0,En ligne
2024-03-05,Rabat,B,T001877,C1473,F,41,Maison,Coussin,475.57,1,0,En ligne
2024-01-14,Marrakech,B,T001878,C1007,M,26,Alimentation,Cereales,176.63,3,0,Especes
2024-07-11,Marrakech,D,T001879,C1421,F,16,Vetements,Chaussures,651.48,1,10,En ligne
2024-02-01,Fes,C,T001880,C1664,M,38,Sports,Tapis Yoga,746.47,2,0,En ligne
2024-01-19,Fes,E,T001881,C1336,F,41,Sports,Ballon,308.45,1,15,carte
2024-12-31,Marrakech,D,T001882,C1619,M,24,Vetements,Veste,467.92,1,0,En ligne
2024-05-05,Rabat,A,T001883,C1290,F,36,Alimentation,Huile,76.14,1,5,CB
2024-12-03,Fes,C,T001884,C1042,F,41,Alimentation,Cafe,44.31,1,0,Carte
2024-05-16,Agadir,E,T001885,C1054,M,20,Beaute,Serum,406.97,1,10,Especes
2024-07-29,Tanger,E,T001886,C1154,F,41,Vetements,T-shirt,798.88,1,0,Carte
2024-07-05,Tanger,A,T001887,C1524,M,37,Beaute,Creme,332.88,2,0,Especes
2024-03-29,Marrakech,E,T001888,C1631,M,35,Electronique,Souris,1481.26,1,0,Carte
2024-09-08,Marrakech,B,T001889,C1129,M,40,Electronique,Smartphone,2752.96,1,5,En-ligne
2024-01-27,Tanger,D,T001890,C1442,F,30,Maison,Chaise,1092.47,2,0,Carte
2024-07-06,Agadir,A,T001891,C1400,F,40,Sports,Halteres,1794.64,1,10,Carte
2024-10-12,Rabat,B,T001892,C1495,F,29,Electronique,Souris,2533.66,2,0,Especes
2024-01-16,Fes,D,T001893,C1217,F,39,Alimentation,Huile,197.27,1,5,Especes
2024-04-14,Casablanca,E,T001894,C1389,M,45,Vetements,Veste,470.04,1,5,Carte
2024-05-11,Fes,C,T001895,C1118,F,35,Beaute,Parfum,506.62,1,0,Especes
2024-07-18,Fes,C,T001896,C1002,F,42,Maison,Lampe,617.82,2,0,En ligne
2024-11-20,Tanger,D,T001897,C1173,,42,Vetements,Jean,695.13,2,0,En ligne
2024-09-28,Fes,B,T001898,C1180,M,19,Sports,Raquette,1158.49,2,0,Carte
2024-07-24,Fes,A,T001899,C1266,F,28,Maison,Coussin,214.93,2,0,CB
2024-08-22,Rabat,C,T001900,C1628,M,25,Alimentation,Cereales,89.66,1,15,En ligne
2024-09-28,Casablanca,D,T001901,C1510,M,27,Vetements,Jean,504.11,1,0,Especes
2024-08-19,Fes,C,T001902,C1228,M,47,Maison,Tapis,1054.43,1,0,Especes
2024-04-24,Rabat,E,T001903,C1445,F,,Vetements,T-shirt,163.39,4,15,Carte
2024-09-15,Casablanca,B,T001904,C1180,F,23,Maison,Coussin,569.51,2,15,Especes
2024-05-04,Casablanca,B,T001905,C1155,F,24,Electronique,Souris,935.53,1,10,En ligne
2024-04-12,Marrakech,B,T001906,C1296,M,34,Alimentation,Huile,156.4,1,15,Carte
2024-06-04,Fes,D,T001907,C1033,F,24,Beaute,Serum,648.83,1,5,Especes
2024-10-26,Agadir,B,T001908,C1225,F,20,Maison,Lampe,275.85,1,0,Especes
2024-02-19,Tanger,E,T001909,C1634,M,46,Vetements,Jean,737.84,3,0,Especes
2024-04-03,Rabat,A,T001910,C1322,F,35,Maison,Lampe,1149.83,2,0,Especes
2024-05-24,Fes,D,T001911,C1057,F,17,Alimentation,The,159.07,1,0,Carte
2024-05-22,Agadir,E,T001912,C1103,F,48,Sports,Chaussures Running,1383.58,2,0,En ligne
2024-10-15,Casablanca,A,T001913,C1689,F,30,Beaute,Maquillage,157.87,1,0,Especes
2024-09-16,Fes,D,T001914,C1210,F,53,Maison,Lampe,1055,1,0,En ligne
2024-08-28,Casablanca,B,T001915,C1236,M,31,Alimentation,Cereales,49.55,4,5,Especes
2024-08-08,Fes,A,T001916,C1602,M,27,Beaute,Shampooing,197.82,1,0,Carte
2024-12-01,Marrakech,A,T001917,C1192,F,33,Alimentation,Cereales,200.82,1,10,Carte
2024-05-18,Marrakech,D,T001918,C1661,F,30,Beaute,Maquillage,237.85,1,5,Especes
2024-01-08,Tanger,A,T001919,C1093,F,38,Beaute,Serum,356.39,1,0,En ligne
2024-07-21,Agadir,A,T001920,C1319,F,40,Alimentation,The,30.18,2,5,Carte
2024-10-02,Casablanca,E,T001921,C1232,F,26,Electronique,Souris,2735.05,1,0,En ligne
2024-01-16,Casablanca,A,T001922,C1460,F,28,Sports,Halteres,1784.33,1,0,En ligne
2024-07-16,Fes,B,T001923,C1166,,,Electronique,Souris,1942.8,2,5,carte
2024-11-02,Casablanca,E,T001924,C1122,M,26,Beaute,Shampooing,57.37,1,,Especes
2024-05-30,Agadir,D,T001925,C1529,F,17,Electronique,Clavier,3355.49,1,5,CB
2024-12-12,Agadir,A,T001926,C1391,M,38,Beaute,Parfum,304.34,2,0,Especes
2024-06-08,Agadir,E,T001927,C1549,M,,Electronique,Smartphone,875.24,4,5,En ligne
2024-04-03,Marrakech,A,T001928,C1421,M,47,Alimentation,The,24.33,4,0,Especes
2024-06-24,Agadir,D,T001929,C1438,M,33,Alimentation,Huile,113.72,1,0,Carte
2024-07-13,Agadir,E,T001930,C1488,F,49,Electronique,Souris,454.84,3,,Carte
2024-06-26,Tanger,A,T001931,C1031,F,50,Sports,Ballon,84.71,3,5,En ligne
2024-04-22,Tanger,B,T001932,C1399,M,31,Alimentation,Pates,132.09,1,0,Especes
2024-08-29,Fes,B,T001933,C1180,M,30,Vetements,Jean,234.81,2,0,Especes
2024-09-23,Casablanca,D,T001934,C1114,F,37,Alimentation,The,105.87,2,0,En ligne
2024-10-31,Casablanca,E,T001935,C1223,F,31,Beaute,Savon,465.68,1,0,Especes
2024-11-29,Fes,C,T001936,C1438,M,28,Alimentation,Cereales,143.05,2,5,carte
2024-12-07,Tanger,E,T001937,C1092,M,43,Electronique,Tablette,1103.41,1,10,Especes
2024-07-16,Rabat,D,T001938,C1172,F,19,Alimentation,Cafe,100.43,1,5,Carte
2024-04-09,Marrakech,C,T001939,C1698,F,53,Alimentation,The,192.11,1,0,En ligne
2024-09-02,Rabat,D,T001940,C1149,,22,Alimentation,Pates,55.62,2,0,En-ligne
2024-01-17,Casablanca,A,T001941,C1663,F,28,Electronique,Clavier,2184.91,1,10,En ligne
2024-10-04,Fes,A,T001942,C1515,F,33,Sports,Ballon,569.41,1,0,En ligne
2024-02-13,Fes,C,T001943,C1666,M,43,Maison,Lampe,1030.83,2,0,Carte
2024-11-28,Casablanca,C,T001944,C1353,F,44,Vetements,Veste,469.92,3,5,En ligne
2024-09-25,Fes,C,T001945,C1504,M,52,Maison,Coussin,509.91,2,0,Carte
2024-04-08,Tanger,D,T001946,C1432,M,38,Electronique,Clavier,2287.79,1,5,Carte
2024-02-08,Marrakech,C,T001947,C1680,F,46,Beaute,Parfum,88.7,2,0,carte
2024-08-15,Casablanca,B,T001948,C1284,M,39,Electronique,Ecouteurs,3415.14,4,0,Especes
2024-07-07,Tanger,B,T001949,C1628,,37,Alimentation,The,151.4,2,0,En ligne
2024-07-14,Agadir,C,T001950,C1277,M,34,Maison,Lampe,586.61,2,0,Carte
2024-07-17,Rabat,D,T001951,C1459,M,36,Electronique,Ecouteurs,1268.33,1,0,Especes
2024-01-02,Agadir,C,T001952,C1546,M,35,Electronique,Souris,1935.53,1,0,En ligne
2024-06-20,Casablanca,D,T001953,C1324,M,39,Sports,Tapis Yoga,869.76,1,5,Especes
2024-02-03,Casablanca,A,T001954,C1499,F,41,Beaute,Savon,152.91,2,10,carte
2024-05-07,Fes,D,T001955,C1358,F,39,Maison,Lampe,1033.37,1,15,Carte
2024-03-27,Rabat,C,T001956,C1402,M,53,Sports,Raquette,1037.17,2,5,Especes
2024-04-17,Rabat,B,T001957,C1580,F,33,Beaute,Parfum,95.43,2,0,Carte
2024-04-14,Fes,A,T001958,C1596,F,40,Sports,Chaussures Running,1250.98,1,15,Especes
2024-10-20,Rabat,A,T001959,C1292,F,31,Electronique,Casque,468.38,2,10,Carte
2024-02-25,Tanger,A,T001960,C1573,M,33,Electronique,Ecouteurs,1687.6,1,10,Especes
2024-08-23,Agadir,B,T001961,C1615,M,17,Sports,Raquette,1068.87,1,0,Especes
2024-06-14,Fes,D,T001962,C1388,F,27,Beaute,Maquillage,538.91,2,0,Especes
2024-07-12,Fes,D,T001963,C1682,M,32,Alimentation,Cereales,214.56,2,0,Especes
2024-02-24,Casablanca,B,T001964,C1649,F,48,Electronique,Clavier,1076.43,1,15,En-ligne
2024-07-20,Tanger,A,T001965,C1439,F,40,Alimentation,Riz,180.68,1,5,Carte
2024-11-04,Marrakech,C,T001966,C1166,M,41,Alimentation,The,181.41,1,10,En ligne
2024-11-27,Agadir,D,T001967,C1062,F,42,Vetements,Jean,233.53,2,5,En ligne
2024-09-21,Agadir,C,T001968,C1430,F,33,Beaute,Maquillage,352.2,1,10,Especes
2024-05-26,Marrakech,D,T001969,C1134,M,26,Sports,Tapis Yoga,1438.35,1,5,En ligne
2024-04-03,Agadir,C,T001970,C1634,M,33,Sports,Ballon,199.89,2,0,Especes
2024-10-20,Agadir,B,T001971,C1572,F,45,Alimentation,Riz,23.04,1,0,Especes
2024-04-02,Rabat,D,T001972,C1663,F,32,Sports,Tapis Yoga,463.24,1,0,En ligne
2024-08-04,Agadir,C,T001973,C1544,M,21,Beaute,Maquillage,196.07,4,10,Carte
2024-01-26,Casablanca,E,T001974,C1433,M,22,Alimentation,Huile,124.04,2,15,En ligne
2024-05-13,Tanger,B,T001975,C1008,M,36,Electronique,Smartphone,838.88,1,10,En ligne
2024-07-04,Agadir,C,T001976,C1368,F,34,Vetements,Chaussures,138.15,2,0,Carte
2024-02-17,Tanger,D,T001977,C1376,F,40,Alimentation,Pates,38.38,1,10,Carte
2024-01-20,Agadir,C,T001978,C1373,F,55,Vetements,T-shirt,288.63,2,0,En ligne
2024-09-10,Marrakech,B,T001979,C1418,F,44,Vetements,T-shirt,744.76,1,10,Carte
2024-09-30,Rabat,B,T001980,C1463,F,16,Vetements,T-shirt,362,2,10,En ligne
2024-05-20,Fes,B,T001981,C1122,M,22,Electronique,Smartphone,1870.9,1,5,En ligne
2024-03-15,Agadir,B,T001982,C1111,F,42,Alimentation,Huile,128.08,1,0,En ligne
2024-02-29,Casablanca,A,T001983,C1666,F,19,Beaute,Shampooing,480.1,3,0,En ligne
2024-02-04,Tanger,C,T001984,C1091,M,16,Maison,Miroir,79.2,2,0,Carte
2024-07-31,Casablanca,D,T001985,C1559,F,19,Beaute,Maquillage,63.14,1,5,En ligne
2024-05-20,Rabat,C,T001986,C1656,F,36,Alimentation,Riz,23.35,1,5,En ligne
2024-03-29,Agadir,B,T001987,C1520,M,33,Alimentation,The,200.69,3,5,En ligne
2024-04-12,Rabat,A,T001988,C1041,M,27,Sports,Ballon,251.78,1,,Especes
2024-03-17,Rabat,C,T001989,C1049,F,33,Alimentation,Cafe,105.66,2,0,Carte
2024-04-21,Casablanca,E,T001990,C1157,F,,Vetements,Chaussures,112.54,4,5,Especes
2024-04-21,Rabat,D,T001991,C1274,F,21,Maison,Chaise,648.44,3,0,Carte
2024-05-08,Rabat,D,T001992,C1274,F,50,Sports,Ballon,347.83,2,0,Especes
2024-07-12,Rabat,C,T001993,C1675,M,17,Sports,Raquette,1369.28,1,0,carte
2024-08-30,Casablanca,E,T001994,C1086,M,26,Alimentation,Riz,41.49,1,0,Carte
2024-03-08,Tanger,C,T001995,C1376,M,46,Alimentation,Cafe,62.06,2,0,En ligne
2024-04-08,Tanger,C,T001996,C1070,F,41,Maison,Chaise,1315,1,0,En ligne
2024-02-03,Casablanca,D,T001997,C1279,F,28,Electronique,Casque,1905.97,1,10,Carte
2024-07-04,Tanger,E,T001998,C1372,M,35,Maison,Lampe,62.5,2,5,Especes
2024-04-06,Casablanca,A,T001999,C1154,M,30,Sports,Ballon,435.24,2,0,Carte
2024-03-07,Tanger,B,T002000,C1085,M,28,Vetements,T-shirt,863.03,1,10,Carte
2024-10-04,Rabat,D,T002001,C1155,M,32,Alimentation,Pates,18.39,2,0,Carte
2024-09-15,Fes,C,T002002,C1409,F,35,Electronique,Smartphone,3349.87,2,0,Carte
2024-11-03,Rabat,E,T002003,C1486,F,21,Maison,Lampe,520.53,2,10,Carte
2024-01-03,Fes,C,T002004,C1495,M,31,Electronique,Casque,1078.26,1,10,En ligne
2024-11-15,Marrakech,B,T002005,C1107,F,33,Beaute,Creme,531.44,2,0,En ligne
2024-11-26,Tanger,A,T002006,C1181,M,30,Alimentation,Riz,185.48,2,0,Carte
2024-09-13,Marrakech,E,T002007,C1488,M,28,Alimentation,Cereales,83.75,1,,Carte
2024-06-15,Rabat,B,T002008,C1453,F,53,Sports,Halteres,1526.94,1,0,Carte
2024-12-20,Tanger,E,T002009,C1113,M,46,Beaute,Parfum,538.43,1,5,Carte
2024-09-04,Agadir,E,T002010,C1508,M,27,Maison,Tapis,764.2,1,0,En ligne
2024-09-17,Casablanca,D,T002011,C1150,,25,Electronique,Tablette,647.07,1,0,Especes
2024-06-12,Tanger,B,T002012,C1450,F,28,Electronique,Ecouteurs,2086.3,1,10,Carte
2024-01-09,Casablanca,A,T002013,C1502,F,36,Vetements,Robe,727.14,1,0,Especes
2024-01-29,Tanger,D,T002014,C1668,F,30,Alimentation,The,124.31,2,10,Carte
2024-01-02,Fes,A,T002015,C1527,M,40,Electronique,Souris,2826.91,2,0,Especes
2024-04-10,Agadir,C,T002016,C1639,M,35,Electronique,Souris,879.78,2,0,En ligne
2024-03-19,Agadir,C,T002017,C1279,F,40,Vetements,Chaussures,231.52,1,,Carte
2024-08-29,Rabat,D,T002018,C1364,F,41,Maison,Lampe,511.11,2,0,Especes
2024-07-06,Casablanca,A,T002019,C1235,F,21,Beaute,Parfum,399.47,1,5,En ligne
2024-12-19,Casablanca,A,T002020,C1216,F,44,Electronique,Clavier,601.06,2,,En ligne
2024-10-10,Agadir,B,T002021,C1311,M,35,Alimentation,Riz,117.75,3,5,Carte
2024-07-20,Fes,D,T002022,C1448,M,46,Beaute,Savon,550.56,1,10,Especes
2024-05-25,Marrakech,D,T002023,C1016,F,31,Alimentation,Cereales,39.75,1,5,Especes
2024-07-22,Fes,D,T002024,C1237,F,32,Vetements,Chaussures,157.23,2,10,Carte
2024-09-27,Marrakech,B,T002025,C1124,M,38,Beaute,Savon,296.87,1,15,Carte
2024-10-13,Fes,C,T002026,C1650,F,50,Sports,Tapis Yoga,737.31,2,10,Especes
2024-03-11,Agadir,B,T002027,C1225,M,52,Maison,Chaise,1146.59,2,10,En ligne
2024-11-13,Fes,E,T002028,C1043,F,35,Alimentation,Pates,98.44,2,0,En-ligne
2024-02-27,Rabat,C,T002029,C1451,F,38,Electronique,Tablette,293.42,1,0,Carte
2024-04-17,Agadir,A,T002030,C1624,M,42,Beaute,Savon,576.38,1,10,En ligne
2024-05-09,Fes,C,T002031,C1055,M,37,Vetements,Veste,752.99,3,10,En ligne
2024-01-09,Rabat,C,T002032,C1529,M,51,Electronique,Tablette,255.6,1,0,Especes
2024-07-24,Fes,C,T002033,C1362,F,43,Electronique,Ecouteurs,1444.92,1,0,En ligne
2024-03-28,Casablanca,A,T002034,C1390,F,22,Vetements,Sweat,352.45,1,5,Especes
2024-05-06,Rabat,B,T002035,C1101,M,35,Beaute,Parfum,638.28,1,,Carte
2024-01-19,Marrakech,D,T002036,C1456,M,26,Electronique,Tablette,363.42,1,0,Carte
2024-09-18,Rabat,C,T002037,C1498,F,59,Vetements,Chaussures,400.51,2,5,En ligne
2024-09-08,Marrakech,B,T002038,C1329,M,,Alimentation,The,212.01,3,,Carte
2024-07-23,Tanger,E,T002039,C1244,M,39,Alimentation,Pates,195.59,2,10,Carte
2024-01-20,Fes,C,T002040,C1040,F,33,Vetements,Robe,617.97,2,0,Carte
2024-04-01,Rabat,E,T002041,C1409,M,48,Alimentation,Huile,86.49,2,0,En ligne
2024-01-02,Rabat,A,T002042,C1020,M,19,Alimentation,Huile,212.46,2,0,Especes
2024-11-28,Marrakech,B,T002043,C1165,M,35,Alimentation,Huile,97.37,1,10,Especes
2024-09-09,Rabat,D,T002044,C1507,F,,Alimentation,The,211.59,1,10,Carte
2024-04-26,Agadir,A,T002045,C1369,F,40,Vetements,Veste,442.63,3,0,En ligne
2024-08-01,Marrakech,A,T002046,C1448,F,32,Maison,Chaise,380.67,1,5,Carte
2024-11-14,Tanger,C,T002047,C1648,F,34,Vetements,Sweat,405.34,1,0,Especes
2024-09-06,Casablanca,E,T002048,C1490,M,33,Beaute,Parfum,337.75,1,15,Carte
2024-01-07,Rabat,D,T002049,C1270,M,,Sports,Tapis Yoga,696.7,1,0,Carte
2024-11-15,Fes,B,T002050,C1622,M,25,Alimentation,Cafe,134.67,1,0,En ligne
2024-04-11,Casablanca,E,T002051,C1622,F,,Beaute,Parfum,603.14,3,0,En ligne
2024-05-09,Rabat,B,T002052,C1670,M,32,Alimentation,Pates,180.95,1,0,En ligne
2024-08-02,Tanger,E,T002053,C1660,F,16,Alimentation,Pates,53.32,1,10,En-ligne
2024-05-07,Casablanca,E,T002054,C1312,M,28,Electronique,Ecouteurs,3095.84,4,10,Especes
2024-01-11,Tanger,D,T002055,C1663,M,45,Alimentation,Pates,78.87,1,5,En ligne
2024-10-10,Rabat,E,T002056,C1126,,33,Maison,Coussin,248.03,1,5,En ligne
2024-01-31,Fes,D,T002057,C1364,F,44,Vetements,Sweat,182.24,1,0,Especes
2024-09-04,Rabat,B,T002058,C1162,F,22,Alimentation,The,74.91,2,0,Especes
2024-07-28,Tanger,A,T002059,C1693,F,25,Alimentation,Huile,46.86,3,10,En ligne
2024-10-14,Tanger,C,T002060,C1015,M,41,Alimentation,Cereales,40.79,2,10,carte
2024-01-04,Tanger,B,T002061,C1403,M,29,Maison,Lampe,865.57,1,5,Especes
2024-02-16,Rabat,B,T002062,C1487,M,36,Electronique,Ecouteurs,2913.13,1,15,En ligne
2024-09-07,Rabat,B,T002063,C1211,F,31,Vetements,Chaussures,202.82,1,5,Carte
2024-03-04,Tanger,B,T002064,C1202,M,41,Alimentation,Riz,12.88,3,10,Especes
2024-10-13,Rabat,A,T002065,C1669,M,34,Maison,Lampe,794.62,3,10,Carte
2024-03-04,Marrakech,A,T002066,C1499,F,31,Vetements,Jean,685.94,1,0,Especes
2024-06-20,Casablanca,C,T002067,C1235,M,42,Electronique,Tablette,1363.18,2,10,Especes
2024-03-05,Tanger,D,T002068,C1040,F,35,Sports,Velo appartement,123.83,1,10,Especes
2024-04-22,Agadir,B,T002069,C1131,M,28,Alimentation,Cereales,113.56,2,0,Especes
2024-01-30,Marrakech,A,T002070,C1212,M,39,Alimentation,Riz,131.26,2,15,Carte
2024-08-23,Rabat,C,T002071,C1646,M,21,Maison,Miroir,502.92,1,0,Carte
2024-03-30,Casablanca,D,T002072,C1566,F,43,Maison,Chaise,610.65,2,0,Carte
2024-04-21,Tanger,A,T002073,C1242,M,29,Alimentation,Huile,32.15,2,0,En ligne
2024-01-14,Casablanca,D,T002074,C1063,F,16,Maison,Chaise,1355.05,1,0,En ligne
2024-03-18,Rabat,A,T002075,C1257,F,68,Vetements,Robe,861.05,2,0,Carte
2024-11-25,Agadir,D,T002076,C1172,M,21,Vetements,Veste,350.37,1,0,Carte
2024-05-24,Agadir,A,T002077,C1510,F,23,Beaute,Creme,302.54,1,0,Carte
2024-08-05,Marrakech,B,T002078,C1542,M,41,Sports,Chaussures Running,1152.12,3,15,Especes
2024-07-20,Marrakech,E,T002079,C1016,F,30,Maison,Coussin,594.46,2,0,Carte
2024-05-11,Agadir,A,T002080,C1215,M,43,Vetements,Jean,213.48,1,10,CB
2024-10-23,Rabat,E,T002081,C1313,F,,Sports,Raquette,1493.98,2,,En ligne
2024-09-14,Casablanca,C,T002082,C1363,M,26,Alimentation,Cafe,132.66,4,0,Carte
2024-02-21,Rabat,C,T002083,C1397,M,20,Alimentation,Cereales,72.68,1,5,Especes
2024-03-09,Tanger,C,T002084,C1100,M,16,Vetements,Chaussures,317.64,2,0,En ligne
2024-01-25,Marrakech,E,T002085,C1296,F,22,Vetements,Sweat,836.19,1,0,En ligne
2024-01-09,Agadir,B,T002086,C1191,M,39,Vetements,Jean,671.48,1,5,En ligne
2024-01-22,Casablanca,E,T002087,C1116,F,29,Sports,Raquette,1757.95,1,0,En ligne
2024-11-15,Casablanca,E,T002088,C1455,F,27,Sports,Ballon,474.91,1,0,En-ligne
2024-12-15,Marrakech,D,T002089,C1343,F,32,Alimentation,Pates,212.02,2,0,Especes
2024-02-26,Fes,E,T002090,C1200,M,55,Electronique,Clavier,979.67,2,15,Carte
2024-03-18,Tanger,C,T002091,C1564,M,33,Sports,Raquette,148.38,2,15,Especes
2024-04-05,Fes,A,T002092,C1645,F,25,Sports,Chaussures Running,563.21,1,0,Carte
2024-08-24,Fes,A,T002093,C1098,F,34,Vetements,Chaussures,577.29,2,0,Especes
2024-11-02,Agadir,A,T002094,C1626,M,41,Maison,Tapis,149.25,1,15,Especes
2024-09-20,Rabat,D,T002095,C1528,F,25,Electronique,Clavier,1110.32,2,0,Carte
2024-02-12,Tanger,B,T002096,C1625,F,31,Maison,Miroir,992.23,2,0,Especes
2024-08-22,Agadir,B,T002097,C1183,F,46,Vetements,Chaussures,675.39,2,0,En ligne
2024-11-12,Agadir,D,T002098,C1405,M,22,Maison,Table,938.69,2,0,En ligne
2024-02-01,Tanger,C,T002099,C1016,M,30,Maison,Coussin,575.24,2,0,CB
2024-11-19,Casablanca,E,T002100,C1698,M,28,Beaute,Creme,640.32,1,,En ligne
2024-05-16,Fes,B,T002101,C1252,F,43,Maison,Lampe,985.32,1,0,En ligne
2024-09-06,Casablanca,A,T002102,C1680,F,29,Alimentation,Cereales,156.63,1,0,carte
2024-06-02,Tanger,E,T002103,C1241,F,32,Maison,Coussin,680.57,2,10,En ligne
2024-01-07,Agadir,B,T002104,C1589,F,39,Vetements,Robe,402.79,1,0,Especes
2024-04-25,Rabat,C,T002105,C1427,F,28,Maison,Table,492.51,1,5,Carte
2024-05-15,Casablanca,C,T002106,C1451,F,31,Alimentation,Huile,102.85,1,0,Carte
2024-09-25,Casablanca,A,T002107,C1441,,36,Alimentation,Cereales,133.38,2,0,Especes
2024-03-13,Casablanca,E,T002108,C1612,M,38,Alimentation,Cereales,143.91,3,5,En ligne
2024-03-24,Fes,D,T002109,C1236,F,36,Electronique,Souris,2651.48,3,15,En ligne
2024-05-03,Marrakech,E,T002110,C1226,M,34,Beaute,Parfum,139.07,2,10,Especes
2024-11-28,Fes,B,T002111,C1457,F,36,Sports,Chaussures Running,219.04,1,5,Especes
2024-11-24,Fes,E,T002112,C1094,M,46,Electronique,Clavier,344.73,1,10,En-ligne
2024-06-02,Fes,E,T002113,C1517,F,31,Sports,Tapis Yoga,684.41,1,0,Especes
2024-03-26,Marrakech,A,T002114,C1390,F,44,Alimentation,The,191.59,1,0,Especes
2024-04-16,Casablanca,C,T002115,C1502,F,22,Electronique,Souris,2765.37,1,5,Especes
2024-10-18,Fes,D,T002116,C1496,F,34,Alimentation,Cereales,28.74,1,0,CB
2024-01-22,Agadir,A,T002117,C1525,F,38,Alimentation,Cereales,78.76,1,5,Especes
2024-02-26,Casablanca,E,T002118,C1622,F,16,Electronique,Clavier,3145.71,1,0,En ligne
2024-04-30,Tanger,E,T002119,C1366,M,50,Alimentation,Huile,83.23,1,10,Carte
2024-07-26,Agadir,E,T002120,C1598,M,28,Alimentation,The,218.71,1,0,En ligne
2024-12-20,Agadir,D,T002121,C1613,M,31,Beaute,Shampooing,262.64,1,15,Carte
2024-09-03,Rabat,A,T002122,C1084,M,32,Electronique,Tablette,3459.29,1,10,Especes
2024-11-22,Fes,D,T002123,C1653,M,35,Beaute,Maquillage,134.79,2,5,Especes
2024-04-07,Fes,E,T002124,C1346,F,35,Alimentation,Cafe,201.9,2,0,Carte
2024-07-01,Fes,E,T002125,C1683,F,23,Alimentation,The,166.03,1,,Carte
2024-12-30,Marrakech,B,T002126,C1434,M,34,Vetements,Chaussures,216.21,1,5,Carte
2024-07-14,Casablanca,B,T002127,C1430,F,48,Maison,Coussin,221.92,3,10,Especes
2024-03-21,Rabat,A,T002128,C1461,F,31,Alimentation,Pates,179.81,1,0,En ligne
2024-07-10,Casablanca,D,T002129,C1199,M,62,Maison,Coussin,346.54,2,0,Carte
2024-07-24,Casablanca,D,T002130,C1390,F,25,Maison,Lampe,964.88,1,0,En ligne
2024-07-19,Rabat,C,T002131,C1349,M,31,Electronique,Smartphone,1933.9,2,,Especes
2024-11-20,Agadir,D,T002132,C1591,F,25,Electronique,Ecouteurs,2033.66,1,15,Carte
2024-08-18,Agadir,D,T002133,C1575,M,42,Maison,Tapis,493.09,1,0,En ligne
2024-11-11,Marrakech,E,T002134,C1163,M,,Maison,Miroir,1051.2,1,0,Carte
2024-02-24,Casablanca,C,T002135,C1681,M,25,Alimentation,Pates,142.27,1,5,En ligne
2024-11-11,Tanger,C,T002136,C1478,F,24,Sports,Velo appartement,210.73,1,0,Especes
2024-07-27,Fes,D,T002137,C1628,M,34,Electronique,Clavier,2415.83,1,0,Especes
2024-11-06,Fes,A,T002138,C1350,M,20,Electronique,Tablette,2167.64,2,5,En ligne
2024-06-15,Casablanca,E,T002139,C1673,F,32,Beaute,Parfum,672.49,2,0,Carte
2024-01-21,Casablanca,C,T002140,C1551,F,29,Sports,Chaussures Running,1734.82,1,0,Carte
2024-07-23,Marrakech,E,T002141,C1034,M,49,Alimentation,The,76.58,1,15,Especes
2024-10-06,Agadir,A,T002142,C1662,F,34,Beaute,Savon,432.11,2,0,En-ligne
2024-03-12,Fes,D,T002143,C1039,M,30,Alimentation,Cafe,214.65,1,0,Carte
2024-03-03,Rabat,A,T002144,C1311,F,39,Maison,Table,85.06,1,0,Carte
2024-09-01,Marrakech,C,T002145,C1610,M,32,Beaute,Shampooing,639.93,2,0,En ligne
2024-04-11,Agadir,B,T002146,C1486,M,38,Beaute,Creme,616.61,1,0,Carte
2024-11-01,Tanger,A,T002147,C1684,F,36,Electronique,Casque,2933.44,1,0,Especes
2024-01-11,Casablanca,B,T002148,C1290,F,43,Maison,Chaise,147.94,2,,CB
2024-05-30,Casablanca,A,T002149,C1324,F,46,Alimentation,Huile,26.99,2,5,Carte
2024-02-08,Fes,C,T002150,C1526,M,41,Electronique,Clavier,2725.56,1,,Carte
2024-04-24,Agadir,E,T002151,C1552,,39,Electronique,Souris,495.12,1,0,Especes
2024-12-09,Marrakech,E,T002152,C1041,M,25,Sports,Ballon,922.9,2,,Carte
2024-01-31,Agadir,A,T002153,C1179,M,48,Alimentation,Pates,85.11,1,0,En ligne
2024-10-04,Tanger,C,T002154,C1282,F,27,Alimentation,Pates,106.92,1,10,carte
2024-02-26,Agadir,D,T002155,C1115,F,32,Sports,Halteres,385.55,1,,Carte
2024-03-25,Fes,D,T002156,C1036,F,40,Maison,Miroir,601.07,1,0,Carte
2024-08-06,Tanger,C,T002157,C1686,F,25,Alimentation,The,64.73,2,0,En ligne
2024-03-07,Tanger,C,T002158,C1463,M,34,Vetements,Sweat,797.16,2,0,Especes
2024-06-20,Agadir,D,T002159,C1393,M,,Vetements,T-shirt,411.42,2,0,Carte
2024-01-12,Marrakech,B,T002160,C1383,M,29,Sports,Halteres,458.2,1,15,Especes
2024-05-11,Casablanca,E,T002161,C1650,M,33,Vetements,Sweat,486.67,1,0,Carte
2024-02-09,Marrakech,E,T002162,C1100,M,36,Sports,Raquette,385.26,2,5,Especes
2024-05-01,Marrakech,E,T002163,C1381,F,45,Sports,Velo appartement,522.79,1,5,En ligne
2024-07-28,Casablanca,C,T002164,C1133,M,46,Alimentation,Huile,126.86,3,0,Carte
2024-10-21,Marrakech,E,T002165,C1096,M,36,Electronique,Ecouteurs,814.54,2,0,En ligne
2024-01-11,Agadir,B,T002166,C1266,M,30,Vetements,Chaussures,834.13,2,5,Especes
2024-03-22,Agadir,E,T002167,C1553,F,33,Sports,Ballon,917.97,1,0,En ligne
2024-09-05,Marrakech,E,T002168,C1135,F,50,Electronique,Clavier,2916.83,1,0,Especes
2024-06-05,Fes,B,T002169,C1091,M,30,Electronique,Tablette,440.46,1,0,En ligne
2024-03-24,Fes,E,T002170,C1240,F,29,Vetements,Jean,822.35,2,0,Carte
2024-08-24,Marrakech,B,T002171,C1539,F,44,Vetements,Sweat,236.7,1,5,En ligne
2024-06-27,Fes,C,T002172,C1389,F,39,Beaute,Shampooing,314.59,1,0,Carte
2024-08-28,Rabat,D,T002173,C1461,M,43,Alimentation,Riz,217.41,2,0,Carte
2024-06-02,Casablanca,D,T002174,C1554,M,40,Sports,Tapis Yoga,650.89,2,10,En ligne
2024-09-08,Rabat,D,T002175,C1253,F,41,Electronique,Clavier,2905.16,1,15,Especes
2024-03-09,Fes,E,T002176,C1277,M,18,Vetements,Robe,204.42,1,5,Especes
2024-08-14,Casablanca,B,T002177,C1535,M,44,Sports,Halteres,873.46,1,0,Especes
2024-07-13,Fes,B,T002178,C1639,M,46,Maison,Miroir,1101.65,1,0,Carte
2024-06-22,Rabat,D,T002179,C1165,M,34,Maison,Miroir,424.96,2,5,Carte
2024-10-29,Fes,A,T002180,C1379,,52,Maison,Chaise,860.87,1,0,Especes
2024-06-12,Rabat,B,T002181,C1222,F,21,Maison,Chaise,351.6,1,0,En ligne
2024-03-28,Rabat,E,T002182,C1003,M,20,Sports,Halteres,1063.23,2,,En ligne
2024-10-28,Marrakech,B,T002183,C1133,M,16,Alimentation,Cereales,118.84,1,5,Carte
2024-04-21,Marrakech,E,T002184,C1643,M,39,Vetements,Veste,535.05,2,0,Carte
2024-05-31,Casablanca,A,T002185,C1173,F,23,Vetements,Veste,267.75,1,10,Carte
2024-07-13,Tanger,C,T002186,C1013,,34,Vetements,Sweat,440.6,1,0,Especes
2024-10-29,Agadir,B,T002187,C1280,M,33,Sports,Ballon,420.47,1,10,Especes
2024-01-10,Casablanca,E,T002188,C1637,M,26,Electronique,Tablette,1897.2,1,0,En ligne
2024-09-16,Tanger,E,T002189,C1085,M,,Electronique,Casque,900.22,1,0,Carte
2024-02-18,Tanger,D,T002190,C1080,M,34,Maison,Lampe,678.5,1,0,Especes
2024-06-12,Rabat,A,T002191,C1238,F,16,Beaute,Savon,643.14,1,0,Especes
2024-12-22,Rabat,A,T002192,C1033,F,23,Beaute,Creme,49.28,3,5,En ligne
2024-01-08,Fes,A,T002193,C1025,,43,Alimentation,Huile,42.25,1,0,CB
2024-07-06,Marrakech,B,T002194,C1547,F,23,Electronique,Ecouteurs,1491.23,2,10,En ligne
2024-01-15,Agadir,A,T002195,C1283,F,38,Alimentation,Riz,30.46,2,0,En ligne
2024-11-08,Tanger,B,T002196,C1292,M,34,Vetements,Veste,364.54,2,10,En ligne
2024-06-24,Agadir,B,T002197,C1286,F,42,Electronique,Smartphone,1541.7,2,10,Carte
2024-06-09,Casablanca,B,T002198,C1018,M,47,Electronique,Souris,2201.04,1,0,Especes
2024-02-03,Marrakech,E,T002199,C1681,F,17,Beaute,Creme,126.73,3,0,En ligne
2024-01-02,Tanger,C,T002200,C1399,M,21,Electronique,Ecouteurs,3144.34,2,5,Especes
2024-03-20,Tanger,C,T002201,C1629,F,26,Maison,Lampe,1194.88,1,15,Especes
2024-11-15,Fes,E,T002202,C1665,,29,Sports,Ballon,470.57,2,,Especes
2024-10-01,Agadir,D,T002203,C1442,F,37,Maison,Miroir,1175.04,1,,Carte
2024-11-14,Casablanca,C,T002204,C1551,M,37,Vetements,T-shirt,246.89,2,0,Carte
2024-10-05,Tanger,D,T002205,C1374,F,28,Maison,Tapis,615,1,15,Carte
2024-12-30,Agadir,C,T002206,C1398,F,39,Maison,Coussin,597.36,1,0,En ligne
2024-08-04,Casablanca,E,T002207,C1585,M,48,Beaute,Shampooing,240.33,3,10,Especes
2024-07-05,Casablanca,C,T002208,C1605,F,40,Electronique,Casque,1932.89,2,0,Especes
2024-12-01,Rabat,A,T002209,C1197,F,33,Alimentation,Pates,158.83,1,10,Especes
2024-05-25,Fes,C,T002210,C1273,F,27,Alimentation,Riz,197.89,3,0,Carte
2024-08-30,Marrakech,D,T002211,C1088,F,41,Alimentation,Huile,76.04,1,0,En ligne
2024-07-22,Rabat,D,T002212,C1116,F,31,Maison,Lampe,546.59,1,0,En ligne
2024-06-08,Casablanca,C,T002213,C1424,M,24,Vetements,Jean,795.75,1,5,Carte
2024-02-09,Rabat,E,T002214,C1387,F,39,Vetements,Veste,294.66,1,15,Carte
2024-08-17,Tanger,B,T002215,C1166,F,16,Sports,Ballon,1132.39,1,0,En ligne
2024-12-26,Casablanca,A,T002216,C1523,F,30,Sports,Ballon,396.31,2,5,En ligne
2024-05-20,Fes,B,T002217,C1195,F,40,Vetements,T-shirt,180.09,1,0,Especes
2024-10-11,Agadir,E,T002218,C1351,F,28,Sports,Halteres,1196.31,1,5,Carte
2024-08-20,Fes,C,T002219,C1326,F,41,Alimentation,Pates,89.14,1,15,Especes
2024-08-02,Tanger,A,T002220,C1607,M,32,Alimentation,Cereales,31.79,1,0,En-ligne
2024-10-30,Tanger,B,T002221,C1342,M,16,Vetements,Chaussures,156.46,2,0,En ligne
2024-05-10,Fes,E,T002222,C1309,F,27,Beaute,Parfum,607.33,2,0,En ligne
2024-03-12,Agadir,E,T002223,C1264,M,50,Vetements,Jean,235.38,1,0,Especes
2024-03-31,Fes,B,T002224,C1468,F,38,Electronique,Casque,2209.18,2,,En ligne
2024-11-17,Fes,E,T002225,C1117,M,41,Beaute,Maquillage,240.08,1,5,Especes
2024-04-23,Fes,C,T002226,C1598,F,35,Alimentation,The,174.23,1,0,Especes
2024-04-10,Marrakech,C,T002227,C1292,M,38,Beaute,Serum,440.95,1,0,En ligne
2024-07-27,Agadir,C,T002228,C1386,M,18,Maison,Coussin,821.8,1,0,Carte
2024-12-04,Marrakech,B,T002229,C1529,M,36,Alimentation,The,127.01,2,0,Especes
2024-04-25,Rabat,C,T002230,C1283,M,37,Alimentation,The,149.89,1,0,En ligne
2024-02-25,Casablanca,B,T002231,C1360,M,31,Maison,Lampe,1112.06,2,10,Especes
2024-06-26,Rabat,D,T002232,C1393,F,42,Maison,Tapis,981.57,1,0,En ligne
2024-02-28,Fes,D,T002233,C1525,F,41,Electronique,Souris,748.92,1,5,Carte
2024-07-26,Agadir,E,T002234,C1382,M,40,Vetements,T-shirt,438.11,2,10,En ligne
2024-05-16,Agadir,E,T002235,C1542,M,44,Vetements,Sweat,791.24,1,10,Especes
2024-10-05,Agadir,B,T002236,C1425,F,32,Vetements,Sweat,568.07,1,0,En ligne
2024-09-12,Casablanca,A,T002237,C1275,F,44,Alimentation,Cereales,205.35,1,5,Carte
2024-05-06,Agadir,D,T002238,C1625,M,48,Sports,Tapis Yoga,1761.9,1,5,En ligne
2024-02-25,Tanger,A,T002239,C1225,M,38,Alimentation,Cereales,214.23,1,0,En ligne
2024-04-13,Fes,C,T002240,C1317,M,51,Maison,Miroir,785.61,4,10,Especes
2024-05-22,Casablanca,B,T002241,C1330,F,37,Electronique,Clavier,3421.41,2,0,Especes
2024-05-18,Tanger,B,T002242,C1615,M,36,Beaute,Maquillage,487.21,2,0,En ligne
2024-03-05,Agadir,A,T002243,C1230,F,,Beaute,Parfum,266.82,1,5,Especes
2024-03-20,Marrakech,C,T002244,C1190,F,28,Vetements,Sweat,263.61,2,0,CB
2024-11-01,Rabat,A,T002245,C1205,F,32,Beaute,Savon,203.29,1,0,Carte
2024-05-09,Tanger,C,T002246,C1265,M,32,Alimentation,Riz,95.14,2,0,Carte
2024-09-23,Tanger,D,T002247,C1585,F,30,Electronique,Smartphone,384.68,2,15,En ligne
2024-04-08,Casablanca,A,T002248,C1514,F,46,Beaute,Maquillage,210.19,1,0,Carte
2024-06-23,Rabat,D,T002249,C1087,F,39,Alimentation,The,131.91,1,0,En ligne
2024-07-19,Tanger,B,T002250,C1402,F,40,Beaute,Parfum,627.05,3,10,En ligne
2024-01-27,Tanger,A,T002251,C1237,F,25,Alimentation,Cafe,195.67,1,5,carte
2024-11-20,Marrakech,C,T002252,C1128,M,33,Alimentation,Huile,103.43,1,0,Especes
2024-07-17,Casablanca,C,T002253,C1185,F,42,Alimentation,Cereales,161.35,1,0,Carte
2024-08-17,Rabat,C,T002254,C1256,F,45,Beaute,Parfum,271.76,1,0,Especes
2024-09-07,Rabat,B,T002255,C1452,M,50,Alimentation,Cafe,39.08,2,5,En ligne
2024-12-06,Rabat,E,T002256,C1300,M,38,Beaute,Creme,477.26,1,10,Carte
2024-12-07,Tanger,C,T002257,C1188,F,50,Alimentation,Huile,201.35,1,0,En ligne
2024-08-08,Fes,E,T002258,C1652,M,40,Sports,Raquette,550.02,1,0,Especes
2024-10-26,Fes,C,T002259,C1322,M,24,Vetements,Jean,869.65,1,0,Especes
2024-12-23,Fes,E,T002260,C1335,M,37,Maison,Chaise,978.37,1,10,Carte
2024-03-16,Tanger,D,T002261,C1690,F,22,Electronique,Ecouteurs,500.92,1,5,Especes
2024-11-15,Fes,B,T002262,C1406,F,16,Beaute,Parfum,194.02,2,10,En ligne
2024-11-09,Rabat,A,T002263,C1388,F,18,Alimentation,Cafe,57.19,3,10,En ligne
2024-05-05,Marrakech,A,T002264,C1663,M,28,Alimentation,The,208.05,3,0,Especes
2024-09-15,Casablanca,C,T002265,C1242,F,21,Beaute,Maquillage,696.63,2,0,En ligne
2024-01-03,Tanger,D,T002266,C1067,M,32,Vetements,Jean,254.63,1,0,Especes
2024-02-13,Tanger,C,T002267,C1164,F,28,Vetements,Chaussures,610.85,4,15,Especes
2024-09-25,Casablanca,C,T002268,C1348,M,32,Alimentation,Pates,99.45,2,0,Carte
2024-03-09,Marrakech,B,T002269,C1186,M,42,Vetements,Veste,181.38,1,0,Carte
2024-03-25,Fes,A,T002270,C1601,F,41,Alimentation,Cereales,71.35,1,0,Especes
2024-07-02,Casablanca,A,T002271,C1565,F,24,Electronique,Ecouteurs,2141.43,1,5,En ligne
2024-08-07,Casablanca,C,T002272,C1598,F,30,Sports,Halteres,1510.61,2,10,Especes
2024-02-09,Rabat,C,T002273,C1531,M,27,Electronique,Clavier,2731.88,1,0,Especes
2024-10-26,Agadir,D,T002274,C1484,F,46,Alimentation,The,140.86,1,0,Especes
2024-06-14,Tanger,C,T002275,C1408,M,33,Vetements,Veste,688.84,2,5,Especes
2024-12-16,Marrakech,E,T002276,C1000,F,59,Vetements,Veste,456.92,2,5,En ligne
2024-02-09,Agadir,E,T002277,C1698,M,18,Sports,Chaussures Running,683.32,2,0,En ligne
2024-10-05,Fes,E,T002278,C1387,F,33,Vetements,Robe,353.93,2,5,Especes
2024-10-06,Agadir,A,T002279,C1564,F,36,Maison,Table,948.69,1,5,En ligne
2024-12-09,Marrakech,E,T002280,C1342,M,16,Beaute,Serum,77.16,2,0,Especes
2024-12-27,Marrakech,E,T002281,C1273,F,20,Beaute,Shampooing,506.21,1,0,En ligne
2024-02-13,Marrakech,A,T002282,C1197,F,46,Maison,Miroir,1148.38,1,0,En ligne
2024-02-02,Tanger,A,T002283,C1427,F,,Maison,Tapis,325.17,2,10,Carte
2024-01-01,Agadir,A,T002284,C1673,M,31,Alimentation,The,151.7,3,0,Especes
2024-05-31,Tanger,A,T002285,C1117,M,30,Alimentation,Cereales,177.2,2,5,En ligne
2024-12-02,Tanger,B,T002286,C1113,M,31,Beaute,Maquillage,543.16,2,10,Carte
2024-03-07,Fes,D,T002287,C1378,M,36,Maison,Tapis,1038.67,1,5,En ligne
2024-02-13,Casablanca,E,T002288,C1143,F,27,Vetements,Robe,183.08,1,15,En ligne
2024-08-09,Tanger,C,T002289,C1447,F,42,Vetements,Robe,495.9,1,0,Carte
2024-11-20,Tanger,D,T002290,C1375,F,16,Sports,Tapis Yoga,1133.55,1,10,Especes
2024-02-15,Fes,A,T002291,C1181,M,32,Alimentation,The,44.72,3,0,En ligne
2024-12-03,Casablanca,C,T002292,C1361,F,34,Vetements,Sweat,668.77,2,0,Especes
2024-05-15,Agadir,D,T002293,C1245,F,57,Electronique,Smartphone,977.86,2,5,Especes
2024-11-04,Marrakech,A,T002294,C1210,M,39,Alimentation,Pates,194.98,1,0,Carte
2024-06-23,Tanger,C,T002295,C1193,F,18,Electronique,Casque,1848.79,1,5,Carte
2024-05-30,Agadir,A,T002296,C1068,M,35,Beaute,Shampooing,559.7,1,0,Especes
2024-08-06,Rabat,D,T002297,C1569,F,16,Alimentation,Riz,47.92,2,10,En ligne
2024-08-09,Fes,C,T002298,C1288,M,29,Alimentation,Huile,151.79,2,0,Especes
2024-07-21,Marrakech,E,T002299,C1433,F,40,Sports,Velo appartement,152.38,3,0,En ligne
2024-04-28,Rabat,C,T002300,C1213,M,39,Alimentation,The,116.42,1,15,Carte
2024-05-11,Tanger,B,T002301,C1223,M,30,Electronique,Smartphone,1623.9,1,5,Carte
2024-08-18,Casablanca,D,T002302,C1698,F,51,Vetements,Chaussures,771.23,1,10,Carte
2024-09-11,Rabat,A,T002303,C1108,F,32,Vetements,Chaussures,677.26,2,0,Especes
2024-03-21,Agadir,E,T002304,C1631,F,31,Vetements,T-shirt,395.5,1,10,En ligne
2024-04-08,Tanger,A,T002305,C1531,M,41,Beaute,Creme,375.8,1,10,Especes
2024-08-10,Agadir,E,T002306,C1587,M,35,Sports,Velo appartement,1363.81,1,0,En ligne
2024-02-21,Agadir,D,T002307,C1627,F,,Sports,Chaussures Running,1711.04,3,0,Especes
2024-11-05,Tanger,A,T002308,C1013,M,37,Vetements,Chaussures,445.47,3,5,Especes
2024-05-05,Fes,A,T002309,C1456,M,43,Alimentation,Cafe,142.72,1,10,En ligne
2024-04-17,Tanger,D,T002310,C1045,F,53,Vetements,T-shirt,566.73,2,0,Carte
2024-07-29,Fes,C,T002311,C1073,F,18,Beaute,Maquillage,143.9,3,0,En ligne
2024-08-14,Tanger,A,T002312,C1480,F,36,Maison,Lampe,1143.32,1,0,En ligne
2024-03-02,Casablanca,D,T002313,C1268,F,31,Alimentation,Cereales,212.57,1,10,En-ligne
2024-12-01,Rabat,A,T002314,C1276,M,52,Alimentation,Cereales,114.48,2,15,Especes
2024-08-14,Fes,A,T002315,C1154,M,18,Electronique,Souris,1244.25,3,5,Carte
2024-02-24,Marrakech,A,T002316,C1267,,25,Maison,Coussin,1055.16,2,0,Carte
2024-09-23,Rabat,E,T002317,C1435,M,53,Vetements,Robe,890.8,2,5,Carte
2024-12-29,Casablanca,E,T002318,C1107,F,34,Beaute,Serum,51.03,1,0,Carte
2024-02-01,Fes,C,T002319,C1175,M,25,Electronique,Casque,2024.19,2,0,En ligne
2024-12-15,Agadir,B,T002320,C1174,F,46,Alimentation,The,42.17,2,5,Especes
2024-09-04,Tanger,C,T002321,C1142,M,38,Alimentation,Cereales,74.16,1,0,CB
2024-03-26,Rabat,D,T002322,C1389,F,50,Maison,Chaise,1073.12,1,0,En ligne
2024-10-20,Tanger,C,T002323,C1109,M,42,Alimentation,Huile,112.49,3,0,Carte
2024-02-27,Tanger,D,T002324,C1379,F,39,Alimentation,Cereales,55.69,1,10,Especes
2024-03-05,Agadir,D,T002325,C1278,M,25,Electronique,Smartphone,2464.8,1,0,En ligne
2024-04-12,Rabat,A,T002326,C1109,,35,Sports,Tapis Yoga,1766.73,1,0,Carte
2024-04-30,Tanger,C,T002327,C1389,F,44,Electronique,Clavier,2955.39,1,0,En ligne
2024-09-20,Agadir,A,T002328,C1440,M,17,Vetements,Sweat,217.01,2,0,Especes
2024-06-06,Casablanca,D,T002329,C1122,M,29,Sports,Tapis Yoga,435.84,1,0,Especes
2024-05-12,Rabat,B,T002330,C1229,F,67,Electronique,Ecouteurs,2785.42,3,0,Especes
2024-04-06,Fes,D,T002331,C1609,M,23,Alimentation,Cafe,100.68,1,0,Especes
2024-04-06,Marrakech,D,T002332,C1107,F,33,Alimentation,Riz,162.5,2,0,En ligne
2024-09-13,Tanger,E,T002333,C1669,M,33,Maison,Miroir,1160.91,2,0,En ligne
2024-07-22,Fes,B,T002334,C1295,F,16,Alimentation,Cereales,103.76,1,0,Especes
2024-08-01,Fes,D,T002335,C1354,F,35,Sports,Velo appartement,1096.86,2,5,CB
2024-01-11,Marrakech,C,T002336,C1214,M,59,Maison,Table,645.15,2,0,Especes
2024-10-28,Fes,E,T002337,C1000,F,16,Alimentation,Pates,182.61,1,5,Especes
2024-12-28,Fes,A,T002338,C1180,F,45,Vetements,Veste,780.85,1,0,En ligne
2024-12-13,Marrakech,E,T002339,C1240,F,49,Electronique,Clavier,1498.87,1,0,Carte
2024-01-20,Rabat,B,T002340,C1610,F,44,Alimentation,Riz,138.87,2,0,Carte
2024-03-17,Casablanca,A,T002341,C1544,F,39,Vetements,Jean,764.24,2,0,En ligne
2024-02-27,Fes,A,T002342,C1635,M,34,Maison,Coussin,1139.95,1,0,Especes
2024-07-27,Fes,D,T002343,C1688,F,29,Maison,Tapis,948.29,1,5,En ligne
2024-02-27,Marrakech,B,T002344,C1077,F,43,Vetements,Veste,285.69,1,10,En ligne
2024-10-15,Agadir,B,T002345,C1423,M,35,Vetements,Veste,175.38,1,10,Carte
2024-09-18,Rabat,B,T002346,C1185,M,53,Beaute,Shampooing,504.67,1,0,Carte
2024-11-09,Rabat,A,T002347,C1613,M,39,Sports,Halteres,634.48,2,0,Carte
2024-01-26,Marrakech,B,T002348,C1657,F,43,Maison,Miroir,503.61,2,0,En ligne
2024-01-26,Agadir,A,T002349,C1018,M,36,Sports,Chaussures Running,692.28,1,0,Especes
2024-08-30,Casablanca,A,T002350,C1133,M,52,Alimentation,Huile,33.15,1,5,En ligne
2024-05-28,Agadir,C,T002351,C1135,F,44,Maison,Miroir,651.51,2,15,En ligne
2024-07-04,Fes,E,T002352,C1392,M,41,Electronique,Tablette,217.11,2,0,En ligne
2024-08-16,Rabat,C,T002353,C1315,F,42,Electronique,Ecouteurs,689.9,1,5,Especes
2024-07-21,Tanger,E,T002354,C1171,M,39,Electronique,Souris,1263.33,1,10,Especes
2024-08-11,Fes,B,T002355,C1540,M,40,Beaute,Shampooing,659.59,2,10,Especes
2024-06-24,Agadir,C,T002356,C1546,F,23,Alimentation,Riz,83.34,1,10,CB
2024-02-15,Tanger,C,T002357,C1204,F,23,Electronique,Ecouteurs,659.2,2,0,En ligne
2024-08-07,Fes,A,T002358,C1450,F,39,Maison,Coussin,510.95,1,15,Especes
2024-03-23,Rabat,B,T002359,C1607,M,50,Maison,Lampe,73.72,1,0,Carte
2024-06-03,Casablanca,C,T002360,C1018,F,33,Sports,Tapis Yoga,516.83,1,15,Carte
2024-12-16,Tanger,D,T002361,C1241,F,25,Maison,Table,1330.56,1,0,Carte
2024-09-25,Agadir,E,T002362,C1001,F,28,Alimentation,Huile,66.69,2,0,Carte
2024-03-08,Fes,B,T002363,C1045,F,51,Electronique,Tablette,3352.01,1,5,Especes
2024-06-01,Agadir,D,T002364,C1433,M,30,Alimentation,Cereales,20.13,1,10,Especes
2024-07-07,Fes,C,T002365,C1020,M,31,Beaute,Creme,555.96,2,5,Especes
2024-03-29,Marrakech,A,T002366,C1238,F,27,Maison,Lampe,1056.86,2,10,Carte
2024-12-20,Fes,E,T002367,C1633,F,30,Electronique,Tablette,2721.66,3,0,Especes
2024-03-06,Agadir,D,T002368,C1471,M,39,Vetements,Sweat,191.22,1,0,Carte
2024-06-24,Rabat,A,T002369,C1645,M,37,Alimentation,Huile,39.98,1,10,Carte
2024-12-02,Agadir,A,T002370,C1373,F,31,Maison,Tapis,65.02,1,0,Especes
2024-04-27,Agadir,E,T002371,C1611,M,64,Maison,Table,129.97,1,0,Especes
2024-05-26,Casablanca,E,T002372,C1153,M,29,Vetements,Chaussures,119.15,2,0,Especes
2024-02-11,Tanger,E,T002373,C1325,F,63,Electronique,Souris,2846.78,1,10,Especes
2024-02-28,Agadir,D,T002374,C1549,F,51,Maison,Lampe,202.36,1,0,En ligne
2024-12-17,Fes,A,T002375,C1198,M,34,Vetements,Chaussures,845.23,2,0,En ligne
2024-10-25,Agadir,B,T002376,C1522,F,37,Maison,Chaise,1375.21,1,0,Carte
2024-05-02,Casablanca,D,T002377,C1137,F,,Vetements,Veste,232.07,2,0,En ligne
2024-01-22,Fes,A,T002378,C1228,M,25,Electronique,Smartphone,2213.8,2,0,Carte
2024-10-01,Fes,E,T002379,C1224,F,40,Alimentation,Riz,124.87,1,,Especes
2024-11-05,Tanger,D,T002380,C1258,F,37,Alimentation,The,171.11,2,10,En ligne
2024-09-26,Agadir,B,T002381,C1015,M,46,Sports,Raquette,1074.74,2,0,Especes
2024-06-24,Rabat,B,T002382,C1246,M,28,Alimentation,Cafe,198.45,1,0,Carte
2024-10-15,Fes,B,T002383,C1025,F,46,Alimentation,Cereales,195.78,2,10,carte
2024-07-18,Agadir,E,T002384,C1306,M,31,Beaute,Maquillage,608.57,1,10,En ligne
2024-06-27,Casablanca,B,T002385,C1391,M,55,Vetements,Veste,118.41,1,15,Especes
2024-11-10,Tanger,B,T002386,C1454,F,34,Alimentation,Cereales,116.8,1,5,Carte
2024-08-12,Casablanca,D,T002387,C1013,M,43,Maison,Miroir,740.78,2,0,Especes
2024-02-03,Fes,D,T002388,C1472,M,36,Maison,Tapis,220.11,1,0,Carte
2024-07-20,Marrakech,A,T002389,C1307,F,21,Beaute,Creme,584.93,1,0,Especes
2024-08-31,Rabat,E,T002390,C1333,F,19,Sports,Velo appartement,1385.25,1,0,Carte
2024-09-16,Marrakech,E,T002391,C1503,F,24,Beaute,Savon,492.5,1,0,CB
2024-06-11,Marrakech,D,T002392,C1470,F,27,Alimentation,Riz,41.05,1,0,En ligne
2024-04-30,Fes,C,T002393,C1584,M,,Alimentation,Cereales,185.57,4,0,Carte
2024-07-24,Fes,A,T002394,C1490,F,34,Electronique,Ecouteurs,276.57,2,0,En ligne
2024-02-01,Agadir,C,T002395,C1138,F,30,Alimentation,Huile,128.11,2,0,Carte
2024-01-16,Rabat,E,T002396,C1092,M,20,Sports,Raquette,1176.63,1,0,Carte
2024-10-09,Agadir,E,T002397,C1121,M,56,Electronique,Clavier,2205.14,1,10,En ligne
2024-09-19,Marrakech,B,T002398,C1138,F,28,Vetements,Jean,132.07,1,0,Especes
2024-04-10,Rabat,A,T002399,C1367,F,23,Alimentation,Huile,19.35,1,5,En ligne
2024-09-05,Agadir,B,T002400,C1627,M,33,Vetements,Jean,263.71,2,0,Especes
2024-01-25,Tanger,E,T002401,C1684,F,54,Vetements,Jean,772.63,1,5,Especes
2024-12-08,Rabat,A,T002402,C1190,M,38,Electronique,Ecouteurs,1258.1,1,5,Especes
2024-09-23,Marrakech,D,T002403,C1366,M,19,Sports,Velo appartement,513.66,1,0,Carte
2024-07-31,Casablanca,C,T002404,C1520,F,27,Electronique,Tablette,1559.59,2,5,Carte
2024-11-12,Fes,B,T002405,C1550,M,36,Maison,Miroir,434.75,1,0,Carte
2024-08-29,Agadir,D,T002406,C1252,M,17,Beaute,Maquillage,474.11,1,10,En ligne
2024-06-03,Agadir,B,T002407,C1299,F,,Beaute,Savon,349.8,1,0,En ligne
2024-08-17,Rabat,C,T002408,C1206,F,32,Vetements,Chaussures,668.11,2,0,Carte
2024-08-14,Rabat,D,T002409,C1115,M,28,Electronique,Souris,2132.42,2,0,Carte
2024-01-20,Marrakech,C,T002410,C1184,F,28,Alimentation,Huile,94.04,2,0,En-ligne
2024-02-03,Casablanca,A,T002411,C1050,M,44,Maison,Tapis,1316.79,1,0,En ligne
2024-07-30,Tanger,D,T002412,C1001,F,24,Maison,Lampe,1195.79,3,0,Especes
2024-04-07,Rabat,A,T002413,C1179,F,46,Alimentation,Cereales,127.4,2,10,Carte
2024-11-17,Casablanca,A,T002414,C1533,M,43,Maison,Lampe,1045.31,1,,Carte
2024-01-24,Agadir,C,T002415,C1659,F,30,Electronique,Tablette,482.25,2,0,CB
2024-03-25,Agadir,B,T002416,C1648,M,33,Beaute,Serum,393.93,1,15,Especes
2024-05-14,Tanger,B,T002417,C1613,M,29,Alimentation,Cereales,54.21,2,10,CB
2024-12-09,Casablanca,E,T002418,C1453,M,46,Alimentation,Cafe,14.76,1,0,En ligne
2024-01-02,Agadir,E,T002419,C1019,F,35,Vetements,Veste,868.47,1,10,Carte
2024-03-04,Casablanca,A,T002420,C1489,M,17,Vetements,Robe,464.79,1,0,Carte
2024-11-28,Marrakech,D,T002421,C1685,F,17,Alimentation,Riz,12.98,2,5,En ligne
2024-11-16,Rabat,B,T002422,C1599,F,37,Maison,Coussin,578.49,1,15,En ligne
2024-09-16,Tanger,B,T002423,C1448,F,36,Alimentation,Cereales,199.09,1,5,Carte
2024-12-27,Fes,B,T002424,C1320,F,24,Alimentation,Pates,208.91,2,15,En ligne
2024-05-29,Agadir,C,T002425,C1497,F,49,Vetements,T-shirt,426.16,2,15,Carte
2024-03-19,Agadir,D,T002426,C1006,M,31,Alimentation,The,207.67,3,0,En-ligne
2024-10-30,Agadir,A,T002427,C1120,M,56,Alimentation,The,108.96,3,0,Especes
2024-05-05,Rabat,C,T002428,C1393,M,38,Alimentation,Riz,56.91,2,5,En-ligne
2024-05-28,Casablanca,E,T002429,C1552,F,29,Electronique,Ecouteurs,988.86,1,0,Especes
2024-09-22,Fes,C,T002430,C1678,F,35,Maison,Coussin,873.34,2,10,En ligne
2024-02-07,Casablanca,B,T002431,C1531,F,31,Alimentation,Cereales,213.07,1,0,En-ligne
2024-06-14,Rabat,D,T002432,C1245,M,35,Alimentation,Cereales,118.1,2,0,carte
2024-04-07,Casablanca,B,T002433,C1495,M,21,Vetements,Chaussures,136.38,1,10,Carte
2024-02-12,Agadir,D,T002434,C1080,F,27,Alimentation,Cereales,158.21,3,0,En ligne
2024-07-02,Agadir,D,T002435,C1577,M,50,Alimentation,Cafe,22.15,3,0,Carte
2024-07-14,Rabat,E,T002436,C1403,M,42,Sports,Tapis Yoga,1271.75,2,5,Especes
2024-09-28,Agadir,E,T002437,C1427,F,51,Vetements,Veste,208.52,1,10,Especes
2024-09-04,Marrakech,A,T002438,C1186,M,27,Maison,Tapis,1397,1,0,Especes
2024-02-08,Casablanca,C,T002439,C1104,F,26,Alimentation,Cafe,30.69,2,10,En ligne
2024-02-25,Casablanca,A,T002440,C1635,M,19,Electronique,Souris,2337.58,3,10,Carte
2024-10-21,Rabat,A,T002441,C1468,F,19,Sports,Ballon,830.15,1,0,En ligne
2024-12-04,Tanger,C,T002442,C1634,M,25,Beaute,Serum,690.17,1,0,Carte
2024-11-22,Fes,D,T002443,C1144,F,39,Beaute,Shampooing,88.42,2,10,Carte
2024-12-14,Fes,C,T002444,C1311,M,32,Alimentation,Huile,128.51,1,0,Especes
2024-09-02,Fes,B,T002445,C1177,M,51,Electronique,Souris,287.54,2,0,En ligne
2024-03-12,Tanger,B,T002446,C1550,F,51,Beaute,Savon,469.46,1,10,En ligne
2024-10-26,Marrakech,B,T002447,C1252,M,40,Sports,Halteres,1607.63,1,0,Especes
2024-11-30,Casablanca,E,T002448,C1146,F,35,Electronique,Casque,2296.65,1,10,En ligne
2024-08-21,Agadir,E,T002449,C1526,F,45,Vetements,Veste,395.33,1,0,Especes
2024-04-14,Tanger,A,T002450,C1282,M,46,Electronique,Ecouteurs,2022.91,1,5,En ligne
2024-04-04,Fes,B,T002451,C1186,F,44,Vetements,Veste,480.19,1,15,Especes
2024-10-26,Marrakech,C,T002452,C1072,F,41,Beaute,Savon,378.84,1,0,Especes
2024-06-29,Tanger,A,T002453,C1056,F,36,Alimentation,The,194.42,2,0,Especes
2024-01-07,Marrakech,A,T002454,C1006,,27,Beaute,Serum,638.52,2,10,Especes
2024-01-10,Marrakech,B,T002455,C1485,F,43,Electronique,Ecouteurs,226.41,1,5,Especes
2024-01-25,Rabat,C,T002456,C1461,F,31,Vetements,Sweat,609.31,1,10,Carte
2024-07-20,Rabat,C,T002457,C1580,F,36,Electronique,Souris,2347.35,2,0,En ligne
2024-03-27,Rabat,E,T002458,C1485,M,21,Sports,Chaussures Running,1031.29,1,0,Carte
2024-02-05,Fes,A,T002459,C1239,,37,Beaute,Serum,681.01,1,0,Carte
2024-11-22,Agadir,B,T002460,C1309,M,32,Alimentation,Pates,96.81,2,15,En ligne
2024-02-03,Marrakech,B,T002461,C1436,F,29,Electronique,Smartphone,2838.41,1,5,En ligne
2024-01-01,Marrakech,D,T002462,C1091,M,31,Vetements,Sweat,252.55,1,0,Carte
2024-08-08,Casablanca,E,T002463,C1678,M,38,Electronique,Casque,725.46,2,0,En ligne
2024-09-01,Tanger,C,T002464,C1185,F,41,Alimentation,Pates,41.94,2,0,En-ligne
2024-12-21,Rabat,C,T002465,C1551,M,29,Electronique,Smartphone,1892.47,1,5,Carte
2024-08-11,Fes,E,T002466,C1619,M,48,Alimentation,Huile,27.32,1,10,Carte
2024-04-26,Casablanca,C,T002467,C1223,F,19,Alimentation,Riz,139.82,1,10,En ligne
2024-07-06,Casablanca,B,T002468,C1588,F,40,Beaute,Serum,41.56,2,,Carte
2024-01-02,Rabat,B,T002469,C1327,F,51,Vetements,Robe,673.6,2,0,Especes
2024-10-04,Agadir,C,T002470,C1276,F,,Beaute,Creme,582,1,10,CB
2024-03-03,Marrakech,E,T002471,C1459,,41,Alimentation,Cafe,42.48,1,0,Especes
2024-10-26,Marrakech,D,T002472,C1522,M,41,Maison,Lampe,863.98,2,5,En ligne
2024-01-08,Rabat,E,T002473,C1557,F,34,Alimentation,Pates,158.21,1,0,Especes
2024-10-26,Marrakech,D,T002474,C1045,F,25,Maison,Chaise,713.89,1,0,Especes
2024-06-23,Agadir,A,T002475,C1630,M,37,Vetements,T-shirt,644.86,1,0,Carte
2024-02-19,Fes,C,T002476,C1063,F,38,Sports,Halteres,1518.74,2,0,En ligne
2024-03-19,Agadir,D,T002477,C1483,F,42,Sports,Tapis Yoga,1339.15,1,0,Especes
2024-07-28,Tanger,C,T002478,C1663,M,39,Maison,Lampe,772.78,1,15,Especes
2024-03-19,Agadir,C,T002479,C1015,M,23,Maison,Table,568.07,1,0,Carte
2024-08-28,Agadir,C,T002480,C1414,F,49,Vetements,Chaussures,848.96,2,0,carte
2024-11-24,Casablanca,C,T002481,C1059,M,21,Sports,Ballon,103.49,2,5,En ligne
2024-02-07,Agadir,A,T002482,C1206,F,29,Beaute,Savon,589.1,2,0,Carte
2024-03-15,Fes,C,T002483,C1592,F,29,Electronique,Casque,2017.46,2,0,Carte
2024-12-02,Agadir,A,T002484,C1297,M,44,Maison,Lampe,1338.35,1,15,Especes
2024-04-18,Casablanca,C,T002485,C1277,M,24,Maison,Tapis,104.69,1,0,Carte
2024-08-31,Fes,B,T002486,C1103,M,,Vetements,Robe,409.32,2,0,En ligne
2024-08-11,Fes,A,T002487,C1296,F,36,Vetements,Chaussures,263.02,1,10,Especes
2024-02-28,Tanger,E,T002488,C1252,F,28,Sports,Halteres,632.58,1,10,Carte
2024-10-29,Rabat,B,T002489,C1476,M,53,Alimentation,The,16.68,1,0,Carte
2024-07-03,Agadir,E,T002490,C1632,F,25,Electronique,Tablette,1691.99,1,5,En ligne
2024-04-01,Tanger,C,T002491,C1595,F,47,Electronique,Ecouteurs,3224.89,1,10,En ligne
2024-10-21,Agadir,E,T002492,C1318,F,36,Electronique,Souris,1388.81,1,15,Especes
2024-08-19,Fes,E,T002493,C1057,M,27,Maison,Miroir,783.34,3,5,En ligne
2024-01-15,Agadir,A,T002494,C1217,M,52,Alimentation,Cereales,139.77,2,0,Carte
2024-10-08,Marrakech,B,T002495,C1263,F,42,Alimentation,The,135.26,2,0,Especes
2024-11-26,Agadir,C,T002496,C1547,F,32,Beaute,Parfum,134.01,3,10,Carte
2024-05-21,Marrakech,E,T002497,C1688,M,23,Maison,Lampe,277.44,2,10,Especes
2024-06-09,Agadir,E,T002498,C1570,F,61,Vetements,T-shirt,490.02,2,5,En ligne
2024-04-04,Fes,B,T002499,C1362,F,43,Alimentation,Huile,179.78,1,0,Carte
2024-01-03,Marrakech,B,T002500,C1236,F,41,Vetements,Chaussures,807.42,2,0,Carte
2024-04-17,Agadir,B,T002501,C1690,M,25,Maison,Miroir,567.53,1,5,Especes
2024-03-19,Tanger,C,T002502,C1380,M,40,Beaute,Serum,183.85,1,0,Carte
2024-12-25,Fes,A,T002503,C1269,M,41,Beaute,Parfum,348.13,1,5,En ligne
2024-03-30,Marrakech,A,T002504,C1538,M,36,Sports,Raquette,1066.64,1,10,Especes
2024-12-26,Rabat,E,T002505,C1624,M,30,Maison,Coussin,844.8,1,5,En ligne
2024-01-20,Tanger,C,T002506,C1250,M,40,Alimentation,The,212.38,2,0,Carte
2024-11-08,Marrakech,A,T002507,C1349,F,35,Beaute,Maquillage,673.69,1,5,Especes
2024-09-13,Tanger,C,T002508,C1556,F,32,Electronique,Casque,280.85,1,0,Especes
2024-08-31,Casablanca,B,T002509,C1683,F,45,Electronique,Smartphone,532.66,1,5,En ligne
2024-10-30,Tanger,D,T002510,C1255,M,48,Sports,Tapis Yoga,371.67,2,5,Especes
2024-03-27,Casablanca,C,T002511,C1062,F,47,Sports,Ballon,1699.73,1,10,CB
2024-08-23,Agadir,B,T002512,C1051,F,44,Vetements,Jean,542.24,1,0,Carte
2024-01-21,Agadir,D,T002513,C1079,M,16,Maison,Table,1036.06,1,0,Carte
2024-12-20,Casablanca,A,T002514,C1081,M,22,Maison,Miroir,187.73,1,5,Especes
2024-06-11,Tanger,D,T002515,C1352,F,33,Electronique,Clavier,1539.63,2,10,Carte
2024-02-11,Marrakech,C,T002516,C1213,M,31,Vetements,T-shirt,469.11,2,15,Especes
2024-01-04,Agadir,A,T002517,C1530,F,34,Maison,Chaise,212.8,1,0,Carte
2024-07-18,Rabat,B,T002518,C1504,M,33,Alimentation,The,99.91,2,10,Especes
2024-02-08,Tanger,E,T002519,C1555,F,53,Alimentation,Riz,142.14,1,0,Carte
2024-07-04,Rabat,A,T002520,C1389,M,48,Maison,Lampe,830.62,1,0,Carte
2024-08-22,Tanger,C,T002521,C1110,M,31,Vetements,Veste,450.51,2,5,Especes
2024-11-01,Rabat,C,T002522,C1383,M,26,Vetements,Robe,431.36,1,0,Carte
2024-09-08,Fes,B,T002523,C1332,F,44,Vetements,Jean,131.13,1,,Carte
2024-08-28,Fes,B,T002524,C1035,F,16,Sports,Tapis Yoga,859.09,1,0,CB
2024-01-18,Rabat,B,T002525,C1639,M,41,Alimentation,Riz,145.24,1,0,En ligne
2024-11-21,Rabat,C,T002526,C1699,M,33,Electronique,Tablette,963.49,2,0,En-ligne
2024-11-21,Agadir,D,T002527,C1437,M,34,Maison,Table,1362.32,2,10,En ligne
2024-10-27,Rabat,B,T002528,C1235,,36,Vetements,Jean,633.09,1,0,Carte
2024-08-13,Fes,A,T002529,C1579,F,34,Maison,Coussin,1072.14,1,0,En-ligne
2024-11-19,Tanger,A,T002530,C1500,M,28,Vetements,Veste,777.85,2,10,En ligne
2024-09-30,Rabat,A,T002531,C1445,M,33,Maison,Tapis,1332.74,1,0,Especes
2024-07-08,Casablanca,B,T002532,C1401,,28,Maison,Chaise,1244.88,1,0,En ligne
2024-12-27,Marrakech,E,T002533,C1299,,36,Beaute,Parfum,414.28,1,0,Carte
2024-01-12,Marrakech,A,T002534,C1537,M,31,Beaute,Savon,75.99,2,15,En ligne
2024-11-23,Fes,A,T002535,C1526,M,44,Alimentation,Cereales,95.63,1,10,Especes
2024-09-05,Casablanca,D,T002536,C1475,M,34,Electronique,Clavier,2189.34,1,0,Especes
2024-12-19,Fes,D,T002537,C1263,F,63,Electronique,Ecouteurs,1254.11,2,0,Carte
2024-07-31,Agadir,B,T002538,C1687,F,43,Beaute,Serum,317.31,1,0,En-ligne
2024-05-09,Casablanca,A,T002539,C1096,,45,Sports,Halteres,1755.64,1,0,Carte
2024-11-05,Rabat,E,T002540,C1400,F,24,Alimentation,Cereales,155.55,1,15,Especes
2024-09-02,Rabat,E,T002541,C1196,M,31,Beaute,Shampooing,500.16,1,5,Carte
2024-05-12,Rabat,A,T002542,C1279,M,26,Electronique,Casque,1116.09,1,5,Carte
2024-03-14,Tanger,B,T002543,C1353,,44,Alimentation,Riz,75.71,1,0,Especes
2024-04-27,Rabat,B,T002544,C1145,M,21,Alimentation,Riz,212.42,3,5,Especes
2024-04-24,Fes,E,T002545,C1559,F,36,Beaute,Parfum,91.06,2,10,Especes
2024-05-24,Rabat,D,T002546,C1394,M,40,Beaute,Shampooing,411.25,1,0,Carte
2024-03-23,Casablanca,D,T002547,C1155,F,51,Maison,Lampe,386.55,1,10,Especes
2024-04-21,Casablanca,B,T002548,C1678,F,32,Alimentation,Pates,40.75,2,0,Especes
2024-08-04,Marrakech,E,T002549,C1694,M,36,Beaute,Maquillage,120.62,2,0,Especes
2024-12-10,Marrakech,E,T002550,C1234,F,40,Maison,Coussin,718.58,1,0,En ligne
2024-11-24,Agadir,B,T002551,C1374,M,34,Alimentation,Cereales,65.19,2,0,Carte
2024-05-22,Casablanca,C,T002552,C1264,M,51,Sports,Raquette,636.28,1,15,Carte
2024-02-02,Marrakech,D,T002553,C1548,M,56,Beaute,Maquillage,605.26,2,0,Carte
2024-04-19,Rabat,D,T002554,C1131,M,30,Maison,Miroir,810.53,1,5,Carte
2024-03-21,Casablanca,D,T002555,C1335,M,16,Maison,Lampe,1273.99,1,5,En ligne
2024-02-14,Casablanca,A,T002556,C1259,F,20,Maison,Table,514.12,1,5,carte
2024-06-18,Marrakech,E,T002557,C1440,F,45,Beaute,Creme,482.74,2,0,En ligne
2024-09-19,Marrakech,B,T002558,C1164,F,38,Maison,Lampe,64.77,1,0,Carte
2024-07-01,Fes,A,T002559,C1552,F,31,Beaute,Serum,517.73,3,5,Carte
2024-11-21,Fes,E,T002560,C1180,F,23,Electronique,Ecouteurs,2566.48,3,0,Especes
2024-02-10,Fes,B,T002561,C1108,M,35,Beaute,Maquillage,606.27,2,5,Especes
2024-08-18,Marrakech,C,T002562,C1112,F,24,Maison,Chaise,673.42,1,10,En ligne
2024-10-05,Marrakech,B,T002563,C1620,F,36,Maison,Coussin,986.48,2,0,Carte
2024-12-20,Tanger,C,T002564,C1242,F,34,Maison,Table,1190.73,1,15,Carte
2024-05-26,Casablanca,D,T002565,C1039,M,40,Alimentation,Pates,17.27,2,5,Especes
2024-07-02,Tanger,A,T002566,C1006,F,32,Beaute,Serum,314.9,1,,Especes
2024-02-11,Fes,D,T002567,C1028,M,39,Maison,Miroir,64.2,1,0,Carte
2024-11-10,Casablanca,D,T002568,C1008,F,41,Alimentation,Riz,53.15,2,10,Carte
2024-01-08,Casablanca,A,T002569,C1508,F,41,Electronique,Casque,2509.92,1,0,Especes
2024-10-24,Fes,A,T002570,C1219,F,35,Alimentation,Cereales,30.11,1,0,Carte
2024-12-16,Casablanca,E,T002571,C1347,F,34,Alimentation,Huile,77.86,1,0,En-ligne
2024-10-15,Marrakech,D,T002572,C1570,F,41,Electronique,Casque,2835.18,2,10,En ligne
2024-06-25,Agadir,A,T002573,C1589,M,25,Beaute,Serum,187.38,1,10,Carte
2024-09-27,Tanger,E,T002574,C1132,M,26,Maison,Chaise,528.8,1,5,Especes
2024-04-24,Casablanca,D,T002575,C1304,M,26,Vetements,Chaussures,482.05,1,5,Carte
2024-11-20,Tanger,A,T002576,C1227,F,36,Electronique,Ecouteurs,463.09,2,10,Carte
2024-12-13,Marrakech,B,T002577,C1211,M,43,Alimentation,The,14.35,1,10,En ligne
2024-04-09,Tanger,D,T002578,C1599,F,24,Vetements,Robe,218.31,1,10,Especes
2024-11-10,Tanger,C,T002579,C1661,M,34,Alimentation,Pates,196.23,1,10,En ligne
2024-03-28,Rabat,E,T002580,C1408,F,64,Sports,Chaussures Running,521.86,1,0,Especes
2024-12-05,Rabat,B,T002581,C1216,F,44,Alimentation,Cafe,100.39,2,0,Carte
2024-12-16,Marrakech,D,T002582,C1335,M,34,Alimentation,Huile,141.71,1,0,En ligne
2024-02-22,Tanger,B,T002583,C1203,F,17,Maison,Miroir,452.58,1,15,Carte
2024-05-04,Fes,D,T002584,C1643,M,48,Sports,Tapis Yoga,699.58,1,0,Especes
2024-12-04,Fes,E,T002585,C1201,M,44,Vetements,Veste,372.4,2,0,Especes
2024-08-23,Tanger,C,T002586,C1305,M,42,Sports,Halteres,1413.31,2,0,Carte
2024-10-09,Tanger,B,T002587,C1674,M,16,Sports,Chaussures Running,540.44,2,10,Carte
2024-02-09,Marrakech,B,T002588,C1382,M,31,Alimentation,Cereales,48.52,1,0,Carte
2024-03-28,Marrakech,C,T002589,C1053,M,,Vetements,Sweat,547.67,2,0,En ligne
2024-04-05,Fes,C,T002590,C1373,M,16,Vetements,Chaussures,841.17,1,0,En ligne
2024-07-04,Tanger,D,T002591,C1325,,27,Alimentation,Cereales,18.38,3,10,carte
2024-01-18,Fes,B,T002592,C1483,F,32,Electronique,Souris,822.85,2,0,En ligne
2024-05-14,Tanger,B,T002593,C1130,M,31,Beaute,Parfum,474.56,1,15,Carte
2024-06-15,Fes,B,T002594,C1221,F,36,Sports,Halteres,1051.18,2,0,En ligne
2024-12-28,Agadir,C,T002595,C1581,F,37,Alimentation,Riz,65.62,3,0,carte
2024-02-15,Casablanca,C,T002596,C1696,M,39,Maison,Coussin,1397.44,1,5,Carte
2024-05-29,Agadir,D,T002597,C1606,M,42,Beaute,Parfum,402.65,1,0,Especes
2024-02-02,Fes,C,T002598,C1440,M,27,Sports,Ballon,650.23,1,10,Carte
2024-11-30,Fes,E,T002599,C1684,F,39,Sports,Chaussures Running,399.12,2,0,Carte
2024-05-31,Tanger,A,T002600,C1689,F,26,Sports,Chaussures Running,371.43,1,5,Especes
2024-10-02,Marrakech,C,T002601,C1244,F,36,Electronique,Smartphone,2077.17,1,0,Especes
2024-12-04,Casablanca,E,T002602,C1419,M,39,Sports,Ballon,1256.54,1,0,Carte
2024-10-13,Fes,A,T002603,C1020,M,31,Maison,Chaise,465.89,2,10,Carte
2024-08-18,Casablanca,A,T002604,C1561,M,39,Alimentation,Riz,100.86,1,0,En ligne
2024-12-14,Tanger,C,T002605,C1000,F,37,Alimentation,Huile,176.73,1,10,En ligne
2024-09-16,Tanger,A,T002606,C1351,F,44,Alimentation,Riz,52.66,2,10,Especes
2024-03-21,Casablanca,D,T002607,C1198,M,16,Alimentation,Huile,142.25,1,0,Especes
2024-11-16,Tanger,A,T002608,C1255,M,21,Electronique,Smartphone,1071.14,3,5,En ligne
2024-07-28,Rabat,C,T002609,C1080,F,34,Alimentation,Riz,31.93,2,10,Carte
2024-02-09,Rabat,A,T002610,C1681,M,29,Electronique,Smartphone,1294.57,1,10,Carte
2024-03-17,Marrakech,C,T002611,C1034,M,40,Alimentation,The,20.01,2,10,Carte
2024-10-27,Agadir,A,T002612,C1270,F,52,Vetements,Robe,682.42,2,,Carte
2024-11-29,Casablanca,B,T002613,C1187,M,34,Maison,Table,984.24,1,0,En ligne
2024-02-18,Fes,B,T002614,C1345,F,,Beaute,Parfum,624.78,2,0,En ligne
2024-05-08,Marrakech,B,T002615,C1521,F,34,Sports,Tapis Yoga,708.19,1,0,En ligne
2024-01-23,Marrakech,A,T002616,C1544,M,30,Maison,Coussin,1093.01,1,0,En ligne
2024-01-21,Fes,B,T002617,C1499,,30,Sports,Ballon,107.77,2,10,carte
2024-11-04,Tanger,C,T002618,C1561,F,38,Sports,Ballon,1324.55,1,5,Carte
2024-03-04,Marrakech,D,T002619,C1148,M,35,Beaute,Creme,126.74,1,10,Especes
2024-08-19,Rabat,B,T002620,C1112,F,26,Sports,Velo appartement,372.08,2,15,En-ligne
2024-05-25,Tanger,D,T002621,C1425,F,29,Vetements,Chaussures,153.17,1,0,Especes
2024-07-30,Fes,E,T002622,C1371,F,,Electronique,Smartphone,3471.25,2,0,En ligne
2024-06-08,Agadir,B,T002623,C1474,M,35,Alimentation,Huile,31.31,1,0,Carte
2024-11-24,Marrakech,C,T002624,C1097,F,34,Sports,Tapis Yoga,134.48,4,10,Especes
2024-05-30,Casablanca,D,T002625,C1452,M,54,Vetements,Veste,229.33,1,0,En ligne
2024-08-12,Fes,D,T002626,C1409,F,40,Alimentation,Cafe,104.53,1,0,En ligne
2024-07-21,Casablanca,C,T002627,C1122,M,45,Vetements,Veste,517.03,3,,En ligne
2024-11-17,Marrakech,E,T002628,C1068,F,23,Maison,Coussin,909.19,3,5,Carte
2024-11-22,Fes,E,T002629,C1261,F,35,Electronique,Casque,2915.58,2,10,Especes
2024-04-23,Agadir,B,T002630,C1590,F,44,Electronique,Ecouteurs,3339.35,1,10,Carte
2024-03-04,Marrakech,C,T002631,C1327,M,22,Sports,Chaussures Running,1164.2,2,0,Especes
2024-04-22,Tanger,B,T002632,C1595,M,35,Beaute,Serum,46.79,1,10,Carte
2024-04-01,Fes,B,T002633,C1396,F,42,Vetements,Robe,728.75,1,0,Carte
2024-09-12,Casablanca,A,T002634,C1079,M,31,Electronique,Casque,1369.07,1,5,carte
2024-10-19,Rabat,B,T002635,C1100,F,28,Maison,Lampe,689.87,2,10,CB
2024-02-22,Tanger,D,T002636,C1141,F,32,Vetements,Sweat,764.63,2,10,Especes
2024-02-05,Tanger,D,T002637,C1353,M,39,Alimentation,Huile,135.35,2,0,Carte
2024-06-12,Agadir,A,T002638,C1582,F,49,Alimentation,Cafe,160.35,1,10,Carte
2024-01-24,Tanger,C,T002639,C1365,F,,Alimentation,Cafe,37.9,1,5,Especes
2024-02-01,Tanger,A,T002640,C1698,M,52,Electronique,Smartphone,2451.84,2,,Carte
2024-12-13,Agadir,E,T002641,C1195,,37,Sports,Velo appartement,1034.61,1,0,Carte
2024-12-31,Tanger,A,T002642,C1131,,45,Maison,Table,682.42,1,5,Carte
2024-11-30,Fes,A,T002643,C1103,M,32,Vetements,Chaussures,362.79,1,0,Especes
2024-03-04,Agadir,A,T002644,C1224,M,41,Vetements,Jean,828.53,1,5,En ligne
2024-05-03,Fes,C,T002645,C1054,F,44,Maison,Lampe,339,2,0,Especes
2024-04-24,Marrakech,E,T002646,C1635,F,22,Alimentation,Cereales,53.81,2,5,Carte
2024-08-19,Tanger,D,T002647,C1071,M,36,Vetements,Sweat,126,1,0,Carte
2024-11-12,Agadir,E,T002648,C1454,F,25,Alimentation,Riz,179.53,2,5,Carte
2024-02-23,Rabat,A,T002649,C1068,F,40,Maison,Table,366.81,1,0,Especes
2024-01-24,Fes,A,T002650,C1524,F,39,Maison,Table,486.52,1,5,En ligne
2024-08-16,Tanger,E,T002651,C1634,F,26,Beaute,Savon,89.27,1,0,En ligne
2024-05-26,Casablanca,D,T002652,C1463,M,,Electronique,Casque,455.68,1,0,CB
2024-05-26,Casablanca,D,T002653,C1222,M,29,Alimentation,Cereales,210.3,1,0,Especes
2024-04-22,Fes,A,T002654,C1588,M,32,Vetements,Robe,459.72,1,0,Especes
2024-01-15,Casablanca,C,T002655,C1385,,34,Electronique,Souris,475.47,2,10,En ligne
2024-10-11,Marrakech,E,T002656,C1053,M,38,Sports,Chaussures Running,1327.4,2,15,Especes
2024-02-14,Agadir,A,T002657,C1381,F,44,Vetements,T-shirt,785.35,1,0,Especes
2024-01-14,Fes,B,T002658,C1692,M,34,Beaute,Creme,238.48,1,5,Especes
2024-12-11,Agadir,A,T002659,C1481,M,29,Maison,Coussin,248.15,1,0,En ligne
2024-12-16,Marrakech,A,T002660,C1466,M,36,Beaute,Maquillage,72.77,1,5,Carte
2024-05-30,Casablanca,C,T002661,C1327,M,28,Maison,Chaise,1062.3,2,10,Especes
2024-01-19,Casablanca,D,T002662,C1267,F,31,Electronique,Clavier,3118.77,1,0,Especes
2024-11-09,Agadir,E,T002663,C1004,F,22,Beaute,Parfum,494.73,1,0,Especes
2024-12-01,Fes,E,T002664,C1007,F,39,Electronique,Smartphone,573.82,1,5,En ligne
2024-01-20,Marrakech,C,T002665,C1016,F,54,Vetements,Robe,172.45,1,10,En ligne
2024-10-21,Tanger,B,T002666,C1491,M,42,Electronique,Casque,639.08,3,0,Carte
2024-01-18,Agadir,B,T002667,C1072,F,32,Alimentation,Cereales,104.36,4,5,Carte
2024-11-13,Marrakech,B,T002668,C1167,F,35,Vetements,Sweat,259.9,1,5,En ligne
2024-05-28,Agadir,B,T002669,C1396,M,32,Sports,Tapis Yoga,1755.66,1,10,Carte
2024-12-01,Rabat,D,T002670,C1403,M,36,Vetements,T-shirt,331.16,1,0,carte
2024-07-20,Casablanca,E,T002671,C1079,M,46,Beaute,Maquillage,316.93,2,5,Especes
2024-02-12,Fes,E,T002672,C1386,F,33,Alimentation,Pates,65.99,1,5,En ligne
2024-09-21,Casablanca,D,T002673,C1172,M,27,Vetements,Robe,479.83,2,10,Carte
2024-12-28,Fes,A,T002674,C1002,F,26,Maison,Chaise,595.08,1,0,carte
2024-03-14,Tanger,C,T002675,C1356,M,26,Vetements,Robe,354.32,1,0,En ligne
2024-03-02,Agadir,E,T002676,C1593,M,56,Maison,Coussin,473.85,4,10,Especes
2024-01-19,Casablanca,A,T002677,C1216,F,,Electronique,Clavier,1132.53,2,0,En ligne
2024-08-02,Casablanca,D,T002678,C1524,M,46,Alimentation,The,132.2,3,,Carte
2024-09-19,Fes,A,T002679,C1406,F,57,Maison,Chaise,936.92,2,0,En ligne
2024-04-27,Rabat,A,T002680,C1400,F,19,Alimentation,Cafe,197.36,1,0,En ligne
2024-05-11,Tanger,B,T002681,C1323,F,54,Vetements,Robe,795.9,4,0,Especes
2024-02-03,Tanger,E,T002682,C1492,M,25,Alimentation,Riz,53.06,1,0,En-ligne
2024-08-19,Rabat,B,T002683,C1296,M,38,Beaute,Serum,52.75,2,5,Especes
2024-01-09,Casablanca,B,T002684,C1181,M,37,Alimentation,Cereales,32.08,1,0,Especes
2024-01-30,Rabat,E,T002685,C1685,F,23,Beaute,Serum,145.08,1,0,Carte
2024-11-29,Tanger,C,T002686,C1075,M,38,Sports,Tapis Yoga,1600.96,2,5,En ligne
2024-09-27,Fes,D,T002687,C1298,M,29,Electronique,Clavier,616.78,3,0,En ligne
2024-10-15,Tanger,A,T002688,C1156,F,48,Vetements,T-shirt,721.41,1,0,Especes
2024-07-31,Agadir,D,T002689,C1564,F,36,Electronique,Ecouteurs,426.05,2,15,Especes
2024-09-25,Rabat,E,T002690,C1455,M,42,Alimentation,The,205.85,2,5,Carte
2024-10-05,Tanger,A,T002691,C1301,F,46,Alimentation,The,113.1,2,10,En ligne
2024-05-08,Casablanca,C,T002692,C1406,M,29,Beaute,Maquillage,352.46,1,0,En ligne
2024-06-23,Tanger,B,T002693,C1269,F,33,Electronique,Smartphone,3054.29,3,10,En-ligne
2024-03-11,Tanger,B,T002694,C1296,F,,Maison,Tapis,976.96,1,0,Especes
2024-06-28,Casablanca,B,T002695,C1321,F,49,Sports,Tapis Yoga,1438.57,1,10,Carte
2024-10-14,Rabat,A,T002696,C1600,F,54,Maison,Chaise,745.92,2,0,En ligne
2024-05-07,Agadir,C,T002697,C1668,M,40,Vetements,Chaussures,251.06,1,0,En ligne
2024-11-11,Rabat,A,T002698,C1506,M,46,Alimentation,Cafe,172.99,3,10,Carte
2024-09-24,Tanger,D,T002699,C1329,F,57,Alimentation,The,199.73,1,0,Carte
2024-11-19,Fes,B,T002700,C1597,M,43,Maison,Coussin,1313.23,3,10,Especes
2024-12-04,Casablanca,B,T002701,C1424,F,29,Sports,Tapis Yoga,1424.14,1,5,Carte
2024-01-26,Fes,A,T002702,C1524,F,18,Sports,Chaussures Running,1331.6,1,0,Especes
2024-11-09,Agadir,B,T002703,C1269,F,38,Electronique,Smartphone,564.62,3,10,En ligne
2024-09-14,Rabat,B,T002704,C1484,F,32,Alimentation,The,84.22,2,0,En ligne
2024-11-14,Casablanca,E,T002705,C1177,M,25,Electronique,Clavier,3290.63,2,0,Especes
2024-08-02,Agadir,C,T002706,C1618,M,29,Alimentation,Cafe,112.92,2,10,En ligne
2024-09-18,Rabat,B,T002707,C1644,F,43,Alimentation,Cereales,94.08,4,0,Carte
2024-03-12,Tanger,E,T002708,C1379,F,40,Sports,Raquette,944.81,1,0,Carte
2024-01-22,Tanger,B,T002709,C1447,M,46,Alimentation,Huile,149.05,1,10,carte
2024-07-20,Marrakech,E,T002710,C1360,M,41,Alimentation,Riz,140.99,1,0,Carte
2024-09-20,Marrakech,E,T002711,C1548,M,46,Electronique,Clavier,1604.61,1,0,Carte
2024-09-21,Marrakech,E,T002712,C1424,F,37,Maison,Coussin,1214.37,1,5,Especes
2024-09-23,Tanger,D,T002713,C1235,M,42,Alimentation,Pates,171.34,1,5,En ligne
2024-10-15,Casablanca,E,T002714,C1113,M,43,Electronique,Casque,3265.79,1,0,En ligne
2024-04-18,Casablanca,C,T002715,C1141,F,16,Beaute,Creme,284.51,1,0,Carte
2024-10-20,Marrakech,B,T002716,C1326,M,53,Beaute,Shampooing,80.13,1,0,Carte
2024-09-19,Casablanca,C,T002717,C1144,M,32,Maison,Coussin,198.75,2,15,Carte
2024-08-27,Agadir,E,T002718,C1209,M,20,Maison,Miroir,226.79,3,0,Carte
2024-06-19,Agadir,D,T002719,C1254,F,30,Alimentation,Cafe,167.33,1,5,Carte
2024-04-24,Rabat,B,T002720,C1085,F,47,Vetements,Robe,832.63,1,5,En ligne
2024-03-30,Tanger,C,T002721,C1297,M,37,Beaute,Maquillage,364.47,1,10,Carte
2024-02-24,Fes,E,T002722,C1003,M,44,Sports,Chaussures Running,426.14,1,0,Especes
2024-08-22,Casablanca,D,T002723,C1222,M,49,Vetements,Veste,113.15,1,0,Carte
2024-03-05,Casablanca,C,T002724,C1584,F,36,Alimentation,Cereales,146.47,1,0,En ligne
2024-12-16,Tanger,D,T002725,C1320,F,43,Vetements,Jean,863.78,2,15,Carte
2024-11-25,Fes,E,T002726,C1302,F,48,Beaute,Savon,561.01,2,5,Especes
2024-07-31,Agadir,D,T002727,C1545,M,30,Maison,Table,266.83,2,15,En ligne
2024-07-01,Tanger,D,T002728,C1568,M,35,Alimentation,Pates,132.62,1,0,CB
2024-01-24,Tanger,B,T002729,C1164,F,39,Beaute,Savon,645.3,1,15,En ligne
2024-10-25,Tanger,D,T002730,C1048,M,22,Sports,Ballon,117.63,2,10,En ligne
2024-11-17,Agadir,D,T002731,C1589,F,48,Maison,Chaise,872.69,1,0,Especes
2024-10-10,Tanger,E,T002732,C1265,M,26,Sports,Tapis Yoga,979.47,1,,Carte
2024-11-02,Fes,A,T002733,C1581,F,31,Beaute,Savon,416.12,2,10,Especes
2024-04-05,Fes,B,T002734,C1646,F,26,Beaute,Creme,466.32,1,0,En ligne
2024-12-24,Marrakech,A,T002735,C1254,M,46,Vetements,Veste,812.38,2,5,Carte
2024-03-16,Fes,C,T002736,C1275,M,,Vetements,Sweat,564.5,1,0,Carte
2024-04-23,Rabat,C,T002737,C1264,F,28,Alimentation,Huile,35.03,1,10,Carte
2024-02-10,Fes,D,T002738,C1004,F,39,Alimentation,The,47.09,1,0,Carte
2024-06-12,Tanger,B,T002739,C1454,M,25,Sports,Halteres,1758.99,2,0,En ligne
2024-08-02,Marrakech,E,T002740,C1055,F,38,Electronique,Smartphone,1005.26,1,5,Especes
2024-05-26,Fes,E,T002741,C1331,F,,Sports,Ballon,215.98,1,0,Carte
2024-10-27,Marrakech,E,T002742,C1135,F,43,Electronique,Casque,2925.25,2,0,Carte
2024-06-13,Fes,D,T002743,C1040,M,31,Sports,Ballon,566.51,1,5,Especes
2024-01-29,Tanger,E,T002744,C1191,M,43,Maison,Lampe,346.71,1,5,Carte
2024-02-15,Marrakech,B,T002745,C1263,F,42,Beaute,Maquillage,527.03,1,0,Carte
2024-10-21,Agadir,B,T002746,C1064,M,45,Maison,Lampe,281.29,2,5,Especes
2024-02-07,Agadir,D,T002747,C1349,F,28,Sports,Halteres,917.71,2,10,Carte
2024-02-26,Tanger,D,T002748,C1240,M,30,Maison,Miroir,1223.84,1,0,Especes
2024-08-22,Casablanca,E,T002749,C1682,M,29,Electronique,Smartphone,665.58,1,5,Carte
2024-01-26,Rabat,B,T002750,C1161,F,52,Sports,Raquette,1356.88,1,0,En ligne
2024-05-21,Tanger,A,T002751,C1661,M,,Alimentation,Riz,35.84,1,5,En ligne
2024-07-17,Tanger,D,T002752,C1501,F,37,Beaute,Creme,310.68,2,10,Carte
2024-06-02,Rabat,E,T002753,C1315,F,48,Electronique,Clavier,2595.65,1,0,En ligne
2024-04-11,Marrakech,E,T002754,C1463,F,40,Vetements,T-shirt,604.71,1,0,Carte
2024-02-12,Rabat,B,T002755,C1392,M,36,Alimentation,Huile,67.8,1,0,Especes
2024-05-24,Fes,A,T002756,C1119,M,16,Electronique,Souris,1793.23,1,10,En ligne
2024-12-11,Agadir,B,T002757,C1646,M,40,Electronique,Souris,2333.13,1,0,En ligne
2024-07-23,Fes,E,T002758,C1616,M,51,Electronique,Souris,3466.02,2,15,Especes
2024-06-06,Fes,D,T002759,C1083,F,42,Vetements,T-shirt,766.32,1,15,En ligne
2024-09-23,Tanger,C,T002760,C1526,F,23,Sports,Chaussures Running,1763.42,1,0,CB
2024-11-08,Tanger,D,T002761,C1647,M,45,Vetements,Chaussures,163.18,1,0,En ligne
2024-06-21,Tanger,E,T002762,C1611,M,32,Alimentation,Pates,51.58,2,5,Carte
2024-04-29,Marrakech,A,T002763,C1432,M,35,Vetements,Robe,121.28,1,0,Especes
2024-12-13,Rabat,A,T002764,C1378,F,47,Electronique,Clavier,3464.2,1,10,En-ligne
2024-03-15,Fes,A,T002765,C1404,M,40,Beaute,Creme,115.33,2,0,En ligne
2024-11-28,Marrakech,D,T002766,C1331,F,59,Vetements,Veste,224.63,1,0,Carte
2024-08-25,Marrakech,D,T002767,C1139,M,34,Beaute,Maquillage,546.41,1,0,Especes
2024-07-05,Rabat,B,T002768,C1193,M,42,Maison,Coussin,363.12,2,15,Carte
2024-12-23,Marrakech,B,T002769,C1131,M,41,Vetements,Sweat,749.76,1,10,En ligne
2024-03-14,Fes,E,T002770,C1193,M,,Alimentation,Huile,85.57,2,10,Carte
2024-07-15,Fes,E,T002771,C1558,F,35,Alimentation,Cafe,56.46,1,5,Especes
2024-05-27,Fes,C,T002772,C1597,F,32,Alimentation,Cafe,100.29,1,5,En ligne
2024-12-19,Fes,A,T002773,C1464,F,39,Alimentation,Cafe,141.26,1,0,Carte
2024-11-29,Fes,D,T002774,C1619,M,40,Beaute,Serum,418.46,1,0,Carte
2024-06-23,Fes,B,T002775,C1135,M,36,Alimentation,The,178.49,2,5,Especes
2024-08-26,Fes,B,T002776,C1332,M,44,Maison,Coussin,633.65,2,0,Carte
2024-08-26,Casablanca,D,T002777,C1283,F,39,Maison,Chaise,535.05,1,0,Carte
2024-04-26,Marrakech,A,T002778,C1525,M,32,Beaute,Serum,687.47,1,0,Especes
2024-08-08,Agadir,D,T002779,C1627,F,47,Alimentation,Pates,38.82,1,10,Especes
2024-06-10,Casablanca,D,T002780,C1414,F,37,Beaute,Parfum,165.2,1,0,En ligne
2024-05-30,Tanger,D,T002781,C1458,M,32,Beaute,Parfum,603.66,1,5,Carte
2024-10-24,Tanger,B,T002782,C1280,F,38,Electronique,Ecouteurs,614.36,1,15,Especes
2024-02-08,Agadir,A,T002783,C1150,M,17,Maison,Table,206.84,2,15,Carte
2024-04-14,Casablanca,A,T002784,C1463,F,33,Maison,Table,679.7,2,0,En ligne
2024-05-06,Rabat,B,T002785,C1653,M,37,Electronique,Casque,2940.08,2,0,Especes
2024-03-17,Rabat,D,T002786,C1416,M,39,Maison,Miroir,806.02,2,10,Especes
2024-02-24,Tanger,A,T002787,C1241,F,41,Sports,Raquette,1603,1,0,Especes
2024-09-10,Agadir,C,T002788,C1636,F,16,Alimentation,Pates,53.99,1,0,Especes
2024-02-09,Agadir,E,T002789,C1185,M,26,Maison,Table,1126.55,2,15,Especes
2024-03-08,Tanger,C,T002790,C1264,M,20,Electronique,Clavier,660.24,2,0,En ligne
2024-01-12,Rabat,D,T002791,C1247,,35,Alimentation,Riz,27.75,2,,En ligne
2024-03-16,Fes,E,T002792,C1412,M,22,Alimentation,Cereales,167.66,2,5,Carte
2024-12-13,Fes,C,T002793,C1195,M,33,Maison,Lampe,108.2,2,0,carte
2024-08-04,Marrakech,C,T002794,C1544,F,37,Electronique,Clavier,3257.28,1,15,Carte
2024-04-04,Rabat,D,T002795,C1216,M,23,Electronique,Ecouteurs,701.33,2,0,Especes
2024-08-19,Rabat,C,T002796,C1189,M,30,Alimentation,Cafe,85.44,2,5,Carte
2024-06-02,Agadir,D,T002797,C1008,F,26,Vetements,Robe,375.39,1,0,En ligne
2024-06-09,Tanger,C,T002798,C1641,F,,Beaute,Serum,593.07,2,10,Especes
2024-09-23,Fes,A,T002799,C1443,M,19,Alimentation,Cafe,198.2,2,5,En ligne
2024-09-28,Marrakech,C,T002800,C1191,M,36,Maison,Lampe,315.04,1,0,En ligne
2024-01-08,Casablanca,B,T002801,C1533,F,23,Electronique,Tablette,3075.13,2,0,En ligne
2024-06-07,Marrakech,A,T002802,C1235,F,34,Maison,Table,496.5,1,15,Especes
2024-09-09,Marrakech,D,T002803,C1236,F,45,Alimentation,Pates,152.74,1,10,En ligne
2024-10-01,Rabat,D,T002804,C1548,M,28,Electronique,Smartphone,1898.1,2,0,CB
2024-05-07,Casablanca,D,T002805,C1155,M,28,Vetements,Jean,722.82,1,0,carte
2024-05-15,Marrakech,D,T002806,C1151,M,35,Sports,Halteres,564.99,1,0,Especes
2024-03-02,Tanger,C,T002807,C1364,F,30,Electronique,Souris,1973.75,2,0,En ligne
2024-11-12,Fes,B,T002808,C1593,F,25,Beaute,Shampooing,212.91,1,5,Carte
2024-02-16,Fes,A,T002809,C1396,M,28,Sports,Halteres,897.19,2,0,En ligne
2024-08-10,Agadir,E,T002810,C1555,F,,Sports,Halteres,1149.6,1,0,Carte
2024-01-23,Agadir,D,T002811,C1183,M,40,Sports,Halteres,976.79,1,10,Especes
2024-06-19,Agadir,D,T002812,C1000,F,16,Electronique,Clavier,3091.64,2,0,Especes
2024-10-21,Tanger,C,T002813,C1561,M,26,Maison,Miroir,266.03,1,0,Especes
2024-05-16,Casablanca,E,T002814,C1066,,23,Maison,Chaise,1047.91,1,0,En ligne
2024-08-30,Casablanca,C,T002815,C1090,F,27,Vetements,Veste,797.42,1,0,Carte
2024-02-28,Fes,D,T002816,C1044,M,,Alimentation,Cereales,40.88,1,10,En ligne
2024-03-05,Marrakech,D,T002817,C1471,F,61,Beaute,Creme,637.55,1,5,En ligne
2024-12-09,Rabat,E,T002818,C1168,F,28,Alimentation,Riz,196.58,1,15,En-ligne
2024-11-25,Rabat,E,T002819,C1179,F,36,Sports,Raquette,1465.19,1,5,Carte
2024-02-04,Marrakech,C,T002820,C1007,F,38,Sports,Raquette,117.55,2,5,Especes
2024-04-06,Tanger,C,T002821,C1685,F,50,Alimentation,The,135.53,1,0,Especes
2024-02-16,Rabat,B,T002822,C1036,F,28,Maison,Tapis,740.8,1,0,Carte
2024-04-29,Rabat,E,T002823,C1073,M,41,Vetements,Jean,206.13,1,0,Carte
2024-05-25,Fes,D,T002824,C1118,M,16,Sports,Halteres,615.75,2,0,En-ligne
2024-10-29,Rabat,D,T002825,C1654,M,39,Electronique,Clavier,3286.23,1,0,En ligne
2024-05-24,Tanger,B,T002826,C1040,M,49,Sports,Velo appartement,693.27,1,0,Especes
2024-01-15,Marrakech,C,T002827,C1552,M,20,Electronique,Souris,2517.41,1,0,Carte
2024-10-03,Rabat,C,T002828,C1223,M,53,Vetements,Robe,525.98,1,0,En ligne
2024-09-18,Marrakech,C,T002829,C1330,F,37,Beaute,Shampooing,450.26,1,0,En ligne
2024-08-07,Tanger,D,T002830,C1040,F,37,Alimentation,Riz,115.46,1,0,En ligne
2024-01-09,Fes,E,T002831,C1074,M,16,Electronique,Souris,224.64,2,0,Carte
2024-09-14,Agadir,E,T002832,C1299,F,31,Alimentation,Cafe,216.39,2,10,Especes
2024-07-06,Tanger,B,T002833,C1132,F,31,Sports,Velo appartement,135.65,3,0,En ligne
2024-08-05,Casablanca,C,T002834,C1580,F,46,Electronique,Clavier,2492.09,2,0,Especes
2024-06-26,Fes,A,T002835,C1256,F,33,Maison,Tapis,1396.38,2,0,Especes
2024-11-01,Casablanca,D,T002836,C1070,M,40,Alimentation,Cafe,113.89,1,5,En ligne
2024-11-03,Tanger,D,T002837,C1189,F,45,Beaute,Shampooing,178.74,3,10,Especes
2024-12-30,Agadir,E,T002838,C1532,M,30,Beaute,Parfum,520.01,2,0,Carte
2024-04-05,Tanger,E,T002839,C1525,M,45,Electronique,Smartphone,487.12,1,15,En ligne
2024-10-05,Fes,D,T002840,C1523,F,36,Sports,Ballon,1338.54,2,15,Especes
2024-12-03,Tanger,A,T002841,C1341,F,28,Maison,Miroir,1095.04,3,5,En ligne
2024-04-06,Agadir,C,T002842,C1517,F,25,Sports,Chaussures Running,771.44,1,0,Carte
2024-09-03,Marrakech,A,T002843,C1574,M,44,Alimentation,Riz,108.64,2,0,En-ligne
2024-02-11,Tanger,B,T002844,C1407,F,20,Alimentation,Huile,139.23,2,15,Especes
2024-07-31,Rabat,D,T002845,C1312,M,16,Electronique,Tablette,239.18,1,5,En ligne
2024-10-28,Fes,B,T002846,C1078,F,22,Beaute,Maquillage,220.54,1,,En ligne
2024-06-11,Rabat,B,T002847,C1163,M,25,Vetements,T-shirt,445.42,2,0,carte
2024-06-23,Fes,D,T002848,C1413,M,40,Maison,Coussin,895.91,2,0,Especes
2024-03-27,Fes,E,T002849,C1407,M,31,Electronique,Tablette,3312.55,1,0,Especes
2024-04-16,Rabat,E,T002850,C1581,M,40,Maison,Chaise,1022.64,2,,En ligne
2024-09-27,Casablanca,C,T002851,C1666,F,36,Electronique,Casque,412.25,1,0,Carte
2024-11-02,Rabat,E,T002852,C1053,F,37,Electronique,Casque,1074.81,1,0,CB
2024-09-17,Fes,B,T002853,C1502,M,28,Electronique,Clavier,317.61,1,0,Carte
2024-04-14,Casablanca,E,T002854,C1231,F,45,Alimentation,Huile,119.22,2,0,En ligne
2024-11-29,Rabat,C,T002855,C1420,F,,Alimentation,Cereales,69.11,1,0,En ligne
2024-07-19,Fes,E,T002856,C1566,M,42,Alimentation,Riz,114,1,0,Especes
2024-06-25,Fes,A,T002857,C1268,,32,Vetements,Jean,783.85,1,15,Carte
2024-04-23,Marrakech,E,T002858,C1475,M,,Maison,Coussin,508.59,1,10,Carte
2024-01-05,Fes,E,T002859,C1026,M,23,Electronique,Smartphone,1812.85,3,10,Especes
2024-08-18,Marrakech,D,T002860,C1659,M,44,Alimentation,Cereales,156.7,1,0,Carte
2024-01-30,Tanger,E,T002861,C1610,F,43,Maison,Tapis,346.72,3,0,Especes
2024-10-25,Casablanca,C,T002862,C1035,F,48,Alimentation,Riz,16.27,2,0,En ligne
2024-12-25,Casablanca,A,T002863,C1020,M,27,Sports,Chaussures Running,179.48,1,0,En ligne
2024-02-20,Casablanca,C,T002864,C1510,F,42,Maison,Table,1359.05,1,0,Carte
2024-07-01,Marrakech,A,T002865,C1549,M,50,Maison,Tapis,673.25,2,5,Carte
2024-11-04,Tanger,B,T002866,C1517,M,32,Sports,Halteres,1730.51,1,10,Especes
2024-03-14,Fes,D,T002867,C1530,F,35,Sports,Tapis Yoga,587.27,1,0,En-ligne
2024-07-15,Agadir,E,T002868,C1686,M,17,Sports,Raquette,1532.53,1,0,Especes
2024-09-23,Agadir,C,T002869,C1535,F,32,Beaute,Savon,450.41,1,0,Especes
2024-06-13,Rabat,D,T002870,C1081,F,52,Vetements,Sweat,651.96,1,5,carte
2024-02-14,Fes,C,T002871,C1437,F,45,Vetements,T-shirt,518.82,2,5,carte
2024-05-22,Casablanca,D,T002872,C1207,M,20,Beaute,Parfum,46.69,1,15,En ligne
2024-12-18,Marrakech,B,T002873,C1674,F,28,Alimentation,Pates,113.25,1,0,En ligne
2024-04-03,Casablanca,C,T002874,C1050,F,42,Alimentation,Riz,87.89,2,0,En ligne
2024-11-10,Fes,B,T002875,C1629,M,46,Beaute,Savon,105.83,3,10,En ligne
2024-02-10,Rabat,E,T002876,C1573,M,16,Maison,Miroir,1026.15,1,5,En ligne
2024-03-31,Marrakech,E,T002877,C1021,M,30,Maison,Lampe,101.43,3,5,Carte
2024-09-03,Rabat,B,T002878,C1117,M,45,Electronique,Clavier,2152.12,1,10,Carte
2024-06-18,Casablanca,D,T002879,C1622,M,57,Beaute,Savon,546.88,1,10,Especes
2024-12-19,Fes,D,T002880,C1540,F,41,Electronique,Souris,1317.18,2,0,Especes
2024-09-05,Casablanca,A,T002881,C1649,M,20,Electronique,Ecouteurs,2542.25,1,15,Carte
2024-10-28,Fes,B,T002882,C1254,F,45,Maison,Tapis,735.81,3,0,En-ligne
2024-03-04,Tanger,A,T002883,C1399,F,23,Alimentation,Pates,59.69,2,5,En ligne
2024-01-28,Agadir,B,T002884,C1352,M,20,Sports,Chaussures Running,188.38,1,0,CB
2024-03-28,Fes,D,T002885,C1387,M,30,Alimentation,The,52.92,2,0,Especes
2024-11-18,Rabat,A,T002886,C1302,,37,Sports,Halteres,541.77,3,0,Carte
2024-05-18,Casablanca,C,T002887,C1643,F,27,Sports,Tapis Yoga,1414.53,2,10,En ligne
2024-09-04,Fes,D,T002888,C1466,F,35,Alimentation,Riz,69.46,1,0,En ligne
2024-11-23,Marrakech,A,T002889,C1393,F,21,Beaute,Parfum,658.69,2,0,En ligne
2024-09-07,Marrakech,E,T002890,C1415,F,39,Beaute,Parfum,692.2,4,10,Especes
2024-10-10,Tanger,E,T002891,C1180,F,47,Vetements,Chaussures,828.71,1,0,CB
2024-12-19,Fes,E,T002892,C1610,F,56,Alimentation,Cafe,184.98,2,5,En ligne
2024-12-23,Marrakech,C,T002893,C1070,F,45,Vetements,Chaussures,721.45,2,0,En ligne
2024-07-21,Agadir,D,T002894,C1345,M,31,Alimentation,Cafe,153.66,2,0,Carte
2024-12-25,Tanger,B,T002895,C1504,F,32,Sports,Raquette,494.73,1,5,Carte
2024-09-07,Rabat,B,T002896,C1016,F,44,Alimentation,Cereales,169.88,1,10,Carte
2024-04-13,Marrakech,A,T002897,C1109,F,16,Beaute,Maquillage,435.98,1,0,Especes
2024-05-05,Agadir,B,T002898,C1040,F,38,Sports,Tapis Yoga,499.74,2,0,Carte
2024-02-18,Tanger,C,T002899,C1069,F,18,Electronique,Souris,2832.45,4,10,Especes
2024-11-11,Agadir,D,T002900,C1327,M,56,Alimentation,Cereales,58.03,2,0,Especes
2024-06-08,Marrakech,D,T002901,C1231,F,36,Sports,Ballon,803.41,2,0,En ligne
2024-12-25,Rabat,D,T002902,C1067,M,35,Alimentation,Cafe,192.09,1,0,Especes
2024-10-31,Rabat,B,T002903,C1511,M,62,Beaute,Serum,668.75,3,10,En ligne
2024-04-10,Rabat,E,T002904,C1270,M,40,Sports,Raquette,430.49,1,5,En ligne
2024-04-10,Tanger,D,T002905,C1301,M,33,Alimentation,Riz,118.74,2,15,En-ligne
2024-09-19,Fes,B,T002906,C1109,F,,Electronique,Smartphone,2216.44,2,0,Carte
2024-09-12,Marrakech,B,T002907,C1342,M,34,Vetements,Robe,798.01,1,0,carte
2024-10-14,Rabat,D,T002908,C1500,F,45,Vetements,Sweat,214.88,1,5,Carte
2024-10-27,Casablanca,B,T002909,C1017,F,47,Alimentation,The,160.4,1,0,En ligne
2024-05-07,Rabat,A,T002910,C1134,F,38,Alimentation,The,188.83,1,5,En ligne
2024-08-16,Agadir,E,T002911,C1638,M,35,Alimentation,The,216.41,3,0,En-ligne
2024-04-03,Tanger,C,T002912,C1552,F,19,Vetements,Veste,360.06,1,0,En ligne
2024-02-05,Casablanca,B,T002913,C1515,M,25,Alimentation,The,96.2,2,10,Carte
2024-04-01,Fes,E,T002914,C1653,M,28,Alimentation,The,33.62,2,5,En ligne
2024-10-12,Fes,E,T002915,C1083,M,48,Electronique,Clavier,1368.99,2,0,En ligne
2024-05-25,Agadir,A,T002916,C1229,F,44,Vetements,Jean,160.39,1,5,En ligne
2024-10-24,Agadir,E,T002917,C1543,F,33,Vetements,T-shirt,136.11,1,0,En ligne
2024-12-24,Tanger,A,T002918,C1357,F,28,Alimentation,Huile,217.78,1,5,En ligne
2024-04-14,Fes,C,T002919,C1144,,37,Maison,Tapis,175.83,2,0,En ligne
2024-12-31,Fes,A,T002920,C1674,F,28,Alimentation,The,185.02,3,0,En ligne
2024-10-12,Tanger,E,T002921,C1450,M,32,Beaute,Parfum,205.57,3,0,En ligne
2024-10-14,Marrakech,C,T002922,C1202,F,49,Sports,Velo appartement,618.16,1,5,Especes
2024-04-20,Fes,B,T002923,C1509,M,36,Electronique,Souris,2319.33,1,0,En ligne
2024-12-06,Casablanca,D,T002924,C1202,M,19,Electronique,Souris,2521.45,1,15,Especes
2024-12-22,Agadir,B,T002925,C1146,F,49,Alimentation,Huile,100.11,2,10,Especes
2024-05-01,Tanger,B,T002926,C1374,M,41,Maison,Coussin,661.62,1,5,Especes
2024-03-23,Rabat,D,T002927,C1665,F,34,Electronique,Souris,1808.22,2,15,Carte
2024-08-02,Rabat,A,T002928,C1302,M,39,Vetements,T-shirt,803.85,1,10,En ligne
2024-01-24,Casablanca,B,T002929,C1363,M,32,Maison,Table,571.35,1,5,Carte
2024-04-06,Marrakech,D,T002930,C1466,F,41,Vetements,Veste,748.73,1,0,Especes
2024-02-04,Agadir,D,T002931,C1657,M,43,Electronique,Tablette,3371.18,2,0,En ligne
2024-11-08,Rabat,C,T002932,C1106,M,44,Vetements,Jean,446.75,1,0,Carte
2024-07-31,Rabat,E,T002933,C1505,M,32,Alimentation,Cereales,151.69,2,0,En ligne
2024-06-18,Casablanca,E,T002934,C1149,M,34,Maison,Miroir,601.68,1,10,Especes
2024-08-18,Tanger,A,T002935,C1037,F,44,Vetements,Sweat,767.1,1,0,Carte
2024-11-04,Marrakech,C,T002936,C1588,F,21,Electronique,Smartphone,822.95,1,0,Carte
2024-12-26,Casablanca,D,T002937,C1315,M,25,Maison,Chaise,422.92,1,5,En ligne
2024-11-08,Tanger,A,T002938,C1604,F,42,Vetements,T-shirt,896.43,3,15,En ligne
2024-06-19,Tanger,A,T002939,C1516,F,46,Electronique,Ecouteurs,2584.58,1,10,Especes
2024-07-11,Agadir,E,T002940,C1018,F,51,Alimentation,Huile,87.25,1,15,Carte
2024-02-04,Fes,E,T002941,C1116,M,41,Maison,Miroir,79.45,2,15,En ligne
2024-11-06,Fes,B,T002942,C1194,M,28,Alimentation,Riz,182.12,1,0,En ligne
2024-08-31,Casablanca,A,T002943,C1348,M,41,Electronique,Clavier,3476.47,1,15,En ligne
2024-11-08,Agadir,C,T002944,C1115,M,38,Alimentation,Riz,14.44,1,0,En-ligne
2024-01-23,Tanger,B,T002945,C1351,M,38,Electronique,Smartphone,2754.71,1,0,Carte
2024-02-08,Fes,E,T002946,C1419,F,34,Alimentation,Cafe,189.2,1,10,Carte
2024-10-05,Tanger,A,T002947,C1634,M,20,Beaute,Serum,102.69,1,0,Especes
2024-10-25,Casablanca,A,T002948,C1092,F,38,Beaute,Maquillage,439.36,1,0,En ligne
2024-10-23,Fes,A,T002949,C1099,F,39,Electronique,Tablette,2431.01,3,0,En ligne
2024-05-25,Rabat,C,T002950,C1608,M,28,Electronique,Tablette,1336.13,2,0,Especes
2024-03-08,Marrakech,E,T002951,C1586,F,29,Electronique,Ecouteurs,335.48,2,5,Carte
2024-01-28,Rabat,B,T002952,C1352,M,,Alimentation,Riz,44.19,3,10,Especes
2024-04-03,Tanger,D,T002953,C1135,M,38,Alimentation,Huile,152.92,1,10,En-ligne
2024-07-11,Fes,D,T002954,C1566,M,31,Alimentation,Pates,146.93,1,0,Especes
2024-06-04,Fes,C,T002955,C1682,F,19,Alimentation,Cereales,29.69,1,0,Carte
2024-01-01,Tanger,E,T002956,C1110,F,33,Alimentation,The,122.36,1,0,carte
2024-01-20,Casablanca,A,T002957,C1579,F,35,Beaute,Parfum,223.62,1,5,Especes
2024-03-04,Agadir,E,T002958,C1036,M,18,Electronique,Casque,3181.58,3,0,Carte
2024-05-03,Marrakech,C,T002959,C1460,F,49,Vetements,Sweat,214.09,2,10,Carte
2024-07-23,Tanger,E,T002960,C1226,F,58,Electronique,Smartphone,936.32,1,0,Carte
2024-12-12,Rabat,A,T002961,C1187,M,18,Electronique,Smartphone,1188.85,1,0,Especes
2024-11-03,Fes,A,T002962,C1011,F,23,Alimentation,Pates,56.95,2,0,En ligne
2024-07-25,Marrakech,C,T002963,C1016,M,32,Maison,Table,949.61,1,10,Carte
2024-10-18,Tanger,B,T002964,C1142,M,18,Sports,Halteres,1352.1,1,0,Carte
2024-05-22,Casablanca,D,T002965,C1273,F,42,Beaute,Creme,504.01,2,0,En ligne
2024-03-25,Rabat,B,T002966,C1181,F,30,Alimentation,Cereales,43.49,3,10,CB
2024-07-12,Rabat,B,T002967,C1593,M,40,Alimentation,Riz,144.22,2,5,Especes
2024-10-27,Tanger,B,T002968,C1033,M,32,Alimentation,Huile,41.18,1,10,Carte
2024-05-14,Casablanca,B,T002969,C1311,F,30,Sports,Raquette,1271.85,2,5,Especes
2024-03-30,Agadir,E,T002970,C1574,F,54,Sports,Tapis Yoga,1587.32,1,0,Carte
2024-05-06,Marrakech,E,T002971,C1221,F,41,Electronique,Casque,3414.24,1,0,En-ligne
2024-10-20,Fes,C,T002972,C1131,M,58,Alimentation,The,169.32,1,0,En ligne
2024-05-10,Fes,A,T002973,C1354,F,49,Sports,Raquette,1750.98,1,0,Carte
2024-10-11,Agadir,D,T002974,C1234,M,32,Alimentation,Cereales,218.18,1,10,Especes
2024-05-05,Marrakech,D,T002975,C1344,F,41,Alimentation,Cafe,96.65,3,5,Carte
2024-03-04,Fes,B,T002976,C1622,M,42,Beaute,Maquillage,511.72,2,0,Carte
2024-04-23,Fes,D,T002977,C1483,F,35,Electronique,Casque,3242.91,2,15,En ligne
2024-01-10,Fes,B,T002978,C1235,M,39,Sports,Ballon,1358.59,1,0,Especes
2024-08-21,Casablanca,E,T002979,C1038,M,32,Vetements,Sweat,631.83,2,0,Carte
2024-07-22,Fes,A,T002980,C1632,,38,Alimentation,Cafe,46.52,2,0,En-ligne
2024-01-07,Casablanca,C,T002981,C1399,M,35,Sports,Ballon,895.61,1,0,Especes
2024-06-13,Marrakech,E,T002982,C1375,M,32,Sports,Chaussures Running,1770.65,1,15,Especes
2024-12-04,Agadir,C,T002983,C1403,M,44,Vetements,Sweat,574.94,2,10,En ligne
2024-08-21,Tanger,A,T002984,C1491,F,39,Maison,Chaise,1377.97,1,5,Especes
2024-08-01,Rabat,D,T002985,C1076,M,23,Alimentation,Riz,93.44,1,0,Carte
2024-11-06,Tanger,E,T002986,C1328,F,40,Sports,Ballon,365.79,2,5,En ligne
2024-11-16,Fes,D,T002987,C1219,F,45,Beaute,Serum,42.07,3,0,Carte
2024-04-15,Agadir,A,T002988,C1035,M,47,Electronique,Ecouteurs,1908.17,2,0,En ligne
2024-02-11,Casablanca,D,T002989,C1054,F,20,Electronique,Tablette,2216.38,3,15,Carte
2024-04-28,Tanger,E,T002990,C1294,F,22,Beaute,Savon,213.21,1,0,Carte
2024-03-24,Casablanca,C,T002991,C1625,M,47,Electronique,Souris,1335.43,2,5,En ligne
2024-06-29,Casablanca,B,T002992,C1662,F,43,Alimentation,Riz,104.15,2,0,En ligne
2024-05-06,Tanger,C,T002993,C1182,F,37,Electronique,Smartphone,952.27,2,10,Especes
2024-02-26,Agadir,A,T002994,C1523,M,48,Vetements,Jean,536.48,1,0,Carte
2024-08-26,Casablanca,B,T002995,C1616,M,53,Alimentation,Huile,104.15,1,0,Especes
2024-03-24,Marrakech,D,T002996,C1679,F,32,Electronique,Ecouteurs,2426.05,1,10,Especes
2024-05-08,Agadir,E,T002997,C1081,F,48,Vetements,Jean,225,1,0,Carte
2024-12-18,Marrakech,E,T002998,C1069,F,41,Sports,Tapis Yoga,1381.13,1,0,Especes
2024-07-19,Tanger,A,T002999,C1372,M,35,Vetements,Sweat,527.89,1,10,En ligne
2024-02-22,Casablanca,D,T003000,C1532,M,44,Beaute,Shampooing,435.92,1,15,En ligne
2024-02-03,Marrakech,D,T003001,C1085,M,22,Beaute,Parfum,303.37,2,0,Especes
2024-12-11,Fes,C,T003002,C1564,M,28,Alimentation,The,203.39,2,0,Especes
2024-09-01,Fes,E,T003003,C1562,F,52,Vetements,Veste,225.9,1,0,Especes
2024-05-21,Marrakech,D,T003004,C1455,M,39,Beaute,Serum,162.88,2,0,carte
2024-08-22,Rabat,D,T003005,C1231,M,29,Alimentation,Cereales,90.86,1,5,Carte
2024-03-09,Fes,D,T003006,C1114,M,32,Electronique,Clavier,1111.62,1,0,Especes
2024-08-15,Rabat,D,T003007,C1578,M,31,Sports,Raquette,445.89,2,0,En ligne
2024-09-01,Casablanca,A,T003008,C1422,M,30,Maison,Chaise,230.65,3,0,Especes
2024-11-30,Casablanca,C,T003009,C1243,F,29,Vetements,Chaussures,307.38,1,5,Carte
2024-09-12,Fes,C,T003010,C1569,F,59,Alimentation,Cereales,78.94,1,0,En ligne
2024-08-09,Fes,A,T003011,C1438,F,16,Electronique,Souris,1720.32,2,10,En ligne
2024-03-29,Tanger,A,T003012,C1135,F,16,Electronique,Clavier,2855.55,1,5,Carte
2024-04-04,Marrakech,E,T003013,C1451,F,45,Alimentation,Cereales,25.07,1,0,carte
2024-02-19,Fes,B,T003014,C1651,M,25,Sports,Tapis Yoga,707.03,2,15,Especes
2024-03-17,Marrakech,C,T003015,C1243,M,33,Maison,Miroir,89.61,1,0,Especes
2024-10-13,Rabat,D,T003016,C1570,M,46,Beaute,Creme,287.07,3,5,En ligne
2024-02-27,Fes,C,T003017,C1099,F,37,Electronique,Souris,2114.86,1,0,Carte
2024-12-09,Casablanca,A,T003018,C1627,M,36,Vetements,Veste,858.41,1,0,Carte
2024-02-07,Rabat,C,T003019,C1181,M,21,Electronique,Tablette,805.01,1,0,carte
2024-01-22,Agadir,E,T003020,C1295,M,39,Electronique,Smartphone,1829.99,1,0,Especes
2024-02-29,Tanger,D,T003021,C1076,M,22,Beaute,Parfum,113.86,2,10,Carte
2024-06-11,Agadir,D,T003022,C1180,M,31,Vetements,Jean,405.66,1,10,Especes
2024-03-03,Agadir,D,T003023,C1196,F,42,Vetements,Sweat,281.75,3,5,Especes
2024-02-04,Rabat,B,T003024,C1288,F,32,Vetements,Jean,699.49,2,0,Carte
2024-10-09,Rabat,B,T003025,C1337,F,,Maison,Coussin,170.58,1,5,En-ligne
2024-11-28,Marrakech,B,T003026,C1245,M,49,Electronique,Tablette,2494,1,0,Especes
2024-09-28,Fes,C,T003027,C1103,M,44,Beaute,Maquillage,191.21,1,0,Especes
2024-04-01,Tanger,C,T003028,C1104,F,36,Beaute,Savon,659.77,1,0,Especes
2024-04-04,Rabat,A,T003029,C1124,F,38,Maison,Tapis,683.85,1,0,Carte
2024-01-26,Marrakech,C,T003030,C1221,M,34,Sports,Raquette,572.83,1,10,Especes
2024-11-05,Marrakech,D,T003031,C1423,F,36,Electronique,Ecouteurs,2146.36,3,0,Especes
2024-03-23,Rabat,D,T003032,C1214,M,28,Sports,Chaussures Running,176.6,1,0,Carte
2024-07-19,Tanger,A,T003033,C1563,F,16,Alimentation,Pates,13.06,1,0,En ligne
2024-02-16,Agadir,C,T003034,C1652,F,34,Sports,Tapis Yoga,779.71,1,0,Especes
2024-09-29,Agadir,B,T003035,C1400,M,,Alimentation,Cereales,96.75,2,,Carte
2024-01-12,Rabat,D,T003036,C1501,M,25,Electronique,Souris,1833.99,2,0,Carte
2024-08-01,Agadir,A,T003037,C1620,M,41,Electronique,Ecouteurs,2082.91,2,10,En ligne
2024-05-08,Agadir,A,T003038,C1007,F,,Maison,Chaise,1307.91,1,0,Carte
2024-06-06,Casablanca,A,T003039,C1609,M,40,Vetements,Sweat,589.16,3,5,Especes
2024-07-11,Tanger,D,T003040,C1138,F,51,Electronique,Smartphone,1106.23,1,10,En-ligne
2024-09-11,Agadir,D,T003041,C1107,F,16,Beaute,Savon,579.61,1,,En ligne
2024-05-21,Fes,B,T003042,C1009,M,28,Sports,Ballon,1769.01,1,10,Carte
2024-05-09,Casablanca,E,T003043,C1343,F,27,Sports,Chaussures Running,1045.45,1,0,Carte
2024-10-14,Rabat,B,T003044,C1278,M,40,Maison,Coussin,1133.48,2,0,Especes
2024-11-07,Agadir,C,T003045,C1017,M,50,Vetements,T-shirt,474.62,2,0,Especes
2024-01-27,Casablanca,A,T003046,C1459,,41,Maison,Coussin,820.96,2,5,Carte
2024-10-24,Marrakech,C,T003047,C1627,F,38,Electronique,Clavier,847.88,1,5,Carte
2024-12-03,Agadir,E,T003048,C1309,M,31,Electronique,Souris,2423.98,1,10,Especes
2024-11-07,Casablanca,B,T003049,C1148,F,16,Vetements,Sweat,574.04,2,10,Carte
2024-08-22,Fes,A,T003050,C1168,M,38,Electronique,Ecouteurs,1336.21,1,,En ligne
2024-11-24,Fes,C,T003051,C1026,M,22,Alimentation,Huile,140.45,1,10,Especes
2024-03-10,Agadir,C,T003052,C1180,M,36,Maison,Table,1097.61,2,5,En ligne
2024-05-26,Marrakech,B,T003053,C1377,,43,Electronique,Souris,392.4,2,0,En-ligne
2024-07-22,Tanger,C,T003054,C1411,M,26,Alimentation,Huile,204.9,1,0,Carte
2024-07-05,Casablanca,D,T003055,C1494,F,18,Beaute,Savon,220.99,2,10,En ligne
2024-02-26,Casablanca,C,T003056,C1549,M,34,Alimentation,Huile,113.15,2,0,En ligne
2024-04-12,Casablanca,C,T003057,C1077,F,21,Alimentation,Riz,211.61,2,0,En ligne
2024-12-01,Marrakech,D,T003058,C1103,F,28,Maison,Miroir,590.16,2,15,En ligne
2024-11-04,Agadir,B,T003059,C1315,M,,Vetements,Sweat,773.77,1,0,Carte
2024-04-28,Rabat,D,T003060,C1108,M,39,Alimentation,Cereales,193.97,1,0,Especes
2024-08-04,Fes,B,T003061,C1317,M,29,Electronique,Smartphone,2339.31,2,10,En ligne
2024-10-24,Agadir,A,T003062,C1158,M,29,Sports,Halteres,132.21,1,0,CB
2024-01-04,Marrakech,D,T003063,C1525,F,37,Beaute,Shampooing,164.03,1,0,Especes
2024-03-15,Rabat,C,T003064,C1235,M,36,Beaute,Creme,222.4,1,15,En ligne
2024-07-10,Rabat,C,T003065,C1381,F,48,Alimentation,Cafe,209.34,2,5,Especes
2024-01-05,Tanger,A,T003066,C1064,M,40,Maison,Table,196.13,1,5,En ligne
2024-01-07,Marrakech,B,T003067,C1409,F,51,Vetements,Chaussures,860.83,2,0,Especes
2024-12-09,Rabat,D,T003068,C1528,M,38,Alimentation,The,118.95,1,10,CB
2024-07-19,Marrakech,B,T003069,C1412,F,39,Maison,Miroir,761.07,3,0,En ligne
2024-12-24,Agadir,A,T003070,C1283,F,38,Electronique,Smartphone,3183.12,1,5,carte
2024-10-19,Casablanca,A,T003071,C1484,M,46,Alimentation,Cereales,134.06,3,10,En ligne
2024-11-11,Fes,C,T003072,C1074,F,26,Alimentation,Cafe,88.69,1,5,Especes
2024-05-30,Marrakech,D,T003073,C1241,F,49,Beaute,Savon,582.29,1,15,Especes
2024-05-27,Agadir,C,T003074,C1342,F,32,Maison,Miroir,792.07,1,5,Especes
2024-01-09,Agadir,D,T003075,C1487,F,33,Vetements,Jean,559.92,2,0,Carte
2024-11-01,Casablanca,D,T003076,C1367,F,23,Electronique,Ecouteurs,830.43,2,0,Carte
2024-07-30,Fes,D,T003077,C1287,F,37,Beaute,Savon,100.26,3,0,En ligne
2024-09-25,Fes,B,T003078,C1212,,16,Electronique,Ecouteurs,361.47,2,0,En ligne
2024-09-08,Agadir,D,T003079,C1542,M,20,Sports,Tapis Yoga,727.79,2,0,En-ligne
2024-11-09,Marrakech,C,T003080,C1612,M,28,Alimentation,Riz,70.39,2,0,Especes
2024-03-08,Fes,B,T003081,C1449,F,16,Electronique,Ecouteurs,2187.03,1,0,Especes
2024-02-16,Tanger,D,T003082,C1082,F,34,Beaute,Maquillage,42.86,1,5,CB
2024-08-18,Tanger,B,T003083,C1629,M,22,Vetements,Veste,625.71,1,5,Especes
2024-07-23,Tanger,D,T003084,C1114,M,39,Alimentation,The,97.1,4,0,En ligne
2024-08-09,Rabat,E,T003085,C1435,M,40,Maison,Miroir,867.94,1,10,En ligne
2024-03-03,Marrakech,D,T003086,C1162,M,45,Vetements,Robe,534.54,2,10,Carte
2024-10-08,Casablanca,C,T003087,C1166,F,32,Electronique,Ecouteurs,3208.32,2,0,En ligne
2024-01-23,Rabat,C,T003088,C1212,F,51,Vetements,T-shirt,294.17,1,0,Carte
2024-03-03,Tanger,C,T003089,C1000,M,43,Beaute,Parfum,632.17,1,0,Carte
2024-07-13,Rabat,A,T003090,C1224,M,43,Maison,Lampe,1398.96,1,0,Especes
2024-07-16,Fes,C,T003091,C1354,M,45,Maison,Miroir,654.13,1,10,Especes
2024-06-11,Fes,A,T003092,C1282,F,36,Beaute,Shampooing,562.32,1,0,Especes
2024-04-10,Agadir,B,T003093,C1003,F,38,Alimentation,The,50.15,1,,Especes
2024-12-07,Rabat,D,T003094,C1549,F,28,Maison,Miroir,131.52,1,10,carte
2024-02-12,Marrakech,C,T003095,C1558,F,38,Electronique,Ecouteurs,2546.73,2,0,carte
2024-09-25,Fes,B,T003096,C1637,M,43,Beaute,Shampooing,668.71,2,0,En ligne
2024-08-24,Agadir,E,T003097,C1616,M,40,Alimentation,Pates,192.74,1,0,Especes
2024-11-04,Tanger,B,T003098,C1053,M,46,Alimentation,Cafe,65.76,1,0,En ligne
2024-05-31,Casablanca,C,T003099,C1118,F,34,Alimentation,Huile,132.6,2,10,Carte
2024-10-19,Casablanca,E,T003100,C1150,F,41,Sports,Chaussures Running,462.71,1,10,CB
2024-06-02,Rabat,B,T003101,C1635,F,30,Beaute,Savon,269.49,3,15,Especes
2024-09-29,Agadir,B,T003102,C1693,M,39,Electronique,Casque,420.6,1,5,Carte
2024-05-20,Marrakech,C,T003103,C1390,M,39,Electronique,Ecouteurs,725.35,1,0,En ligne
2024-09-03,Tanger,E,T003104,C1004,F,16,Alimentation,Riz,172.37,2,5,En ligne
2024-11-05,Tanger,A,T003105,C1012,F,27,Alimentation,Cereales,103.81,1,10,En-ligne
2024-02-02,Agadir,D,T003106,C1622,M,54,Electronique,Tablette,2021.81,2,5,Carte
2024-07-17,Tanger,C,T003107,C1028,M,52,Sports,Chaussures Running,985.54,1,10,Carte
2024-07-29,Fes,B,T003108,C1391,F,39,Alimentation,Huile,187.67,2,10,Carte
2024-03-08,Tanger,B,T003109,C1654,M,33,Alimentation,Pates,88.05,1,0,En ligne
2024-09-29,Casablanca,D,T003110,C1200,F,32,Sports,Halteres,1552.42,3,0,En ligne
2024-11-29,Tanger,E,T003111,C1297,F,24,Sports,Raquette,1210.54,1,0,En ligne
2024-04-22,Agadir,C,T003112,C1160,M,41,Vetements,Jean,180.46,1,0,Especes
2024-01-23,Marrakech,D,T003113,C1400,F,43,Beaute,Parfum,331.44,2,0,Carte
2024-06-05,Fes,D,T003114,C1167,F,36,Beaute,Savon,557.63,1,0,En ligne
2024-06-22,Rabat,E,T003115,C1143,F,44,Beaute,Serum,224.59,1,0,carte
2024-04-02,Marrakech,C,T003116,C1005,M,50,Alimentation,Huile,219.03,2,0,Especes
2024-11-03,Casablanca,B,T003117,C1608,F,39,Electronique,Smartphone,1579.86,1,15,Especes
2024-06-20,Fes,A,T003118,C1116,F,26,Alimentation,Riz,55.34,1,0,Carte
2024-02-01,Marrakech,B,T003119,C1310,F,51,Maison,Coussin,778.49,1,0,En ligne
2024-04-06,Rabat,C,T003120,C1013,F,27,Beaute,Serum,88.67,2,0,En ligne
2024-04-14,Casablanca,B,T003121,C1078,F,28,Electronique,Smartphone,3237.8,1,5,En ligne
2024-06-10,Casablanca,B,T003122,C1439,F,27,Maison,Tapis,235.45,2,0,En ligne
2024-12-05,Rabat,B,T003123,C1319,F,,Electronique,Clavier,2097.55,1,10,Carte
2024-02-20,Marrakech,E,T003124,C1124,M,40,Electronique,Smartphone,2347.74,1,5,En ligne
2024-10-31,Tanger,B,T003125,C1039,F,28,Electronique,Tablette,1962,1,0,En ligne
2024-08-20,Tanger,C,T003126,C1367,M,34,Vetements,Robe,584.35,1,0,Carte
2024-05-12,Tanger,D,T003127,C1634,M,34,Vetements,Chaussures,552.01,3,0,En ligne
2024-04-02,Marrakech,C,T003128,C1184,F,22,Beaute,Parfum,148.07,1,10,Carte
2024-08-18,Tanger,E,T003129,C1150,F,34,Alimentation,Pates,202.26,3,10,Especes
2024-12-24,Marrakech,B,T003130,C1426,M,23,Electronique,Casque,2456.32,2,5,En ligne
2024-07-23,Fes,B,T003131,C1484,M,34,Beaute,Serum,590.24,1,10,Especes
2024-07-02,Rabat,A,T003132,C1192,M,22,Alimentation,Pates,72.67,3,0,CB
2024-09-16,Rabat,B,T003133,C1333,F,34,Electronique,Clavier,1443.25,1,5,Carte
2024-05-25,Marrakech,E,T003134,C1246,M,,Alimentation,Pates,171.94,3,10,En-ligne
2024-10-27,Casablanca,C,T003135,C1008,M,32,Alimentation,Riz,55.68,1,0,carte
2024-08-25,Agadir,C,T003136,C1492,M,16,Alimentation,The,211.93,1,0,En ligne
2024-10-16,Rabat,A,T003137,C1432,F,28,Beaute,Savon,76.22,1,5,En ligne
2024-04-02,Agadir,E,T003138,C1675,M,46,Maison,Tapis,1056.5,1,10,Especes
2024-12-05,Marrakech,C,T003139,C1208,M,32,Maison,Chaise,979.77,1,0,En ligne
2024-01-20,Tanger,C,T003140,C1037,M,49,Alimentation,Pates,100.31,1,5,En ligne
2024-10-14,Tanger,C,T003141,C1135,M,52,Alimentation,Huile,148.32,1,5,En-ligne
2024-11-06,Casablanca,C,T003142,C1498,F,29,Beaute,Parfum,100.94,1,10,Especes
2024-08-28,Tanger,E,T003143,C1557,F,32,Alimentation,Riz,107.27,2,0,En ligne
2024-01-27,Rabat,E,T003144,C1612,F,42,Sports,Ballon,1103.18,3,10,CB
2024-12-15,Rabat,A,T003145,C1372,M,37,Maison,Table,1245.17,1,0,Carte
2024-09-23,Fes,C,T003146,C1522,M,25,Vetements,Veste,879.41,2,0,Carte
2024-01-15,Marrakech,E,T003147,C1374,F,41,Electronique,Tablette,1232.2,1,15,Especes
2024-01-04,Agadir,E,T003148,C1550,F,35,Beaute,Parfum,248.54,2,10,Especes
2024-08-04,Casablanca,B,T003149,C1204,F,33,Alimentation,Cafe,83.43,1,10,Carte
2024-02-03,Rabat,D,T003150,C1252,M,47,Beaute,Shampooing,240.55,2,0,Especes
2024-09-23,Fes,D,T003151,C1357,F,42,Electronique,Ecouteurs,2363.52,2,10,Carte
2024-06-05,Fes,C,T003152,C1335,F,40,Sports,Raquette,1426.27,1,10,En ligne
2024-04-14,Marrakech,B,T003153,C1649,M,35,Alimentation,The,50.3,3,0,Especes
2024-11-09,Marrakech,A,T003154,C1626,F,34,Sports,Chaussures Running,1232.25,1,,CB
2024-09-21,Tanger,D,T003155,C1212,F,41,Maison,Miroir,821.89,1,0,CB
2024-10-30,Tanger,A,T003156,C1100,M,45,Beaute,Maquillage,596.25,1,5,Carte
2024-08-06,Fes,E,T003157,C1458,M,37,Sports,Halteres,353.95,1,0,Especes
2024-12-13,Marrakech,D,T003158,C1535,F,,Alimentation,Huile,24.19,1,0,En ligne
2024-11-07,Casablanca,B,T003159,C1344,M,20,Alimentation,Riz,67.27,1,0,Especes
2024-01-28,Fes,D,T003160,C1588,F,22,Sports,Raquette,716.29,2,0,En ligne
2024-03-26,Fes,C,T003161,C1396,F,27,Maison,Coussin,287.82,2,0,Especes
2024-04-27,Fes,A,T003162,C1318,F,30,Maison,Miroir,887.87,1,0,En ligne
2024-03-03,Agadir,A,T003163,C1233,F,22,Vetements,Veste,448.91,2,5,Especes
2024-04-24,Marrakech,E,T003164,C1329,M,31,Vetements,Chaussures,763.26,1,0,En ligne
2024-07-03,Agadir,E,T003165,C1248,F,32,Electronique,Tablette,2516.47,1,5,En ligne
2024-04-10,Fes,E,T003166,C1576,F,46,Beaute,Parfum,61.01,2,0,Especes
2024-09-16,Agadir,D,T003167,C1035,M,34,Maison,Lampe,1046.64,3,0,En ligne
2024-10-06,Marrakech,E,T003168,C1112,M,24,Vetements,Chaussures,399.77,2,0,En ligne
2024-03-02,Fes,E,T003169,C1062,F,21,Beaute,Creme,590.9,1,0,Carte
2024-03-29,Casablanca,D,T003170,C1257,F,36,Sports,Raquette,510.38,2,0,Especes
2024-08-09,Casablanca,B,T003171,C1336,M,44,Sports,Velo appartement,1039.17,1,,Carte
2024-01-01,Fes,D,T003172,C1295,M,48,Electronique,Souris,1879.47,1,0,Carte
2024-03-03,Casablanca,D,T003173,C1130,M,16,Alimentation,Cafe,85.43,3,10,En ligne
2024-04-06,Agadir,D,T003174,C1032,F,38,Sports,Tapis Yoga,1357.67,1,10,Especes
2024-08-10,Marrakech,E,T003175,C1416,M,39,Alimentation,Pates,205.63,2,5,Especes
2024-06-06,Rabat,C,T003176,C1520,M,39,Sports,Chaussures Running,1208.57,4,0,Especes
2024-06-25,Casablanca,B,T003177,C1601,F,29,Alimentation,The,44.91,2,10,En ligne
2024-10-12,Marrakech,C,T003178,C1324,M,28,Maison,Miroir,630.45,1,15,En ligne
2024-08-30,Casablanca,E,T003179,C1088,F,36,Alimentation,Riz,94.33,1,0,CB
2024-09-06,Agadir,B,T003180,C1021,F,37,Sports,Raquette,1550.98,1,15,En ligne
2024-07-30,Fes,E,T003181,C1003,F,,Vetements,T-shirt,591.48,2,5,Carte
2024-09-17,Agadir,D,T003182,C1585,,32,Sports,Velo appartement,397.03,2,0,Especes
2024-07-14,Fes,E,T003183,C1043,F,28,Electronique,Tablette,2803.85,1,0,Carte
2024-03-23,Marrakech,B,T003184,C1115,F,27,Sports,Velo appartement,422.04,1,0,En ligne
2024-08-20,Agadir,D,T003185,C1478,F,,Alimentation,Huile,188.56,1,15,Carte
2024-08-05,Marrakech,C,T003186,C1525,M,52,Vetements,Jean,552.18,1,0,Carte
2024-05-14,Fes,B,T003187,C1260,M,38,Alimentation,Cafe,13.38,1,0,Especes
2024-10-06,Agadir,C,T003188,C1283,M,32,Alimentation,Pates,49.82,1,5,En ligne
2024-11-15,Tanger,C,T003189,C1287,M,59,Alimentation,Riz,203.02,2,0,En ligne
2024-12-16,Casablanca,A,T003190,C1334,M,26,Alimentation,Huile,26.82,1,0,Carte
2024-03-22,Tanger,A,T003191,C1657,F,19,Alimentation,Cafe,87.09,1,0,En ligne
2024-07-07,Rabat,C,T003192,C1481,M,25,Electronique,Ecouteurs,2607.36,2,0,Carte
2024-03-11,Tanger,D,T003193,C1385,M,32,Vetements,Chaussures,406.18,2,10,En ligne
2024-03-10,Tanger,D,T003194,C1309,F,22,Alimentation,Riz,49.36,3,0,Carte
2024-04-18,Rabat,A,T003195,C1151,F,28,Vetements,Veste,899.17,1,15,Especes
2024-08-29,Agadir,A,T003196,C1379,F,21,Maison,Table,1258.27,1,15,Carte
2024-03-16,Fes,B,T003197,C1064,F,37,Sports,Tapis Yoga,250.16,1,5,CB
2024-07-06,Agadir,D,T003198,C1194,M,28,Alimentation,The,42.42,1,,Especes
2024-11-27,Casablanca,E,T003199,C1483,F,43,Sports,Raquette,1564.68,1,5,En ligne
2024-07-03,Tanger,C,T003200,C1576,M,40,Maison,Table,827.21,2,15,En ligne
2024-07-18,Agadir,D,T003201,C1009,M,59,Vetements,Veste,655.79,1,0,Especes
2024-07-11,Rabat,D,T003202,C1425,M,25,Maison,Table,338.75,2,0,Especes
2024-07-23,Fes,E,T003203,C1495,M,31,Alimentation,Riz,112.06,2,0,En ligne
2024-11-29,Marrakech,D,T003204,C1366,M,19,Maison,Table,884.51,1,15,En ligne
2024-05-19,Fes,C,T003205,C1110,F,35,Alimentation,Pates,96.13,1,15,Carte
2024-08-07,Fes,E,T003206,C1557,M,51,Alimentation,Cereales,122.91,4,0,Especes
2024-03-15,Fes,C,T003207,C1611,F,30,Sports,Velo appartement,1071.76,1,0,Especes
2024-05-13,Agadir,A,T003208,C1261,F,31,Vetements,Veste,230.67,1,0,Carte
2024-12-14,Casablanca,D,T003209,C1332,F,28,Alimentation,Cereales,109.76,1,0,En ligne
2024-12-05,Agadir,D,T003210,C1428,M,29,Sports,Velo appartement,1540.03,2,10,Especes
2024-08-05,Tanger,C,T003211,C1539,F,50,Electronique,Tablette,2420.87,2,5,En ligne
2024-06-01,Rabat,A,T003212,C1338,M,43,Maison,Chaise,590.31,1,0,Carte
2024-01-30,Marrakech,E,T003213,C1148,M,31,Electronique,Smartphone,238.75,3,5,Especes
2024-02-11,Marrakech,D,T003214,C1106,F,20,Electronique,Ecouteurs,3122.01,1,0,En ligne
2024-10-14,Fes,C,T003215,C1392,M,34,Alimentation,The,185.32,2,0,En ligne
2024-10-12,Rabat,C,T003216,C1046,,46,Electronique,Souris,1560.02,2,0,Especes
2024-11-16,Casablanca,B,T003217,C1580,M,37,Sports,Tapis Yoga,732.04,1,0,Especes
2024-11-15,Agadir,B,T003218,C1063,M,44,Maison,Miroir,181.7,1,0,En ligne
2024-05-30,Tanger,B,T003219,C1477,F,31,Maison,Chaise,216.99,1,10,En ligne
2024-09-11,Marrakech,E,T003220,C1475,F,16,Beaute,Savon,518.83,2,0,En ligne
2024-09-22,Fes,C,T003221,C1181,M,24,Sports,Raquette,1483.6,1,0,Carte
2024-08-07,Fes,E,T003222,C1262,F,36,Vetements,Chaussures,122.01,1,0,En ligne
2024-10-15,Marrakech,C,T003223,C1239,F,42,Vetements,Sweat,664.44,1,10,Especes
2024-06-26,Fes,A,T003224,C1397,F,46,Maison,Chaise,1218.76,1,,Carte
2024-01-16,Fes,D,T003225,C1032,F,46,Alimentation,Huile,151.79,1,0,Carte
2024-10-20,Marrakech,B,T003226,C1645,M,32,Alimentation,The,94.62,2,0,Especes
2024-09-25,Marrakech,C,T003227,C1157,F,32,Beaute,Shampooing,518.14,1,0,Carte
2024-12-04,Rabat,A,T003228,C1082,F,43,Electronique,Casque,1979.99,1,0,Especes
2024-06-20,Agadir,D,T003229,C1157,M,30,Sports,Halteres,1341.23,2,0,En ligne
2024-06-30,Tanger,D,T003230,C1365,M,39,Electronique,Souris,2721.46,3,10,Especes
2024-05-29,Fes,D,T003231,C1344,F,43,Alimentation,Pates,115.85,2,0,En ligne
2024-03-13,Casablanca,E,T003232,C1217,M,27,Vetements,Jean,643.13,2,10,Carte
2024-01-03,Rabat,B,T003233,C1329,F,31,Sports,Chaussures Running,328.37,2,5,En ligne
2024-12-05,Rabat,C,T003234,C1524,M,30,Beaute,Parfum,662.46,1,5,En ligne
2024-10-13,Rabat,A,T003235,C1661,F,28,Alimentation,The,145.12,3,5,Carte
2024-03-19,Tanger,D,T003236,C1459,F,55,Maison,Miroir,787.74,3,0,En ligne
2024-03-26,Agadir,B,T003237,C1273,F,31,Electronique,Tablette,2288.14,1,0,Especes
2024-10-20,Rabat,E,T003238,C1461,M,27,Alimentation,Cafe,68.55,3,0,En ligne
2024-05-01,Tanger,E,T003239,C1171,M,62,Maison,Lampe,237.72,2,0,Especes
2024-11-13,Tanger,B,T003240,C1092,M,34,Beaute,Creme,592.79,1,0,Carte
2024-03-02,Tanger,A,T003241,C1085,M,30,Electronique,Ecouteurs,1488.57,1,0,Carte
2024-03-29,Fes,B,T003242,C1689,F,39,Electronique,Tablette,464.62,3,10,En ligne
2024-05-25,Fes,C,T003243,C1247,M,23,Vetements,Jean,263.64,1,0,En ligne
2024-05-01,Marrakech,B,T003244,C1462,F,46,Alimentation,Cereales,68.4,2,5,Especes
2024-10-14,Agadir,A,T003245,C1190,M,40,Electronique,Tablette,1680.84,1,10,Carte
2024-07-15,Casablanca,B,T003246,C1232,M,33,Sports,Ballon,1286.33,1,0,En-ligne
2024-09-02,Agadir,B,T003247,C1570,F,27,Alimentation,Cafe,146.69,2,0,Carte
2024-07-18,Casablanca,C,T003248,C1211,F,36,Sports,Halteres,309.79,1,0,En ligne
2024-02-05,Agadir,B,T003249,C1546,M,23,Alimentation,Cereales,74.77,1,0,En ligne
2024-10-18,Rabat,D,T003250,C1184,M,27,Maison,Tapis,1024.99,1,15,Carte
2024-07-21,Fes,C,T003251,C1154,F,50,Beaute,Parfum,457.73,2,10,Especes
2024-09-06,Marrakech,C,T003252,C1219,F,28,Electronique,Clavier,3238.4,1,0,Especes
2024-06-16,Tanger,E,T003253,C1663,F,39,Alimentation,The,70.53,2,0,CB
2024-01-04,Casablanca,D,T003254,C1599,M,48,Electronique,Clavier,1727.46,1,5,En ligne
2024-03-15,Rabat,E,T003255,C1228,M,16,Beaute,Savon,160.38,2,0,En ligne
2024-08-03,Marrakech,A,T003256,C1697,F,20,Electronique,Casque,2692.93,2,5,En ligne
2024-09-06,Marrakech,B,T003257,C1102,M,30,Electronique,Casque,1840.43,2,15,Especes
2024-01-20,Rabat,C,T003258,C1497,M,35,Electronique,Smartphone,314.54,2,,Especes
2024-01-07,Casablanca,D,T003259,C1119,F,58,Alimentation,Cereales,192.69,1,0,carte
2024-03-13,Marrakech,E,T003260,C1381,F,42,Alimentation,Huile,97.5,1,0,Especes
2024-03-03,Casablanca,D,T003261,C1611,M,18,Maison,Coussin,1018.45,2,15,Carte
2024-08-04,Fes,A,T003262,C1064,M,42,Beaute,Parfum,212.45,1,5,Carte
2024-07-05,Casablanca,A,T003263,C1499,M,47,Vetements,T-shirt,393.1,2,5,En ligne
2024-01-29,Casablanca,C,T003264,C1297,F,32,Sports,Velo appartement,818.19,1,0,En ligne
2024-09-01,Casablanca,D,T003265,C1471,M,31,Maison,Miroir,768.22,2,5,Carte
2024-01-29,Marrakech,C,T003266,C1457,F,30,Sports,Halteres,1308.35,1,0,Carte
2024-11-23,Marrakech,C,T003267,C1659,F,44,Alimentation,The,179.09,1,10,En ligne
2024-07-15,Rabat,C,T003268,C1397,F,43,Vetements,Veste,825.92,1,0,En ligne
2024-07-27,Tanger,B,T003269,C1325,F,40,Maison,Chaise,1327.25,1,0,Carte
2024-01-11,Tanger,A,T003270,C1630,M,43,Sports,Halteres,1106.78,1,0,Especes
2024-03-25,Marrakech,E,T003271,C1155,F,17,Maison,Coussin,715.78,2,0,Especes
2024-09-13,Rabat,C,T003272,C1132,F,42,Sports,Ballon,1136.47,1,0,Especes
2024-06-13,Marrakech,B,T003273,C1000,F,43,Electronique,Casque,692.3,2,0,Especes
2024-03-05,Casablanca,C,T003274,C1193,F,29,Vetements,T-shirt,321.16,2,10,Carte
2024-04-09,Fes,E,T003275,C1671,M,54,Electronique,Smartphone,2822.36,3,0,Carte
2024-04-04,Tanger,E,T003276,C1056,M,48,Electronique,Casque,2028.25,1,0,carte
2024-01-07,Tanger,B,T003277,C1074,M,32,Alimentation,Huile,174.97,1,0,Especes
2024-06-22,Marrakech,E,T003278,C1443,F,25,Beaute,Serum,130.17,1,10,En ligne
2024-03-31,Casablanca,E,T003279,C1338,F,32,Sports,Velo appartement,621.82,1,0,Especes
2024-07-26,Marrakech,D,T003280,C1281,M,22,Alimentation,Riz,198.6,4,5,Carte
2024-07-10,Marrakech,B,T003281,C1478,F,44,Beaute,Creme,362.53,1,0,En-ligne
2024-08-18,Agadir,A,T003282,C1494,M,45,Vetements,Jean,785.62,1,0,Especes
2024-09-22,Tanger,E,T003283,C1402,F,39,Sports,Raquette,840.45,2,10,Especes
2024-09-02,Marrakech,C,T003284,C1670,M,47,Alimentation,Cereales,86.05,3,0,CB
2024-01-30,Casablanca,C,T003285,C1367,F,44,Vetements,Jean,495.41,1,10,Carte
2024-04-26,Rabat,B,T003286,C1456,F,20,Maison,Coussin,217.12,1,5,En ligne
2024-06-16,Marrakech,A,T003287,C1486,M,52,Alimentation,Cereales,47.93,1,5,En ligne
2024-07-13,Agadir,C,T003288,C1497,F,16,Sports,Chaussures Running,1199.01,1,5,Especes
2024-07-03,Marrakech,B,T003289,C1612,M,43,Alimentation,Pates,101.7,1,,Especes
2024-01-16,Fes,D,T003290,C1434,M,33,Alimentation,Huile,214.04,1,0,Carte
2024-05-18,Rabat,C,T003291,C1665,M,27,Electronique,Souris,1992.27,1,0,Carte
2024-11-17,Marrakech,B,T003292,C1564,M,28,Sports,Halteres,535.82,2,10,En-ligne
2024-12-16,Casablanca,E,T003293,C1120,M,25,Electronique,Smartphone,3005.51,1,0,En ligne
2024-05-10,Marrakech,B,T003294,C1442,M,36,Beaute,Maquillage,561.09,1,5,En ligne
2024-06-22,Marrakech,E,T003295,C1629,F,27,Alimentation,Pates,183.79,1,10,Carte
2024-02-26,Agadir,D,T003296,C1317,M,36,Alimentation,Cereales,131.44,3,10,En ligne
2024-11-24,Agadir,D,T003297,C1046,F,37,Beaute,Creme,122.88,2,10,Especes
2024-06-26,Fes,B,T003298,C1359,M,27,Maison,Miroir,119.71,2,0,En ligne
2024-06-16,Marrakech,C,T003299,C1145,F,37,Sports,Ballon,412.35,3,,Especes
2024-07-26,Rabat,E,T003300,C1002,F,28,Beaute,Savon,286.1,2,0,En ligne
2024-12-09,Agadir,E,T003301,C1676,M,39,Vetements,T-shirt,745.55,2,0,En ligne
2024-01-18,Casablanca,D,T003302,C1259,F,19,Alimentation,Riz,138.1,1,0,Especes
2024-04-29,Tanger,B,T003303,C1528,M,26,Maison,Tapis,347.53,1,0,En ligne
2024-02-15,Marrakech,E,T003304,C1468,M,35,Electronique,Ecouteurs,629.27,1,5,Especes
2024-03-24,Tanger,C,T003305,C1493,M,42,Beaute,Creme,239.57,1,0,Carte
2024-05-04,Fes,E,T003306,C1610,F,28,Alimentation,Cafe,114.02,1,10,En ligne
2024-01-19,Fes,E,T003307,C1222,M,42,Electronique,Ecouteurs,378.73,1,0,En ligne
2024-12-28,Casablanca,A,T003308,C1121,F,32,Maison,Coussin,204.77,2,0,Carte
2024-07-26,Marrakech,D,T003309,C1623,F,,Electronique,Casque,1526.25,2,0,Especes
2024-01-11,Tanger,B,T003310,C1568,M,19,Alimentation,Cereales,12.96,1,5,Especes
2024-01-09,Fes,B,T003311,C1128,F,54,Alimentation,Cereales,200.83,2,0,Especes
2024-02-15,Rabat,D,T003312,C1151,F,37,Sports,Halteres,1779.19,3,10,Especes
2024-04-17,Agadir,C,T003313,C1433,F,38,Alimentation,Cafe,189.72,1,15,Especes
2024-09-10,Casablanca,A,T003314,C1690,F,31,Sports,Ballon,1382.08,1,5,CB
2024-01-21,Fes,B,T003315,C1306,F,46,Sports,Halteres,320.55,3,5,Especes
2024-10-12,Rabat,A,T003316,C1423,,28,Vetements,Chaussures,169.52,2,5,Especes
2024-02-09,Rabat,B,T003317,C1429,F,28,Sports,Tapis Yoga,1304.1,1,0,Carte
2024-07-11,Casablanca,D,T003318,C1366,F,32,Alimentation,Huile,170.18,2,0,Carte
2024-05-31,Rabat,A,T003319,C1042,M,37,Vetements,Veste,595.49,2,5,Carte
2024-11-28,Tanger,A,T003320,C1254,F,35,Maison,Miroir,931.9,1,0,Especes
2024-07-28,Marrakech,A,T003321,C1216,M,55,Alimentation,Cereales,196,1,5,Carte
2024-11-24,Casablanca,A,T003322,C1388,F,21,Sports,Raquette,468.72,1,10,Especes
2024-04-09,Rabat,B,T003323,C1269,M,23,Alimentation,Huile,209.11,2,10,En ligne
2024-02-27,Marrakech,E,T003324,C1352,M,42,Vetements,Chaussures,552.36,1,5,Especes
2024-05-11,Agadir,B,T003325,C1534,F,40,Maison,Lampe,329.9,1,0,Especes
2024-09-16,Rabat,E,T003326,C1458,F,,Vetements,Veste,702.14,1,0,Carte
2024-09-08,Marrakech,E,T003327,C1348,M,43,Electronique,Ecouteurs,3332.07,2,10,En ligne
2024-08-13,Casablanca,A,T003328,C1285,F,38,Electronique,Tablette,690.59,2,0,carte
2024-10-08,Agadir,D,T003329,C1644,M,42,Beaute,Parfum,594.61,1,0,Carte
2024-01-01,Fes,C,T003330,C1429,F,32,Beaute,Creme,190.32,2,0,En ligne
2024-04-07,Marrakech,E,T003331,C1366,M,29,Vetements,Jean,750.26,2,0,Especes
2024-01-15,Rabat,A,T003332,C1338,M,38,Sports,Chaussures Running,209.44,3,0,Carte
2024-09-06,Casablanca,C,T003333,C1209,M,35,Vetements,Chaussures,718.05,4,10,Especes
2024-06-01,Casablanca,E,T003334,C1308,M,17,Sports,Halteres,505.08,2,5,Carte
2024-01-22,Marrakech,E,T003335,C1034,M,35,Maison,Miroir,807.71,2,5,Especes
2024-04-01,Tanger,C,T003336,C1340,M,44,Electronique,Casque,2883.03,2,10,Carte
2024-12-18,Rabat,A,T003337,C1433,F,39,Sports,Ballon,1655.51,1,10,Especes
2024-01-18,Casablanca,D,T003338,C1067,M,44,Alimentation,Cafe,74.26,2,10,Especes
2024-01-31,Marrakech,B,T003339,C1346,F,,Sports,Tapis Yoga,846.39,2,0,En ligne
2024-08-19,Casablanca,A,T003340,C1195,M,31,Electronique,Casque,2648.18,1,0,Carte
2024-09-10,Fes,A,T003341,C1517,F,32,Alimentation,Riz,36.07,2,0,En ligne
2024-02-21,Rabat,C,T003342,C1307,F,38,Maison,Lampe,1271.03,1,5,En ligne
2024-04-28,Fes,B,T003343,C1550,M,37,Alimentation,The,218.7,2,5,Carte
2024-10-30,Marrakech,D,T003344,C1438,F,36,Beaute,Maquillage,41.5,3,10,Especes
2024-09-27,Marrakech,E,T003345,C1686,M,34,Beaute,Maquillage,497.08,1,0,Carte
2024-05-25,Casablanca,B,T003346,C1509,M,44,Sports,Velo appartement,961.73,3,10,Carte
2024-08-07,Fes,D,T003347,C1688,F,49,Sports,Ballon,1340.31,1,10,Especes
2024-10-02,Agadir,C,T003348,C1182,F,38,Sports,Halteres,1789.69,2,5,En ligne
2024-07-27,Tanger,A,T003349,C1673,M,26,Beaute,Serum,688.2,1,0,Carte
2024-04-07,Rabat,E,T003350,C1262,M,32,Sports,Ballon,445.33,2,0,En ligne
2024-05-02,Agadir,E,T003351,C1406,M,17,Beaute,Shampooing,611.05,1,5,En ligne
2024-08-26,Tanger,A,T003352,C1400,F,22,Vetements,T-shirt,640.16,1,5,Especes
2024-07-13,Fes,D,T003353,C1520,F,43,Alimentation,Cafe,184.89,2,0,Especes
2024-03-09,Agadir,C,T003354,C1425,M,46,Electronique,Ecouteurs,2533.58,1,10,Especes
2024-07-18,Agadir,A,T003355,C1422,F,46,Electronique,Casque,920.1,2,5,Carte
2024-04-22,Tanger,E,T003356,C1594,F,19,Alimentation,Riz,179.42,1,5,En ligne
2024-12-29,Rabat,A,T003357,C1135,F,35,Electronique,Smartphone,1558,3,0,Especes
2024-02-03,Casablanca,C,T003358,C1463,F,32,Maison,Coussin,921.77,3,5,Carte
2024-03-13,Rabat,E,T003359,C1406,F,29,Beaute,Shampooing,49.28,1,0,Carte
2024-10-31,Marrakech,D,T003360,C1657,M,61,Electronique,Smartphone,1074.01,1,0,Carte
2024-12-29,Casablanca,B,T003361,C1021,M,31,Vetements,Veste,292.08,1,10,En ligne
2024-07-25,Agadir,A,T003362,C1244,F,32,Maison,Tapis,651.67,1,0,Carte
2024-07-17,Casablanca,D,T003363,C1610,F,31,Beaute,Parfum,377.05,3,15,En ligne
2024-07-21,Marrakech,E,T003364,C1045,M,42,Electronique,Souris,1799.99,2,0,Carte
2024-01-06,Tanger,D,T003365,C1181,M,37,Vetements,T-shirt,268.44,1,,Especes
2024-03-03,Agadir,E,T003366,C1269,M,26,Maison,Lampe,520.27,3,15,Especes
2024-08-18,Rabat,A,T003367,C1460,F,32,Maison,Chaise,265.03,1,0,Carte
2024-02-20,Casablanca,D,T003368,C1018,F,19,Alimentation,Cereales,208.34,2,15,Especes
2024-03-26,Marrakech,E,T003369,C1286,F,29,Beaute,Savon,337.22,1,0,En ligne
2024-01-26,Agadir,C,T003370,C1411,F,29,Vetements,Chaussures,112.52,1,0,Carte
2024-12-24,Agadir,B,T003371,C1504,M,39,Alimentation,The,185.2,1,0,En-ligne
2024-06-06,Rabat,B,T003372,C1153,M,28,Alimentation,Pates,164.33,2,0,En ligne
2024-02-16,Fes,B,T003373,C1224,F,33,Maison,Tapis,833.26,1,0,Carte
2024-09-03,Agadir,A,T003374,C1624,F,26,Alimentation,Riz,90.87,3,0,Carte
2024-08-20,Agadir,A,T003375,C1264,M,28,Alimentation,Pates,162.59,1,10,En ligne
2024-05-20,Marrakech,B,T003376,C1599,F,55,Alimentation,Huile,82.84,2,0,Especes
2024-12-31,Rabat,B,T003377,C1051,F,,Electronique,Tablette,2271.03,2,15,Carte
2024-03-18,Agadir,D,T003378,C1696,M,51,Alimentation,Pates,153.56,1,0,Especes
2024-05-13,Rabat,D,T003379,C1043,F,54,Beaute,Shampooing,168.71,1,0,En ligne
2024-05-08,Casablanca,C,T003380,C1437,F,40,Alimentation,Pates,61.98,1,,En-ligne
2024-09-09,Marrakech,D,T003381,C1080,F,39,Beaute,Shampooing,128.34,2,0,En ligne
2024-04-03,Agadir,E,T003382,C1384,F,31,Alimentation,The,70.08,3,15,En ligne
2024-05-31,Casablanca,E,T003383,C1379,F,38,Maison,Table,849.06,1,0,Carte
2024-09-03,Fes,E,T003384,C1342,M,31,Beaute,Maquillage,117.6,1,5,Especes
2024-09-27,Fes,E,T003385,C1172,,40,Beaute,Serum,461.13,2,0,Especes
2024-05-24,Tanger,A,T003386,C1247,F,42,Beaute,Serum,698.89,1,10,Carte
2024-08-27,Fes,A,T003387,C1497,M,37,Sports,Chaussures Running,1761.37,1,0,En ligne
2024-01-08,Casablanca,D,T003388,C1209,M,49,Sports,Chaussures Running,1033.7,1,5,En ligne
2024-09-02,Rabat,D,T003389,C1247,M,26,Sports,Tapis Yoga,951.43,1,0,Especes
2024-05-23,Fes,B,T003390,C1249,F,35,Vetements,Sweat,798.37,2,0,Especes
2024-11-25,Casablanca,A,T003391,C1626,F,33,Alimentation,Huile,60.93,3,0,Carte
2024-05-22,Marrakech,C,T003392,C1683,M,35,Sports,Halteres,1646.98,1,15,Carte
2024-12-21,Fes,B,T003393,C1024,M,37,Vetements,Robe,641.91,1,0,Carte
2024-11-14,Marrakech,C,T003394,C1177,M,16,Vetements,Sweat,488.74,1,0,En ligne
2024-07-04,Agadir,C,T003395,C1051,M,46,Beaute,Savon,540.56,1,0,En ligne
2024-07-18,Tanger,D,T003396,C1038,M,22,Electronique,Smartphone,1114.31,1,0,En-ligne
2024-01-04,Marrakech,D,T003397,C1445,M,27,Beaute,Creme,369.61,1,,En ligne
2024-11-10,Tanger,D,T003398,C1095,M,40,Sports,Raquette,447.69,1,10,Carte
2024-09-22,Casablanca,D,T003399,C1383,F,46,Maison,Miroir,301.5,3,15,En ligne
2024-12-28,Tanger,A,T003400,C1526,,35,Alimentation,Pates,71.71,2,5,En ligne
2024-08-09,Fes,D,T003401,C1663,M,21,Alimentation,Cafe,99.91,1,0,Carte
2024-06-29,Marrakech,B,T003402,C1269,F,40,Vetements,Veste,389.35,1,0,Carte
2024-01-08,Fes,B,T003403,C1029,M,31,Sports,Velo appartement,1265,1,5,carte
2024-03-01,Tanger,B,T003404,C1385,F,35,Beaute,Parfum,514.53,1,10,En-ligne
2024-04-04,Agadir,C,T003405,C1619,M,48,Alimentation,Pates,156.88,1,15,Especes
2024-09-21,Agadir,A,T003406,C1113,M,31,Alimentation,Cafe,124.31,4,0,En ligne
2024-07-02,Marrakech,B,T003407,C1065,M,34,Alimentation,Pates,47.52,3,5,CB
2024-04-24,Fes,E,T003408,C1412,,31,Vetements,Robe,729.31,2,0,En ligne
2024-10-22,Casablanca,D,T003409,C1517,F,46,Electronique,Smartphone,839.42,1,10,Especes
2024-09-21,Casablanca,C,T003410,C1210,M,43,Beaute,Shampooing,122.68,1,10,Especes
2024-05-25,Marrakech,C,T003411,C1519,M,47,Maison,Tapis,395.73,2,10,Especes
2024-11-26,Rabat,B,T003412,C1264,M,,Electronique,Casque,406.59,1,10,En ligne
2024-09-11,Fes,C,T003413,C1623,F,48,Alimentation,Huile,154.63,1,0,Carte
2024-07-12,Casablanca,B,T003414,C1577,F,30,Vetements,Sweat,342.01,2,10,Especes
2024-05-13,Fes,C,T003415,C1642,M,38,Vetements,Sweat,728.84,2,0,En ligne
2024-10-07,Casablanca,D,T003416,C1506,F,28,Alimentation,Cafe,87.36,2,0,Especes
2024-02-25,Rabat,B,T003417,C1261,M,30,Sports,Velo appartement,299.62,1,15,Carte
2024-07-04,Rabat,A,T003418,C1619,F,30,Sports,Velo appartement,925.93,1,0,Carte
2024-11-28,Rabat,D,T003419,C1371,F,38,Beaute,Maquillage,194.8,2,0,Especes
2024-11-28,Rabat,A,T003420,C1248,F,29,Alimentation,Cafe,125.84,3,10,En ligne
2024-04-12,Agadir,B,T003421,C1454,F,37,Vetements,Jean,217.08,2,0,En ligne
2024-04-17,Rabat,E,T003422,C1211,M,37,Maison,Chaise,1229.19,1,0,Especes
2024-09-06,Marrakech,E,T003423,C1326,M,36,Sports,Halteres,357.77,1,5,Especes
2024-06-07,Agadir,B,T003424,C1180,F,43,Electronique,Clavier,1890.69,3,0,Carte
2024-12-15,Tanger,E,T003425,C1210,F,,Electronique,Casque,1450.58,3,10,En ligne
2024-07-05,Agadir,E,T003426,C1503,F,36,Beaute,Maquillage,147.01,2,5,En ligne
2024-01-15,Fes,A,T003427,C1651,M,,Sports,Raquette,444.06,1,0,Carte
2024-10-31,Tanger,B,T003428,C1644,M,31,Vetements,Jean,800.61,2,0,Carte
2024-09-25,Tanger,E,T003429,C1352,F,28,Vetements,T-shirt,286.68,1,15,Especes
2024-09-21,Fes,E,T003430,C1169,F,35,Vetements,Sweat,599.44,1,0,Carte
2024-03-19,Fes,C,T003431,C1450,,38,Alimentation,Cereales,111.45,2,5,Carte
2024-03-08,Casablanca,B,T003432,C1154,F,45,Beaute,Creme,560.87,2,15,Carte
2024-01-22,Tanger,A,T003433,C1658,M,57,Electronique,Ecouteurs,2854.81,2,5,Especes
2024-06-29,Fes,C,T003434,C1688,F,33,Vetements,Jean,792.72,1,0,En ligne
2024-09-11,Rabat,D,T003435,C1550,M,41,Vetements,Sweat,645.39,1,15,Especes
2024-10-31,Casablanca,C,T003436,C1624,F,33,Vetements,Veste,466.68,1,0,Carte
2024-12-17,Agadir,D,T003437,C1336,F,35,Alimentation,Cereales,17.65,1,0,En ligne
2024-07-08,Rabat,B,T003438,C1424,M,23,Beaute,Shampooing,351,2,0,Especes
2024-05-12,Casablanca,A,T003439,C1182,F,44,Vetements,T-shirt,505.96,1,10,Especes
2024-02-04,Tanger,D,T003440,C1180,M,32,Sports,Halteres,212.55,2,5,Especes
2024-02-26,Casablanca,D,T003441,C1656,F,34,Sports,Tapis Yoga,865.76,1,10,En ligne
2024-01-24,Tanger,B,T003442,C1029,M,32,Vetements,Sweat,283.69,1,15,Carte
2024-07-05,Marrakech,B,T003443,C1198,F,40,Electronique,Souris,2272.25,1,10,Carte
2024-05-13,Rabat,B,T003444,C1541,M,42,Alimentation,Riz,183.34,1,0,Especes
2024-03-01,Rabat,E,T003445,C1279,M,36,Sports,Velo appartement,786.1,1,5,En ligne
2024-12-05,Agadir,D,T003446,C1302,M,35,Electronique,Casque,2946.42,1,10,Carte
2024-03-02,Tanger,B,T003447,C1641,F,28,Electronique,Tablette,3076.34,1,0,Carte
2024-06-18,Marrakech,C,T003448,C1517,M,29,Vetements,Veste,740.58,1,0,Carte
2024-11-17,Marrakech,A,T003449,C1623,F,39,Electronique,Ecouteurs,2926.52,2,0,Carte
2024-10-04,Rabat,B,T003450,C1501,F,33,Beaute,Maquillage,410.52,1,0,En ligne
2024-11-16,Fes,A,T003451,C1633,M,29,Vetements,Chaussures,160.39,1,0,En ligne
2024-02-23,Agadir,D,T003452,C1458,F,41,Electronique,Smartphone,512.96,1,0,Especes
2024-01-01,Fes,A,T003453,C1622,F,34,Sports,Ballon,583.4,1,0,Carte
2024-07-07,Fes,A,T003454,C1492,F,34,Beaute,Parfum,130.1,3,10,En ligne
2024-03-24,Marrakech,A,T003455,C1068,M,18,Maison,Tapis,417.9,1,0,Carte
2024-04-01,Casablanca,B,T003456,C1587,M,37,Alimentation,Huile,144.47,1,10,En ligne
2024-01-03,Casablanca,C,T003457,C1066,M,31,Alimentation,Cafe,85.39,1,5,Especes
2024-04-04,Tanger,B,T003458,C1434,M,18,Beaute,Serum,494.91,1,0,Carte
2024-05-08,Casablanca,A,T003459,C1146,F,33,Sports,Raquette,538.39,2,0,Carte
2024-12-05,Rabat,E,T003460,C1197,M,23,Electronique,Clavier,3221.78,1,0,CB
2024-12-28,Agadir,D,T003461,C1387,F,32,Beaute,Maquillage,352.21,2,0,En ligne
2024-06-18,Marrakech,B,T003462,C1029,M,35,Maison,Coussin,207.61,1,10,Especes
2024-07-06,Casablanca,E,T003463,C1631,M,31,Electronique,Souris,1068.16,2,0,carte
2024-04-21,Agadir,B,T003464,C1288,F,38,Electronique,Souris,1383.22,1,0,En ligne
2024-09-19,Fes,A,T003465,C1222,F,46,Vetements,Sweat,409.97,1,0,Especes
2024-08-26,Tanger,E,T003466,C1376,M,32,Maison,Chaise,1072.59,1,0,Especes
2024-08-20,Casablanca,B,T003467,C1572,M,31,Sports,Halteres,962.48,1,10,En ligne
2024-04-16,Casablanca,E,T003468,C1625,F,23,Vetements,Veste,114.48,2,10,Especes
2024-07-22,Tanger,C,T003469,C1532,M,,Sports,Raquette,1620.61,2,,Carte
2024-12-13,Tanger,D,T003470,C1108,F,24,Vetements,Sweat,766.65,1,0,Carte
2024-06-24,Marrakech,B,T003471,C1360,F,33,Electronique,Casque,1029.62,1,,Especes
2024-01-19,Fes,A,T003472,C1133,M,40,Electronique,Ecouteurs,1177.78,1,0,Carte
2024-02-22,Tanger,D,T003473,C1005,,39,Beaute,Creme,696.38,1,5,Carte
2024-07-25,Agadir,C,T003474,C1655,M,34,Vetements,Jean,884.47,1,0,Especes
2024-09-02,Casablanca,B,T003475,C1603,F,26,Alimentation,Huile,109,1,10,En ligne
2024-11-14,Tanger,A,T003476,C1617,F,43,Sports,Chaussures Running,1543.79,1,0,Especes
2024-07-14,Casablanca,D,T003477,C1643,M,42,Electronique,Tablette,595.12,2,15,En ligne
2024-02-05,Tanger,A,T003478,C1407,F,43,Alimentation,Huile,106.12,1,5,Especes
2024-04-24,Fes,E,T003479,C1033,M,52,Alimentation,Pates,167.61,1,0,Carte
2024-08-15,Fes,D,T003480,C1215,,42,Beaute,Serum,497.18,1,5,Carte
2024-01-28,Rabat,D,T003481,C1166,M,39,Maison,Miroir,390.18,1,0,En-ligne
2024-07-23,Rabat,C,T003482,C1333,F,45,Alimentation,Cafe,137.09,2,0,Especes
2024-07-11,Fes,A,T003483,C1608,M,40,Alimentation,Riz,27.55,1,5,Carte
2024-12-10,Marrakech,A,T003484,C1450,M,,Electronique,Ecouteurs,3272.96,2,0,Carte
2024-02-11,Rabat,D,T003485,C1249,M,39,Alimentation,Cafe,168.39,2,0,En ligne
2024-04-15,Rabat,E,T003486,C1366,M,25,Vetements,Jean,717.56,1,10,En ligne
2024-06-06,Fes,E,T003487,C1508,M,,Alimentation,Cereales,135.34,1,0,Especes
2024-10-27,Agadir,D,T003488,C1343,F,22,Sports,Tapis Yoga,1384.72,3,10,En-ligne
2024-10-25,Rabat,A,T003489,C1416,M,27,Beaute,Serum,617.59,1,10,Carte
2024-09-20,Casablanca,A,T003490,C1530,M,17,Vetements,T-shirt,151.59,1,5,En ligne
2024-03-08,Casablanca,D,T003491,C1672,M,30,Electronique,Tablette,2402.99,1,10,Carte
2024-04-20,Tanger,E,T003492,C1459,M,37,Maison,Miroir,579.94,1,0,Especes
2024-12-24,Casablanca,B,T003493,C1177,M,36,Alimentation,Cafe,38.44,2,,Carte
2024-08-15,Marrakech,B,T003494,C1311,F,21,Sports,Ballon,1529.29,3,0,Carte
2024-03-01,Tanger,D,T003495,C1294,M,16,Sports,Ballon,1424.83,2,0,Carte
2024-04-29,Rabat,A,T003496,C1260,M,31,Beaute,Savon,428.85,2,0,Carte
2024-09-22,Tanger,E,T003497,C1203,M,18,Maison,Coussin,1161.92,2,5,En ligne
2024-12-09,Tanger,A,T003498,C1004,M,35,Vetements,T-shirt,288.06,1,10,Carte
2024-01-14,Rabat,B,T003499,C1279,F,26,Alimentation,Riz,165.44,2,0,En ligne
2024-01-25,Tanger,A,T003500,C1423,M,28,Maison,Table,364.42,2,5,Carte
2024-03-14,Fes,D,T002867,C1530,F,35,Sports,Tapis Yoga,587.27,1,0,En-ligne
2024-06-23,Agadir,A,T002475,C1630,M,37,Vetements,T-shirt,644.86,1,0,Carte
2024-11-09,Casablanca,B,T001552,C1214,F,16,Electronique,Clavier,3133.11,1,0,Carte
2024-10-02,Agadir,C,T000598,C1318,M,34,Alimentation,Pates,200.41,2,5,Especes
2024-05-13,Agadir,A,T003208,C1261,F,31,Vetements,Veste,230.67,1,0,Carte
2024-10-20,Agadir,B,T000529,C1420,F,34,Alimentation,The,34.73,1,10,Carte
2024-03-25,Fes,D,T002156,C1036,F,40,Maison,Miroir,601.07,1,0,Carte
2024-06-20,Marrakech,B,T000528,C1582,M,42,Sports,Chaussures Running,881.54,1,10,Especes
2024-11-14,Casablanca,E,T001251,C1442,F,24,Maison,Tapis,385.03,1,0,Carte
2024-10-31,Casablanca,C,T001285,C1169,M,34,Alimentation,Cafe,164.97,2,0,Carte
2024-11-08,Rabat,D,T000255,C1475,F,24,Vetements,T-shirt,685.12,2,5,Carte
2024-03-29,Marrakech,E,T001888,C1631,M,35,Electronique,Souris,1481.26,1,0,Carte
2024-11-01,Fes,B,T001720,C1269,F,25,Electronique,Clavier,1646.68,1,15,Carte
2024-07-24,Tanger,D,T001148,C1442,F,48,Electronique,Smartphone,2357.4,1,0,Carte
2024-06-24,Agadir,E,T001615,C1099,M,23,Vetements,Jean,148.98,1,15,En ligne
